#1
double data(8760,4)
#Time [s], Belpex electricity price [Euro/MWh], Dynamic consumer price [Euro/MWh], Dynamic injection price [Euro/MWh]
0, 0.100000, 95.531800, 0.000000
3600, 0.100000, 95.531800, 0.000000
7200, 0.010000, 95.440000, 0.000000
10800, 0.000000, 95.429800, 0.000000
14400, -0.010000, 95.419600, 0.000000
18000, -0.030000, 95.399200, 0.000000
21600, -0.020000, 95.409400, 0.000000
25200, -0.050000, 95.378800, 0.000000
28800, -0.020000, 95.409400, 0.000000
32400, 0.000000, 95.429800, 0.000000
36000, 0.040000, 95.470600, 0.000000
39600, 0.060000, 95.491000, 0.000000
43200, 0.540000, 95.980600, 0.000000
46800, 2.240000, 97.714600, 0.000000
50400, 2.000000, 97.469800, 0.000000
54000, 1.350000, 96.806800, 0.000000
57600, 4.129999, 99.642399, 0.000000
61200, 27.960001, 123.949001, 10.649801
64800, 50.370012, 146.807212, 32.611612
68400, 53.759988, 150.264988, 35.933788
72000, 56.769984, 153.335184, 38.883584
75600, 51.400008, 147.857808, 33.621008
79200, 35.390002, 131.527602, 17.931202
82800, 40.740012, 136.984612, 23.174212
86400, 35.550000, 131.690800, 18.088000
90000, 23.919998, 119.828198, 6.690598
93600, 17.700001, 113.483801, 0.595001
97200, 12.390001, 108.067601, 0.000000
100800, 7.350001, 102.926801, 0.000000
104400, 4.190000, 99.703600, 0.000000
108000, 4.749998, 100.274798, 0.000000
111600, 31.590000, 127.651600, 14.207200
115200, 49.960008, 146.389008, 32.209808
118800, 58.460004, 155.059004, 40.539804
122400, 59.050008, 155.660808, 41.118008
126000, 68.649984, 165.452784, 50.525984
129600, 74.180016, 171.093416, 55.945416
133200, 65.019996, 161.750196, 46.968596
136800, 64.710000, 161.434000, 46.664800
140400, 66.740004, 163.504604, 48.654204
144000, 64.429992, 161.148392, 46.390392
147600, 65.040012, 161.770612, 46.988212
151200, 73.850004, 170.756804, 55.622004
154800, 66.620016, 163.382216, 48.536616
158400, 64.360008, 161.077008, 46.321808
162000, 60.000012, 156.629812, 42.049012
165600, 49.500000, 145.919800, 31.759000
169200, 44.190000, 140.503600, 26.555200
172800, 26.830001, 122.796401, 9.542401
176400, 0.000000, 95.429800, 0.000000
180000, -1.230000, 94.175200, 0.000000
183600, -1.260000, 94.144600, 0.000000
187200, -1.310000, 94.093600, 0.000000
190800, -1.390000, 94.012000, 0.000000
194400, -1.260000, 94.144600, 0.000000
198000, 2.580000, 98.061400, 0.000000
201600, 40.799988, 137.045788, 23.232988
205200, 62.560008, 159.241008, 44.557808
208800, 67.389984, 164.167584, 49.291184
212400, 62.920008, 159.608208, 44.910608
216000, 58.839984, 155.446584, 40.912184
219600, 55.940004, 152.488604, 38.070204
223200, 56.180016, 152.733416, 38.305416
226800, 60.909984, 157.557984, 42.940784
230400, 68.720004, 165.524204, 50.594604
234000, 71.560008, 168.421008, 53.377808
237600, 85.719996, 182.864196, 67.254596
241200, 92.379996, 189.657396, 73.781396
244800, 86.069988, 183.221188, 67.597588
248400, 73.230012, 170.124412, 55.014412
252000, 67.410000, 164.188000, 49.310800
255600, 65.000016, 161.729816, 46.949016
259200, 58.119984, 154.712184, 40.206584
262800, 57.300012, 153.875812, 39.403012
266400, 50.460012, 146.899012, 32.699812
270000, 39.999996, 136.229796, 22.448996
273600, 25.480001, 121.419401, 8.219401
277200, 34.999999, 131.129799, 17.548999
280800, 57.729996, 154.314396, 39.824396
284400, 72.650016, 169.532816, 54.446016
288000, 85.020012, 182.150212, 66.568612
291600, 91.469988, 188.729188, 72.889588
295200, 94.200012, 191.513812, 75.565012
298800, 91.590012, 188.851612, 73.007212
302400, 90.000000, 187.229800, 71.449000
306000, 86.259996, 183.414996, 67.783796
309600, 85.960008, 183.109008, 67.489808
313200, 92.109996, 189.381996, 73.516796
316800, 98.619984, 196.022184, 79.896584
320400, 101.930004, 199.398404, 83.140404
324000, 121.219992, 219.074192, 102.044592
327600, 129.279996, 227.295396, 109.943396
331200, 110.949984, 208.598784, 91.979984
334800, 96.940008, 194.308608, 78.250208
338400, 88.499988, 185.699788, 69.978988
342000, 85.070016, 182.201216, 66.617616
345600, 87.670008, 184.853208, 69.165608
349200, 86.079996, 183.231396, 67.607396
352800, 80.510004, 177.550004, 62.148804
356400, 77.010012, 173.980012, 58.718812
360000, 71.700012, 168.563812, 53.515012
363600, 66.340008, 163.096608, 48.262208
367200, 71.420004, 168.278204, 53.240604
370800, 77.299992, 174.275792, 59.002992
374400, 87.599988, 184.781788, 69.096988
378000, 90.140004, 187.372604, 71.586204
381600, 95.119992, 192.452192, 76.466592
385200, 96.320016, 193.676216, 77.642616
388800, 98.229996, 195.624396, 79.514396
392400, 92.400012, 189.677812, 73.801012
396000, 91.919988, 189.188188, 73.330588
399600, 96.869988, 194.237188, 78.181588
403200, 100.460016, 197.899016, 81.699816
406800, 103.330008, 200.826408, 84.512408
410400, 107.650008, 205.232808, 88.746008
414000, 108.579996, 206.181396, 89.657396
417600, 104.150016, 201.662816, 85.316016
421200, 100.280016, 197.715416, 81.523416
424800, 94.290012, 191.605612, 75.653212
428400, 94.920012, 192.248212, 76.270612
432000, 86.799996, 183.965796, 68.312996
435600, 82.249992, 179.324792, 63.853992
439200, 80.200008, 177.233808, 61.845008
442800, 76.129992, 173.082392, 57.856392
446400, 73.010016, 169.900016, 54.798816
450000, 73.010016, 169.900016, 54.798816
453600, 74.589984, 171.511584, 56.347184
457200, 75.099996, 172.031796, 56.846996
460800, 81.389988, 178.447588, 63.011188
464400, 88.400016, 185.597816, 69.881016
468000, 92.229984, 189.504384, 73.634384
471600, 97.300008, 194.675808, 78.603008
475200, 100.419984, 197.858184, 81.660584
478800, 99.159984, 196.572984, 80.425784
482400, 92.199996, 189.473796, 73.604996
486000, 92.109996, 189.381996, 73.516796
489600, 90.420012, 187.658212, 71.860612
493200, 91.329984, 188.586384, 72.752384
496800, 104.410008, 201.928008, 85.570808
500400, 103.629996, 201.132396, 84.806396
504000, 99.000000, 196.409800, 80.269000
507600, 92.139984, 189.412584, 73.546184
511200, 87.999984, 185.189784, 69.488984
514800, 86.569992, 183.731192, 68.087592
518400, 79.869996, 176.897196, 61.521596
522000, 84.080016, 181.191416, 65.647416
525600, 79.819992, 176.846192, 61.472592
529200, 76.759992, 173.724992, 58.473792
532800, 73.460016, 170.359016, 55.239816
536400, 71.859996, 168.726996, 53.671796
540000, 72.079992, 168.951392, 53.887392
543600, 74.900016, 171.827816, 56.651016
547200, 77.690016, 174.673616, 59.385216
550800, 81.789984, 178.855584, 63.403184
554400, 84.859992, 181.986992, 66.411792
558000, 87.140016, 184.312616, 68.646216
561600, 89.129988, 186.342388, 70.596388
565200, 88.660008, 185.863008, 70.135808
568800, 84.809988, 181.935988, 66.362788
572400, 84.340008, 181.456608, 65.902208
576000, 88.009992, 185.199992, 69.498792
579600, 93.420000, 190.718200, 74.800600
583200, 101.769984, 199.235184, 82.983584
586800, 104.850000, 202.376800, 86.002000
590400, 103.550004, 201.050804, 84.728004
594000, 100.500012, 197.939812, 81.739012
597600, 93.309984, 190.605984, 74.692784
601200, 91.170000, 188.423200, 72.595600
604800, 83.859984, 180.966984, 65.431784
608400, 87.030000, 184.200400, 68.538400
612000, 84.300012, 181.415812, 65.863012
615600, 81.690012, 178.753612, 63.305212
619200, 78.969996, 175.979196, 60.639596
622800, 78.459984, 175.458984, 60.139784
626400, 82.100016, 179.171816, 63.707016
630000, 94.299984, 191.615784, 75.662984
633600, 111.080016, 208.731416, 92.107416
637200, 121.110012, 218.962012, 101.936812
640800, 117.830016, 215.616416, 98.722416
644400, 110.589984, 208.231584, 91.627184
648000, 102.999996, 200.489796, 84.188996
651600, 95.460012, 192.799012, 76.799812
655200, 94.579992, 191.901392, 75.937392
658800, 100.000008, 197.429808, 81.249008
662400, 107.979984, 205.569384, 89.069384
666000, 116.809992, 214.575992, 97.722792
669600, 129.189996, 227.203596, 109.855196
673200, 129.989988, 228.019588, 110.639188
676800, 121.849992, 219.716792, 102.661992
680400, 114.159996, 211.872996, 95.125796
684000, 102.480012, 199.959412, 83.679412
687600, 99.749988, 197.174788, 81.003988
691200, 91.490004, 188.749604, 72.909204
694800, 84.510000, 181.630000, 66.068800
698400, 83.289996, 180.385596, 64.873196
702000, 84.999996, 182.129796, 66.548996
705600, 83.890008, 180.997608, 65.461208
709200, 82.450008, 179.528808, 64.050008
712800, 88.290000, 185.485600, 69.773200
716400, 99.830016, 197.256416, 81.082416
720000, 112.160016, 209.833016, 93.165816
723600, 130.500000, 228.539800, 111.139000
727200, 120.690000, 218.533600, 101.525200
730800, 109.080000, 206.691400, 90.147400
734400, 102.099996, 199.571796, 83.306996
738000, 92.220012, 189.494212, 73.624612
741600, 92.109996, 189.381996, 73.516796
745200, 101.189988, 198.643588, 82.415188
748800, 112.349988, 210.026788, 93.351988
752400, 122.379984, 220.257384, 103.181384
756000, 137.099988, 235.271788, 117.606988
759600, 136.699992, 234.863792, 117.214992
763200, 129.740004, 227.764604, 110.394204
766800, 116.340012, 214.096612, 97.262212
770400, 105.570000, 203.111200, 86.707600
774000, 98.399988, 195.797788, 79.680988
777600, 93.690000, 190.993600, 75.065200
781200, 83.000016, 180.089816, 64.589016
784800, 86.760000, 183.925000, 68.273800
788400, 86.730012, 183.894412, 68.244412
792000, 84.060000, 181.171000, 65.627800
795600, 84.179988, 181.293388, 65.745388
799200, 84.639996, 181.762596, 66.196196
802800, 99.029988, 196.440388, 80.298388
806400, 115.350012, 213.086812, 96.292012
810000, 138.089988, 236.281588, 118.577188
813600, 130.389984, 228.427584, 111.031184
817200, 116.309988, 214.065988, 97.232788
820800, 109.130004, 206.742404, 90.196404
824400, 99.000000, 196.409800, 80.269000
828000, 98.799984, 196.205784, 80.072984
831600, 102.380004, 199.857404, 83.581404
835200, 117.489996, 215.269596, 98.389196
838800, 132.230016, 230.304416, 112.834416
842400, 143.790012, 242.095612, 124.163212
846000, 140.000004, 238.229804, 120.449004
849600, 132.149988, 230.222788, 112.755988
853200, 119.999988, 217.829788, 100.848988
856800, 106.729992, 204.294392, 87.844392
860400, 99.600012, 197.021812, 80.857012
864000, 90.929988, 188.178388, 72.360388
867600, 91.749996, 189.014796, 73.163996
871200, 88.589988, 185.791588, 70.067188
874800, 87.249996, 184.424796, 68.753996
878400, 82.379988, 179.457388, 63.981388
882000, 80.719992, 177.764192, 62.354592
885600, 85.650012, 182.792812, 67.186012
889200, 97.880004, 195.267404, 79.171404
892800, 116.870004, 214.637204, 97.781604
896400, 141.000012, 239.249812, 121.429012
900000, 129.160008, 227.173008, 109.825808
903600, 113.649984, 211.352784, 94.625984
907200, 106.480008, 204.039408, 87.599408
910800, 99.380016, 196.797416, 80.641416
914400, 99.000000, 196.409800, 80.269000
918000, 105.980004, 203.529404, 87.109404
921600, 115.380000, 213.117400, 96.321400
925200, 118.569996, 216.371196, 99.447596
928800, 136.429992, 234.588392, 116.950392
932400, 136.699992, 234.863792, 117.214992
936000, 132.310008, 230.386008, 112.912808
939600, 117.900000, 215.687800, 98.791000
943200, 107.190000, 204.763600, 88.295200
946800, 100.000008, 197.429808, 81.249008
950400, 91.220004, 188.474204, 72.644604
954000, 87.919992, 185.108192, 69.410592
957600, 85.539996, 182.680596, 67.078196
961200, 84.859992, 181.986992, 66.411792
964800, 82.069992, 179.141192, 63.677592
968400, 82.209996, 179.283996, 63.814796
972000, 83.170008, 180.263208, 64.755608
975600, 88.959996, 186.168996, 70.429796
979200, 118.299996, 216.095796, 99.182996
982800, 140.739984, 238.984584, 121.174184
986400, 134.960004, 233.089004, 115.509804
990000, 122.010012, 219.880012, 102.818812
993600, 114.729984, 212.454384, 95.684384
997200, 106.980012, 204.549412, 88.089412
1000800, 103.079988, 200.571388, 84.267388
1004400, 104.540004, 202.060604, 85.698204
1008000, 110.000016, 207.629816, 91.049016
1011600, 119.999988, 217.829788, 100.848988
1015200, 127.500012, 225.479812, 108.199012
1018800, 126.000000, 223.949800, 106.729000
1022400, 119.469996, 217.289196, 100.329596
1026000, 111.009996, 208.659996, 92.038796
1029600, 104.730012, 202.254412, 85.884412
1033200, 101.030004, 198.480404, 82.258404
1036800, 93.020004, 190.310204, 74.408604
1040400, 90.000000, 187.229800, 71.449000
1044000, 87.490008, 184.669608, 68.989208
1047600, 82.000008, 179.069808, 63.609008
1051200, 78.469992, 175.469192, 60.149592
1054800, 74.999988, 171.929788, 56.748988
1058400, 74.959992, 171.888992, 56.709792
1062000, 78.199992, 175.193792, 59.884992
1065600, 88.319988, 185.516188, 69.802588
1069200, 98.280000, 195.675400, 79.563400
1072800, 107.799984, 205.385784, 88.892984
1076400, 101.639988, 199.102588, 82.856188
1080000, 99.119988, 196.532188, 80.386588
1083600, 75.989988, 172.939588, 57.719188
1087200, 74.769984, 171.695184, 56.523584
1090800, 75.219984, 172.154184, 56.964584
1094400, 82.469988, 179.549188, 64.069588
1098000, 99.299988, 196.715788, 80.562988
1101600, 111.060000, 208.711000, 92.087800
1105200, 127.249992, 225.224792, 107.953992
1108800, 121.269996, 219.125196, 102.093596
1112400, 117.000000, 214.769800, 97.909000
1116000, 104.119992, 201.632192, 85.286592
1119600, 113.709996, 211.413996, 94.684796
1123200, 90.699984, 187.943784, 72.134984
1126800, 99.299988, 196.715788, 80.562988
1130400, 98.820000, 196.226200, 80.092600
1134000, 87.500016, 184.679816, 68.999016
1137600, 79.120008, 176.132208, 60.786608
1141200, 74.900016, 171.827816, 56.651016
1144800, 78.639984, 175.642584, 60.316184
1148400, 71.359992, 168.216992, 53.181792
1152000, 76.299984, 173.255784, 58.022984
1155600, 78.040008, 175.030608, 59.728208
1159200, 87.379992, 184.557392, 68.881392
1162800, 93.899988, 191.207788, 75.270988
1166400, 95.500008, 192.839808, 76.839008
1170000, 87.950016, 185.138816, 69.440016
1173600, 77.040000, 174.010600, 58.748200
1177200, 79.149996, 176.162796, 60.815996
1180800, 82.320012, 179.396212, 63.922612
1184400, 86.619996, 183.782196, 68.136596
1188000, 91.860012, 189.127012, 73.271812
1191600, 102.340008, 199.816608, 83.542208
1195200, 94.590000, 191.911600, 75.947200
1198800, 90.000000, 187.229800, 71.449000
1202400, 82.170000, 179.243200, 63.775600
1206000, 79.760016, 176.785016, 61.413816
1209600, 70.260012, 167.095012, 52.103812
1213200, 83.800008, 180.905808, 65.373008
1216800, 76.830012, 173.796412, 58.542412
1220400, 69.000012, 165.809812, 50.869012
1224000, 62.039988, 158.710588, 44.048188
1227600, 62.070012, 158.741212, 44.077612
1231200, 69.360012, 166.177012, 51.221812
1234800, 80.510004, 177.550004, 62.148804
1238400, 85.259988, 182.394988, 66.803788
1242000, 99.399996, 196.817796, 80.660996
1245600, 100.310004, 197.746004, 81.552804
1249200, 94.899996, 192.227796, 76.250996
1252800, 90.330012, 187.566412, 71.772412
1256400, 86.839992, 184.006592, 68.352192
1260000, 82.270008, 179.345208, 63.873608
1263600, 84.729996, 181.854396, 66.284396
1267200, 89.750016, 186.974816, 71.204016
1270800, 97.760016, 195.145016, 79.053816
1274400, 106.570008, 204.131208, 87.687608
1278000, 112.820004, 210.506204, 93.812604
1281600, 116.120016, 213.872216, 97.046616
1285200, 111.009996, 208.659996, 92.038796
1288800, 105.450012, 202.988812, 86.590012
1292400, 102.319992, 199.796192, 83.522592
1296000, 93.989988, 191.299588, 75.359188
1299600, 89.970012, 187.199212, 71.419612
1303200, 84.830004, 181.956404, 66.382404
1306800, 81.609984, 178.671984, 63.226784
1310400, 78.950016, 175.958816, 60.620016
1314000, 79.239996, 176.254596, 60.904196
1317600, 87.149988, 184.322788, 68.655988
1321200, 96.170004, 193.523204, 77.495604
1324800, 116.280000, 214.035400, 97.203400
1328400, 144.110016, 242.422016, 124.476816
1332000, 138.600000, 236.801800, 119.077000
1335600, 122.000004, 219.869804, 102.809004
1339200, 110.000016, 207.629816, 91.049016
1342800, 102.390012, 199.867612, 83.591212
1346400, 94.489992, 191.809592, 75.849192
1350000, 102.200004, 199.673804, 83.405004
1353600, 110.850012, 208.496812, 91.882012
1357200, 112.389984, 210.067584, 93.391184
1360800, 128.689992, 226.693592, 109.365192
1364400, 131.060016, 229.111016, 111.687816
1368000, 118.910016, 216.718016, 99.780816
1371600, 100.209996, 197.643996, 81.454796
1375200, 88.490016, 185.689616, 69.969216
1378800, 82.730016, 179.814416, 64.324416
1382400, 80.160012, 177.193012, 61.805812
1386000, 72.159984, 169.032984, 53.965784
1389600, 71.899992, 168.767792, 53.710992
1393200, 70.830000, 167.676400, 52.662400
1396800, 69.890004, 166.717604, 51.741204
1400400, 69.660000, 166.483000, 51.515800
1404000, 71.820000, 168.686200, 53.632600
1407600, 76.299984, 173.255784, 58.022984
1411200, 85.640004, 182.782604, 67.176204
1414800, 97.070004, 194.441204, 78.377604
1418400, 106.200000, 203.753800, 87.325000
1422000, 110.329992, 207.966392, 91.372392
1425600, 111.099996, 208.751796, 92.126996
1429200, 101.660004, 199.123004, 82.875804
1432800, 100.630008, 198.072408, 81.866408
1436400, 104.569992, 202.091192, 85.727592
1440000, 106.679988, 204.243388, 87.795388
1443600, 113.760000, 211.465000, 94.733800
1447200, 119.999988, 217.829788, 100.848988
1450800, 117.590004, 215.371604, 98.487204
1454400, 110.340000, 207.976600, 91.382200
1458000, 98.100000, 195.491800, 79.387000
1461600, 89.769996, 186.995196, 71.223596
1465200, 84.330000, 181.446400, 65.892400
1468800, 79.949988, 176.978788, 61.599988
1472400, 75.710016, 172.654016, 57.444816
1476000, 76.359996, 173.316996, 58.081796
1479600, 72.609984, 169.491984, 54.406784
1483200, 71.409996, 168.267996, 53.230796
1486800, 69.819984, 166.646184, 51.672584
1490400, 71.679996, 168.543396, 53.495396
1494000, 80.870004, 177.917204, 62.501604
1497600, 98.539992, 195.940592, 79.818192
1501200, 109.919988, 207.548188, 90.970588
1504800, 109.720008, 207.344208, 90.774608
1508400, 108.420012, 206.018212, 89.500612
1512000, 96.760008, 194.125008, 78.073808
1515600, 90.270000, 187.505200, 71.713600
1519200, 81.240012, 178.294612, 62.864212
1522800, 86.860008, 184.027008, 68.371808
1526400, 90.140004, 187.372604, 71.586204
1530000, 94.610016, 191.932016, 75.966816
1533600, 99.720000, 197.144200, 80.974600
1537200, 103.479984, 200.979384, 84.659384
1540800, 101.990016, 199.459616, 83.199216
1544400, 93.790008, 191.095608, 75.163208
1548000, 83.170008, 180.263208, 64.755608
1551600, 84.510000, 181.630000, 66.068800
1555200, 73.609992, 170.511992, 55.386792
1558800, 72.900000, 169.787800, 54.691000
1562400, 67.929984, 164.718384, 49.820384
1566000, 68.199984, 164.993784, 50.084984
1569600, 62.759988, 159.444988, 44.753788
1573200, 63.320004, 160.016204, 45.302604
1576800, 67.860000, 164.647000, 49.751800
1580400, 80.190000, 177.223600, 61.835200
1584000, 88.239996, 185.434596, 69.724196
1587600, 104.270004, 201.785204, 85.433604
1591200, 111.489984, 209.149584, 92.509184
1594800, 104.919984, 202.448184, 86.070584
1598400, 89.359992, 186.576992, 70.821792
1602000, 82.739988, 179.824588, 64.334188
1605600, 73.379988, 170.277388, 55.161388
1609200, 75.240000, 172.174600, 56.984200
1612800, 81.069984, 178.121184, 62.697584
1616400, 85.259988, 182.394988, 66.803788
1620000, 93.989988, 191.299588, 75.359188
1623600, 97.830000, 195.216400, 79.122400
1627200, 99.439992, 196.858592, 80.700192
1630800, 87.040008, 184.210608, 68.548208
1634400, 85.889988, 183.037588, 67.421188
1638000, 85.250016, 182.384816, 66.794016
1641600, 81.640008, 178.702608, 63.256208
1645200, 87.069996, 184.241196, 68.577596
1648800, 68.699988, 165.503788, 50.574988
1652400, 74.999988, 171.929788, 56.748988
1656000, 68.699988, 165.503788, 50.574988
1659600, 64.789992, 161.515592, 46.743192
1663200, 68.699988, 165.503788, 50.574988
1666800, 75.099996, 172.031796, 56.846996
1670400, 81.600012, 178.661812, 63.217012
1674000, 89.920008, 187.148208, 71.370608
1677600, 94.939992, 192.268592, 76.290192
1681200, 89.640000, 186.862600, 71.096200
1684800, 80.300016, 177.335816, 61.943016
1688400, 79.059996, 176.070996, 60.727796
1692000, 70.509996, 167.349996, 52.348796
1695600, 73.419984, 170.318184, 55.200584
1699200, 79.170012, 176.183212, 60.835612
1702800, 87.890004, 185.077604, 69.381204
1706400, 95.000004, 192.329804, 76.349004
1710000, 99.910008, 197.338008, 81.160808
1713600, 91.649988, 188.912788, 73.065988
1717200, 84.499992, 181.619792, 66.058992
1720800, 75.750012, 172.694812, 57.484012
1724400, 80.079984, 177.111384, 61.727384
1728000, 69.130008, 165.942408, 50.996408
1731600, 70.350012, 167.186812, 52.192012
1735200, 58.070016, 154.661216, 40.157616
1738800, 55.149984, 151.682784, 37.295984
1742400, 50.889996, 147.337596, 33.121196
1746000, 48.610008, 145.012008, 30.886808
1749600, 47.689992, 144.073592, 29.985192
1753200, 45.870012, 142.217212, 28.201612
1756800, 47.999988, 144.389788, 30.288988
1760400, 53.449992, 149.948792, 35.629992
1764000, 61.110000, 157.762000, 43.136800
1767600, 65.229984, 161.964384, 47.174384
1771200, 61.130016, 157.782416, 43.156416
1774800, 65.999988, 162.749788, 47.928988
1778400, 51.699996, 148.163796, 33.914996
1782000, 55.839996, 152.386596, 37.972196
1785600, 53.120016, 149.612216, 35.306616
1789200, 54.789984, 151.315584, 36.943184
1792800, 64.040004, 160.750604, 46.008204
1796400, 81.420012, 178.478212, 63.040612
1800000, 86.580000, 183.741400, 68.097400
1803600, 82.509984, 179.589984, 64.108784
1807200, 56.260008, 152.815008, 38.383808
1810800, 69.779988, 166.605388, 51.633388
1814400, 65.000016, 161.729816, 46.949016
1818000, 40.659984, 136.902984, 23.095784
1821600, 34.750001, 130.874801, 17.304001
1825200, 29.549999, 125.570799, 12.207999
1828800, 15.279998, 111.015398, 0.000000
1832400, 12.039998, 107.710598, 0.000000
1836000, 22.200001, 118.073801, 5.005001
1839600, 45.320004, 141.656204, 27.662604
1843200, 67.299984, 164.075784, 49.202984
1846800, 90.100008, 187.331808, 71.547008
1850400, 86.659992, 183.822992, 68.175792
1854000, 74.300004, 171.215804, 56.063004
1857600, 61.080012, 157.731412, 43.107412
1861200, 57.240000, 153.814600, 39.344200
1864800, 57.150000, 153.722800, 39.256000
1868400, 59.410008, 156.028008, 41.470808
1872000, 61.390008, 158.047608, 43.411208
1875600, 64.730016, 161.454416, 46.684416
1879200, 80.359992, 177.396992, 62.001792
1882800, 95.469984, 192.809184, 76.809584
1886400, 82.940004, 180.028604, 64.530204
1890000, 68.490000, 165.289600, 50.369200
1893600, 60.950016, 157.598816, 42.980016
1897200, 57.189996, 153.763596, 39.295196
1900800, 51.220008, 147.674208, 33.444608
1904400, 18.050000, 113.840800, 0.938000
1908000, 12.510000, 108.190000, 0.000000
1911600, 11.580001, 107.241401, 0.000000
1915200, 6.610000, 102.172000, 0.000000
1918800, 12.269999, 107.945199, 0.000000
1922400, 40.299984, 136.535784, 22.742984
1926000, 63.029988, 159.720388, 45.018388
1929600, 83.009988, 180.099988, 64.598788
1933200, 90.630000, 187.872400, 72.066400
1936800, 87.819984, 185.006184, 69.312584
1940400, 90.680004, 187.923404, 72.115404
1944000, 69.580008, 166.401408, 51.437408
1947600, 63.110016, 159.802016, 45.096816
1951200, 61.310016, 157.966016, 43.332816
1954800, 66.080016, 162.831416, 48.007416
1958400, 72.969984, 169.859184, 54.759584
1962000, 71.520012, 168.380212, 53.338612
1965600, 81.200016, 178.253816, 62.825016
1969200, 85.190004, 182.323604, 66.735204
1972800, 76.010004, 172.960004, 57.738804
1976400, 65.019996, 161.750196, 46.968596
1980000, 59.180004, 155.793404, 41.245404
1983600, 49.439988, 145.858588, 31.700188
1987200, 35.169998, 131.303198, 17.715598
1990800, 7.030001, 102.600401, 0.000000
1994400, 4.489999, 100.009599, 0.000000
1998000, 2.580000, 98.061400, 0.000000
2001600, -1.540000, 93.859000, 0.000000
2005200, -3.250000, 92.114800, 0.000000
2008800, 1.810000, 97.276000, 0.000000
2012400, 19.750000, 115.574800, 2.604000
2016000, 54.630000, 151.152400, 36.786400
2019600, 69.490008, 166.309608, 51.349208
2023200, 67.860000, 164.647000, 49.751800
2026800, 59.119992, 155.732192, 41.186592
2030400, 53.979984, 150.489384, 36.149384
2034000, 44.049996, 140.360796, 26.417996
2037600, 40.690008, 136.933608, 23.125208
2041200, 48.459996, 144.858996, 30.739796
2044800, 60.320016, 156.956216, 42.362616
2048400, 65.430000, 162.168400, 47.370400
2052000, 74.610000, 171.532000, 56.366800
2055600, 95.900004, 193.247804, 77.231004
2059200, 98.719992, 196.124192, 79.994592
2062800, 95.469984, 192.809184, 76.809584
2066400, 83.419992, 180.518192, 65.000592
2070000, 87.699996, 184.883796, 69.194996
2073600, 92.639988, 189.922588, 74.036188
2077200, 73.800000, 170.705800, 55.573000
2080800, 68.310000, 165.106000, 50.192800
2084400, 69.559992, 166.380992, 51.417792
2088000, 61.260012, 157.915012, 43.283812
2091600, 63.000000, 159.689800, 44.989000
2095200, 68.439996, 165.238596, 50.320196
2098800, 73.289988, 170.185588, 55.073188
2102400, 84.409992, 181.527992, 65.970792
2106000, 96.829992, 194.196392, 78.142392
2109600, 90.609984, 187.851984, 72.046784
2113200, 83.959992, 181.068992, 65.529792
2116800, 78.660000, 175.663000, 60.335800
2120400, 74.949984, 171.878784, 56.699984
2124000, 73.010016, 169.900016, 54.798816
2127600, 74.589984, 171.511584, 56.347184
2131200, 74.779992, 171.705392, 56.533392
2134800, 81.640008, 178.702608, 63.256208
2138400, 94.690008, 192.013608, 76.045208
2142000, 102.980016, 200.469416, 84.169416
2145600, 97.160004, 194.533004, 78.465804
2149200, 83.999988, 181.109788, 65.568988
2152800, 77.810004, 174.796004, 59.502804
2156400, 75.009996, 171.939996, 56.758796
2160000, 70.480008, 167.319408, 52.319408
2163600, 62.799984, 159.485784, 44.792984
2167200, 61.999992, 158.669792, 44.008992
2170800, 58.489992, 155.089592, 40.569192
2174400, 53.240004, 149.734604, 35.424204
2178000, 41.510016, 137.770016, 23.928816
2181600, 50.240016, 146.674616, 32.484216
2185200, 59.559984, 156.180984, 41.617784
2188800, 72.560016, 169.441016, 54.357816
2192400, 78.570000, 175.571200, 60.247600
2196000, 75.210012, 172.144012, 56.954812
2199600, 65.880000, 162.627400, 47.811400
2203200, 60.490008, 157.129608, 42.529208
2206800, 53.750016, 150.254816, 35.924016
2210400, 48.269988, 144.665188, 30.553588
2214000, 51.410016, 147.868016, 33.630816
2217600, 52.920000, 149.408200, 35.110600
2221200, 63.370008, 160.067208, 45.351608
2224800, 75.470004, 172.409204, 57.209604
2228400, 102.080016, 199.551416, 83.287416
2232000, 100.789992, 198.235592, 82.023192
2235600, 96.860016, 194.227016, 78.171816
2239200, 74.999988, 171.929788, 56.748988
2242800, 84.859992, 181.986992, 66.411792
2246400, 78.199992, 175.193792, 59.884992
2250000, 70.440012, 167.278612, 52.280212
2253600, 64.850004, 161.576804, 46.802004
2257200, 60.500016, 157.139816, 42.539016
2260800, 56.300004, 152.855804, 38.423004
2264400, 55.980000, 152.529400, 38.109400
2268000, 57.380004, 153.957404, 39.481404
2271600, 59.410008, 156.028008, 41.470808
2275200, 66.260016, 163.015016, 48.183816
2278800, 79.160004, 176.173004, 60.825804
2282400, 77.000004, 173.969804, 58.709004
2286000, 66.570012, 163.331212, 48.487612
2289600, 58.070016, 154.661216, 40.157616
2293200, 55.839996, 152.386596, 37.972196
2296800, 53.880012, 150.387412, 36.051412
2300400, 59.739984, 156.364584, 41.794184
2304000, 73.580004, 170.481404, 55.357404
2307600, 76.809996, 173.775996, 58.522796
2311200, 82.119996, 179.192196, 63.726596
2314800, 95.960016, 193.309016, 77.289816
2318400, 92.530008, 189.810408, 73.928408
2322000, 84.449988, 181.568788, 66.009988
2325600, 76.150008, 173.102808, 57.876008
2329200, 75.970008, 172.919208, 57.699608
2332800, 72.699984, 169.583784, 54.494984
2336400, 66.769992, 163.535192, 48.683592
2340000, 59.330016, 155.946416, 41.392416
2343600, 55.710000, 152.254000, 37.844800
2347200, 52.509996, 148.989996, 34.708796
2350800, 51.239988, 147.694588, 33.464188
2354400, 51.900012, 148.367812, 34.111012
2358000, 52.620012, 149.102212, 34.816612
2361600, 54.740016, 151.264616, 36.894216
2365200, 56.999988, 153.569788, 39.108988
2368800, 55.419984, 151.958184, 37.560584
2372400, 51.729984, 148.194384, 33.944384
2376000, 46.479996, 142.839396, 28.799396
2379600, 41.780016, 138.045416, 24.193416
2383200, 40.219992, 136.454192, 22.664592
2386800, 44.309988, 140.625988, 26.672788
2390400, 45.420012, 141.758212, 27.760612
2394000, 53.499996, 149.999796, 35.678996
2397600, 67.730004, 164.514404, 49.624404
2401200, 73.109988, 170.001988, 54.896788
2404800, 70.719984, 167.564184, 52.554584
2408400, 69.090012, 165.901612, 50.957212
2412000, 58.039992, 154.630592, 40.128192
2415600, 59.910012, 156.538012, 41.960812
2419200, 56.000016, 152.549816, 38.129016
2422800, 49.970016, 146.399216, 32.219616
2426400, 47.260008, 143.635008, 29.563808
2430000, 48.120012, 144.512212, 30.406612
2433600, 47.970000, 144.359200, 30.259600
2437200, 51.580008, 148.041408, 33.797408
2440800, 60.059988, 156.690988, 42.107788
2444400, 80.340012, 177.376612, 61.982212
2448000, 90.510012, 187.750012, 71.948812
2451600, 99.209988, 196.623988, 80.474788
2455200, 88.390008, 185.587608, 69.871208
2458800, 78.900012, 175.907812, 60.571012
2462400, 71.269992, 168.125192, 53.093592
2466000, 70.239996, 167.074596, 52.084196
2469600, 74.440008, 171.358608, 56.200208
2473200, 80.409996, 177.447996, 62.050796
2476800, 88.769988, 185.975188, 70.243588
2480400, 94.460004, 191.779004, 75.819804
2484000, 105.059988, 202.590988, 86.207788
2487600, 112.920012, 210.608212, 93.910612
2491200, 107.520012, 205.100212, 88.618612
2494800, 88.560000, 185.761000, 70.037800
2498400, 83.390004, 180.487604, 64.971204
2502000, 82.900008, 179.987808, 64.491008
2505600, 80.290008, 177.325608, 61.933208
2509200, 71.939988, 168.808588, 53.750188
2512800, 68.699988, 165.503788, 50.574988
2516400, 69.369984, 166.187184, 51.231584
2520000, 66.060000, 162.811000, 47.987800
2523600, 65.289996, 162.025596, 47.233196
2527200, 69.369984, 166.187184, 51.231584
2530800, 78.699996, 175.703796, 60.374996
2534400, 90.820008, 188.066208, 72.252608
2538000, 95.940000, 193.288600, 77.270200
2541600, 84.930012, 182.058412, 66.480412
2545200, 77.150016, 174.122816, 58.856016
2548800, 70.099992, 166.931792, 51.946992
2552400, 68.100012, 164.891812, 49.987012
2556000, 68.230008, 165.024408, 50.114408
2559600, 71.930016, 168.798416, 53.740416
2563200, 74.999988, 171.929788, 56.748988
2566800, 80.219988, 177.254188, 61.864588
2570400, 88.419996, 185.618196, 69.900596
2574000, 99.489996, 196.909596, 80.749196
2577600, 101.390004, 198.847604, 82.611204
2581200, 88.310016, 185.506016, 69.792816
2584800, 79.179984, 176.193384, 60.845384
2588400, 79.589988, 176.611588, 61.247188
2592000, 76.340016, 173.296616, 58.062216
2595600, 75.099996, 172.031796, 56.846996
2599200, 71.960004, 168.829004, 53.769804
2602800, 70.890012, 167.737612, 52.721212
2606400, 69.819984, 166.646184, 51.672584
2610000, 69.189984, 166.003584, 51.055184
2613600, 73.910016, 170.818016, 55.680816
2617200, 84.570012, 181.691212, 66.127612
2620800, 99.209988, 196.623988, 80.474788
2624400, 120.060000, 217.891000, 100.907800
2628000, 93.380004, 190.677404, 74.761404
2631600, 82.980000, 180.069400, 64.569400
2635200, 77.090004, 174.061604, 58.797204
2638800, 74.909988, 171.837988, 56.660788
2642400, 66.930012, 163.698412, 48.840412
2646000, 66.070008, 162.821208, 47.997608
2649600, 69.230016, 166.044416, 51.094416
2653200, 72.230004, 169.104404, 54.034404
2656800, 80.960004, 178.009004, 62.589804
2660400, 89.259984, 186.474984, 70.723784
2664000, 81.039996, 178.090596, 62.668196
2667600, 72.770004, 169.655204, 54.563604
2671200, 59.330016, 155.946416, 41.392416
2674800, 56.970000, 153.539200, 39.079600
2678400, 41.960016, 138.229016, 24.369816
2682000, 49.529988, 145.950388, 31.788388
2685600, 44.190000, 140.503600, 26.555200
2689200, 44.470008, 140.789208, 26.829608
2692800, 45.150012, 141.482812, 27.496012
2696400, 49.020012, 145.430212, 31.288612
2700000, 57.560004, 154.141004, 39.657804
2703600, 70.560000, 167.401000, 52.397800
2707200, 87.220008, 184.394208, 68.724608
2710800, 96.720012, 194.084212, 78.034612
2714400, 89.840016, 187.066616, 71.292216
2718000, 83.779992, 180.885392, 65.353392
2721600, 79.999992, 177.029792, 61.648992
2725200, 68.990004, 165.799604, 50.859204
2728800, 60.959988, 157.608988, 42.989788
2732400, 70.800012, 167.645812, 52.633012
2736000, 81.489996, 178.549596, 63.109196
2739600, 80.970012, 178.019212, 62.599612
2743200, 99.000000, 196.409800, 80.269000
2746800, 103.849992, 201.356792, 85.021992
2750400, 98.399988, 195.797788, 79.680988
2754000, 91.180008, 188.433408, 72.605408
2757600, 83.459988, 180.558988, 65.039788
2761200, 81.990000, 179.059600, 63.599200
2764800, 73.519992, 170.420192, 55.298592
2768400, 64.419984, 161.138184, 46.380584
2772000, 59.990004, 156.619604, 42.039204
2775600, 57.999996, 154.589796, 40.088996
2779200, 54.690012, 151.213612, 36.845212
2782800, 52.719984, 149.204184, 34.914584
2786400, 54.939996, 151.468596, 37.090196
2790000, 64.469988, 161.189188, 46.429588
2793600, 78.770016, 175.775216, 60.443616
2797200, 90.060012, 187.291012, 71.507812
2800800, 86.209992, 183.363992, 67.734792
2804400, 80.840016, 177.886616, 62.472216
2808000, 75.200004, 172.133804, 56.945004
2811600, 65.009988, 161.739988, 46.958788
2815200, 60.000012, 156.629812, 42.049012
2818800, 59.749992, 156.374792, 41.803992
2822400, 59.780016, 156.405416, 41.833416
2826000, 64.659996, 161.382996, 46.615796
2829600, 71.349984, 168.206784, 53.171984
2833200, 81.039996, 178.090596, 62.668196
2836800, 87.800004, 184.985804, 69.293004
2840400, 79.899984, 176.927784, 61.550984
2844000, 65.049984, 161.780784, 46.997984
2847600, 69.379992, 166.197392, 51.241392
2851200, 60.710004, 157.354004, 42.744804
2854800, 42.130008, 138.402408, 24.536408
2858400, 46.940004, 143.308604, 29.250204
2862000, 41.820012, 138.086212, 24.232612
2865600, 19.730002, 115.554402, 2.584402
2869200, 12.539999, 108.220599, 0.000000
2872800, 13.209998, 108.903998, 0.000000
2876400, 24.469999, 120.389199, 7.229599
2880000, 39.750012, 135.974812, 22.204012
2883600, 52.099992, 148.571792, 34.306992
2887200, 64.959984, 161.688984, 46.909784
2890800, 61.589988, 158.251588, 43.607188
2894400, 52.130016, 148.602416, 34.336416
2898000, 46.710000, 143.074000, 29.024800
2901600, 43.830000, 140.136400, 26.202400
2905200, 41.760000, 138.025000, 24.173800
2908800, 45.270000, 141.605200, 27.613600
2912400, 51.429996, 147.888396, 33.650396
2916000, 64.860012, 161.587012, 46.811812
2919600, 85.880016, 183.027416, 67.411416
2923200, 80.280000, 177.315400, 61.923400
2926800, 64.170000, 160.883200, 46.135600
2930400, 59.739984, 156.364584, 41.794184
2934000, 51.750000, 148.214800, 33.964000
2937600, 42.599988, 138.881788, 24.996988
2941200, 39.470004, 135.689204, 21.929604
2944800, 29.000002, 125.009802, 11.669002
2948400, 11.499998, 107.159798, 0.000000
2952000, 2.540000, 98.020600, 0.000000
2955600, 0.650000, 96.092800, 0.000000
2959200, 3.500000, 98.999800, 0.000000
2962800, 5.450000, 100.988800, 0.000000
2966400, 7.660001, 103.243001, 0.000000
2970000, 15.320002, 111.056202, 0.000000
2973600, 21.849998, 117.716798, 4.661998
2977200, 26.640000, 122.602600, 9.356200
2980800, 20.200000, 116.033800, 3.045000
2984400, 17.449999, 113.228799, 0.349999
2988000, 5.479999, 101.019399, 0.000000
2991600, 12.470000, 108.149200, 0.000000
2995200, 24.400001, 120.317801, 7.161001
2998800, 34.809998, 130.935998, 17.362798
3002400, 56.210004, 152.764004, 38.334804
3006000, 69.999984, 166.829784, 51.848984
3009600, 84.849984, 181.976784, 66.401984
3013200, 56.469996, 153.029196, 38.589596
3016800, 59.720004, 156.344204, 41.774604
3020400, 58.259988, 154.854988, 40.343788
3024000, 42.000012, 138.269812, 24.409012
3027600, 11.200000, 106.853800, 0.000000
3031200, 21.740000, 117.604600, 4.554200
3034800, 11.869999, 107.537199, 0.000000
3038400, 0.750000, 96.194800, 0.000000
3042000, 0.680000, 96.123400, 0.000000
3045600, 3.470000, 98.969200, 0.000000
3049200, 43.369992, 139.667192, 25.751592
3052800, 80.280000, 177.315400, 61.923400
3056400, 97.610004, 194.992004, 78.906804
3060000, 104.079996, 201.591396, 85.247396
3063600, 92.319984, 189.596184, 73.722584
3067200, 88.869996, 186.077196, 70.341596
3070800, 90.929988, 188.178388, 72.360388
3074400, 65.689992, 162.433592, 47.625192
3078000, 72.079992, 168.951392, 53.887392
3081600, 61.099992, 157.751792, 43.126992
3085200, 63.740016, 160.444616, 45.714216
3088800, 77.739984, 174.724584, 59.434184
3092400, 98.730000, 196.134400, 80.004400
3096000, 100.000008, 197.429808, 81.249008
3099600, 90.550008, 187.790808, 71.988008
3103200, 68.119992, 164.912192, 50.006592
3106800, 56.459988, 153.018988, 38.579788
3110400, 47.649996, 144.032796, 29.945996
3114000, 35.950000, 132.098800, 18.480000
3117600, 28.930000, 124.938400, 11.600400
3121200, 12.200000, 107.873800, 0.000000
3124800, 6.810001, 102.376001, 0.000000
3128400, 4.600001, 100.121801, 0.000000
3132000, 21.200000, 117.053800, 4.025000
3135600, 52.200000, 148.673800, 34.405000
3139200, 70.269984, 167.105184, 52.113584
3142800, 88.869996, 186.077196, 70.341596
3146400, 87.300000, 184.475800, 68.803000
3150000, 84.179988, 181.293388, 65.745388
3153600, 64.130004, 160.842404, 46.096404
3157200, 53.960004, 150.469004, 36.129804
3160800, 50.950008, 147.398808, 33.180008
3164400, 52.430004, 148.908404, 34.630404
3168000, 56.890008, 153.457608, 39.001208
3171600, 61.329996, 157.986396, 43.352396
3175200, 71.979984, 168.849384, 53.789384
3178800, 84.729996, 181.854396, 66.284396
3182400, 88.499988, 185.699788, 69.978988
3186000, 65.540016, 162.280616, 47.478216
3189600, 59.979996, 156.609396, 42.029396
3193200, 56.930004, 153.498404, 39.040404
3196800, 52.830000, 149.316400, 35.022400
3200400, 41.339988, 137.596588, 23.762188
3204000, 40.029984, 136.260384, 22.478384
3207600, 40.079988, 136.311388, 22.527388
3211200, 43.560000, 139.861000, 25.937800
3214800, 35.470001, 131.609201, 18.009601
3218400, 49.600008, 146.021808, 31.857008
3222000, 60.710004, 157.354004, 42.744804
3225600, 78.599988, 175.601788, 60.276988
3229200, 82.530000, 179.610400, 64.128400
3232800, 88.380000, 185.577400, 69.861400
3236400, 80.399988, 177.437788, 62.040988
3240000, 77.299992, 174.275792, 59.002992
3243600, 66.380004, 163.137404, 48.301404
3247200, 62.259984, 158.934984, 44.263784
3250800, 69.480000, 166.299400, 51.339400
3254400, 77.100012, 174.071812, 58.807012
3258000, 83.739996, 180.844596, 65.314196
3261600, 109.450008, 207.068808, 90.510008
3265200, 127.149984, 225.122784, 107.855984
3268800, 108.529992, 206.130392, 89.608392
3272400, 92.300004, 189.575804, 73.703004
3276000, 75.409992, 172.347992, 57.150792
3279600, 70.419996, 167.258196, 52.260596
3283200, 77.450004, 174.428804, 59.150004
3286800, 73.699992, 170.603792, 55.474992
3290400, 73.199988, 170.093788, 54.984988
3294000, 72.150012, 169.022812, 53.956012
3297600, 61.650000, 158.312800, 43.666000
3301200, 56.700000, 153.263800, 38.815000
3304800, 59.270004, 155.885204, 41.333604
3308400, 73.509984, 170.409984, 55.288784
3312000, 95.580000, 192.921400, 76.917400
3315600, 120.319992, 218.156192, 101.162592
3319200, 106.200000, 203.753800, 87.325000
3322800, 91.100016, 188.351816, 72.527016
3326400, 80.010000, 177.040000, 61.658800
3330000, 85.250016, 182.384816, 66.794016
3333600, 69.260004, 166.075004, 51.123804
3337200, 57.800016, 154.385816, 39.893016
3340800, 57.350016, 153.926816, 39.452016
3344400, 58.230000, 154.824400, 40.314400
3348000, 61.830000, 158.496400, 43.842400
3351600, 63.560016, 160.261016, 45.537816
3355200, 70.080012, 166.911412, 51.927412
3358800, 64.209996, 160.923996, 46.174796
3362400, 59.299992, 155.915792, 41.362992
3366000, 56.009988, 152.559988, 38.138788
3369600, 50.000004, 146.429804, 32.249004
3373200, 38.980008, 135.189408, 21.449408
3376800, 29.959999, 125.988999, 12.609799
3380400, 24.570000, 120.491200, 7.327600
3384000, 21.809999, 117.675999, 4.622799
3387600, 21.030001, 116.880401, 3.858401
3391200, 26.799998, 122.765798, 9.512998
3394800, 40.470012, 136.709212, 22.909612
3398400, 58.420008, 155.018208, 40.500608
3402000, 63.240012, 159.934612, 45.224212
3405600, 67.150008, 163.922808, 49.056008
3409200, 67.460004, 164.239004, 49.359804
3412800, 62.499996, 159.179796, 44.498996
3416400, 57.229992, 153.804392, 39.334392
3420000, 54.820008, 151.346208, 36.972608
3423600, 57.740004, 154.324604, 39.834204
3427200, 60.419988, 157.058188, 42.460588
3430800, 62.849988, 159.536788, 44.841988
3434400, 82.190016, 179.263616, 63.795216
3438000, 90.259992, 187.494992, 71.703792
3441600, 87.170004, 184.343204, 68.675604
3445200, 80.700012, 177.743812, 62.335012
3448800, 75.260016, 172.195016, 57.003816
3452400, 74.909988, 171.837988, 56.660788
3456000, 70.940016, 167.788616, 52.770216
3459600, 63.100008, 159.791808, 45.087008
3463200, 64.080000, 160.791400, 46.047400
3466800, 64.400004, 161.117804, 46.361004
3470400, 64.389996, 161.107596, 46.351196
3474000, 64.410012, 161.128012, 46.370812
3477600, 65.819988, 162.566188, 47.752588
3481200, 70.909992, 167.757992, 52.740792
3484800, 74.859984, 171.786984, 56.611784
3488400, 77.699988, 174.683788, 59.394988
3492000, 80.380008, 177.417408, 62.021408
3495600, 74.940012, 171.868612, 56.690212
3499200, 69.840000, 166.666600, 51.692200
3502800, 68.420016, 165.218216, 50.300616
3506400, 66.719988, 163.484188, 48.634588
3510000, 69.530004, 166.350404, 51.388404
3513600, 77.169996, 174.143196, 58.875596
3517200, 81.939996, 179.008596, 63.550196
3520800, 85.910004, 183.058004, 67.440804
3524400, 95.760000, 193.105000, 77.093800
3528000, 83.859984, 180.966984, 65.431784
3531600, 74.400012, 171.317812, 56.161012
3535200, 68.910012, 165.718012, 50.780812
3538800, 71.470008, 168.329208, 53.289608
3542400, 64.000008, 160.709808, 45.969008
3546000, 63.389988, 160.087588, 45.371188
3549600, 56.940012, 153.508612, 39.050212
3553200, 52.599996, 149.081796, 34.796996
3556800, 46.829988, 143.196388, 29.142388
3560400, 42.540012, 138.820612, 24.938212
3564000, 45.569988, 141.911188, 27.907588
3567600, 50.370012, 146.807212, 32.611612
3571200, 54.950004, 151.478804, 37.100004
3574800, 62.539992, 159.220592, 44.538192
3578400, 60.940008, 157.588608, 42.970208
3582000, 63.399996, 160.097796, 45.380996
3585600, 65.250000, 161.984800, 47.194000
3589200, 63.479988, 160.179388, 45.459388
3592800, 60.869988, 157.517188, 42.901588
3596400, 57.960000, 154.549000, 40.049800
3600000, 64.509984, 161.229984, 46.468784
3603600, 69.090012, 165.901612, 50.957212
3607200, 77.379984, 174.357384, 59.081384
3610800, 90.349992, 187.586792, 71.791992
3614400, 86.490000, 183.649600, 68.009200
3618000, 76.860000, 173.827000, 58.571800
3621600, 70.719984, 167.564184, 52.554584
3625200, 68.389992, 165.187592, 50.271192
3628800, 64.010016, 160.720016, 45.978816
3632400, 64.350000, 161.066800, 46.312000
3636000, 61.740000, 158.404600, 43.754200
3639600, 60.829992, 157.476392, 42.862392
3643200, 59.569992, 156.191192, 41.627592
3646800, 59.209992, 155.823992, 41.274792
3650400, 65.000016, 161.729816, 46.949016
3654000, 75.999996, 172.949796, 57.728996
3657600, 85.410000, 182.548000, 66.950800
3661200, 104.000004, 201.509804, 85.169004
3664800, 96.500016, 193.859816, 77.819016
3668400, 85.470012, 182.609212, 67.009612
3672000, 79.049988, 176.060788, 60.717988
3675600, 67.510008, 164.290008, 49.408808
3679200, 64.050012, 160.760812, 46.018012
3682800, 64.389996, 161.107596, 46.351196
3686400, 66.819996, 163.586196, 48.732596
3690000, 73.370016, 170.267216, 55.151616
3693600, 78.130008, 175.122408, 59.816408
3697200, 96.000012, 193.349812, 77.329012
3700800, 89.079984, 186.291384, 70.547384
3704400, 79.149996, 176.162796, 60.815996
3708000, 71.539992, 168.400592, 53.358192
3711600, 65.869992, 162.617192, 47.801592
3715200, 61.899984, 158.567784, 43.910984
3718800, 68.590008, 165.391608, 50.467208
3722400, 65.369988, 162.107188, 47.311588
3726000, 63.410004, 160.108004, 45.390804
3729600, 60.490008, 157.129608, 42.529208
3733200, 60.059988, 156.690988, 42.107788
3736800, 63.590004, 160.291604, 45.567204
3740400, 70.710012, 167.554012, 52.544812
3744000, 82.509984, 179.589984, 64.108784
3747600, 89.110008, 186.322008, 70.576808
3751200, 75.120012, 172.052212, 56.866612
3754800, 69.210000, 166.024000, 51.074800
3758400, 63.870012, 160.577212, 45.841612
3762000, 60.530004, 157.170404, 42.568404
3765600, 60.260004, 156.895004, 42.303804
3769200, 63.100008, 159.791808, 45.087008
3772800, 70.700004, 167.543804, 52.535004
3776400, 76.050000, 173.000800, 57.778000
3780000, 80.529984, 177.570384, 62.168384
3783600, 96.739992, 194.104592, 78.054192
3787200, 91.370016, 188.627216, 72.791616
3790800, 78.580008, 175.581408, 60.257408
3794400, 72.500004, 169.379804, 54.299004
3798000, 68.780016, 165.585416, 50.653416
3801600, 64.860012, 161.587012, 46.811812
3805200, 60.630012, 157.272412, 42.666412
3808800, 59.339988, 155.956588, 41.402188
3812400, 55.760004, 152.305004, 37.893804
3816000, 54.789984, 151.315584, 36.943184
3819600, 55.059984, 151.590984, 37.207784
3823200, 58.740012, 155.344612, 40.814212
3826800, 63.929988, 160.638388, 45.900388
3830400, 73.410012, 170.308012, 55.190812
3834000, 80.129988, 177.162388, 61.776388
3837600, 69.649992, 166.472792, 51.505992
3841200, 63.860004, 160.567004, 45.831804
3844800, 63.290016, 159.985616, 45.273216
3848400, 60.189984, 156.823584, 42.235184
3852000, 53.920008, 150.428208, 36.090608
3855600, 60.000012, 156.629812, 42.049012
3859200, 64.550016, 161.270816, 46.508016
3862800, 66.650004, 163.412804, 48.566004
3866400, 76.299984, 173.255784, 58.022984
3870000, 87.800004, 184.985804, 69.293004
3873600, 84.790008, 181.915608, 66.343208
3877200, 76.770000, 173.735200, 58.483600
3880800, 69.580008, 166.401408, 51.437408
3884400, 68.199984, 164.993784, 50.084984
3888000, 63.799992, 160.505792, 45.772992
3891600, 61.620012, 158.282212, 43.636612
3895200, 57.510000, 154.090000, 39.608800
3898800, 54.529992, 151.050392, 36.688392
3902400, 50.410008, 146.848008, 32.650808
3906000, 48.060000, 144.451000, 30.347800
3909600, 53.039988, 149.530588, 35.228188
3913200, 63.889992, 160.597592, 45.861192
3916800, 73.159992, 170.052992, 54.945792
3920400, 79.440012, 176.458612, 61.100212
3924000, 75.020004, 171.950204, 56.768604
3927600, 70.989984, 167.839584, 52.819184
3931200, 63.540000, 160.240600, 45.518200
3934800, 58.430016, 155.028416, 40.510416
3938400, 55.540008, 152.080608, 37.678208
3942000, 55.670004, 152.213204, 37.805604
3945600, 58.539996, 155.140596, 40.618196
3949200, 59.249988, 155.864788, 41.313988
3952800, 67.140000, 163.912600, 49.046200
3956400, 76.380012, 173.337412, 58.101412
3960000, 72.939996, 169.828596, 54.730196
3963600, 66.139992, 162.892592, 48.066192
3967200, 61.120008, 157.772208, 43.146608
3970800, 60.919992, 157.568192, 42.950592
3974400, 56.970000, 153.539200, 39.079600
3978000, 51.760008, 148.225008, 33.973808
3981600, 51.080004, 147.531404, 33.307404
3985200, 49.920012, 146.348212, 32.170612
3988800, 47.810016, 144.196016, 30.102816
3992400, 46.019988, 142.370188, 28.348588
3996000, 49.089996, 145.501596, 31.357196
3999600, 55.220004, 151.754204, 37.364604
4003200, 69.270012, 166.085212, 51.133612
4006800, 70.499988, 167.339788, 52.338988
4010400, 66.080016, 162.831416, 48.007416
4014000, 57.510000, 154.090000, 39.608800
4017600, 59.000004, 155.609804, 41.069004
4021200, 57.150000, 153.722800, 39.256000
4024800, 55.530000, 152.070400, 37.668400
4028400, 57.600000, 154.181800, 39.697000
4032000, 63.209988, 159.903988, 45.194788
4035600, 70.009992, 166.839992, 51.858792
4039200, 71.110008, 167.962008, 52.936808
4042800, 78.320016, 175.316216, 60.002616
4046400, 78.369984, 175.367184, 60.051584
4050000, 73.289988, 170.185588, 55.073188
4053600, 69.670008, 166.493208, 51.525608
4057200, 68.630004, 165.432404, 50.506404
4060800, 62.219988, 158.894188, 44.224588
4064400, 60.869988, 157.517188, 42.901588
4068000, 59.379984, 155.997384, 41.441384
4071600, 59.420016, 156.038216, 41.480616
4075200, 56.649996, 153.212796, 38.765996
4078800, 56.109996, 152.661996, 38.236796
4082400, 59.299992, 155.915792, 41.362992
4086000, 56.940012, 153.508612, 39.050212
4089600, 60.810012, 157.456012, 42.842812
4093200, 68.400000, 165.197800, 50.281000
4096800, 70.859988, 167.706988, 52.691788
4100400, 63.569988, 160.271188, 45.547588
4104000, 60.689988, 157.333588, 42.725188
4107600, 58.219992, 154.814192, 40.304592
4111200, 55.239984, 151.774584, 37.384184
4114800, 59.090004, 155.701604, 41.157204
4118400, 59.029992, 155.640392, 41.098392
4122000, 59.649984, 156.272784, 41.705984
4125600, 75.179988, 172.113388, 56.925388
4129200, 84.229992, 181.344392, 65.794392
4132800, 85.809996, 182.955996, 67.342796
4136400, 77.360004, 174.337004, 59.061804
4140000, 72.270000, 169.145200, 54.073600
4143600, 69.909984, 166.737984, 51.760784
4147200, 69.109992, 165.921992, 50.976792
4150800, 60.930000, 157.578400, 42.960400
4154400, 54.810000, 151.336000, 36.962800
4158000, 51.199992, 147.653792, 33.424992
4161600, 49.619988, 146.042188, 31.876588
4165200, 48.700008, 145.103808, 30.975008
4168800, 48.470004, 144.869204, 30.749604
4172400, 46.019988, 142.370188, 28.348588
4176000, 48.970008, 145.379208, 31.239608
4179600, 47.279988, 143.655388, 29.583388
4183200, 43.030008, 139.320408, 25.418408
4186800, 40.449996, 136.688796, 22.889996
4190400, 41.000004, 137.249804, 23.429004
4194000, 38.509992, 134.709992, 20.988792
4197600, 37.710000, 133.894000, 20.204800
4201200, 40.359996, 136.596996, 22.801796
4204800, 42.530004, 138.810404, 24.928404
4208400, 45.439992, 141.778592, 27.780192
4212000, 54.050004, 150.560804, 36.218004
4215600, 62.799984, 159.485784, 44.792984
4219200, 68.479992, 165.279392, 50.359392
4222800, 64.710000, 161.434000, 46.664800
4226400, 59.829984, 156.456384, 41.882384
4230000, 57.330000, 153.906400, 39.432400
4233600, 53.939988, 150.448588, 36.110188
4237200, 43.999992, 140.309792, 26.368992
4240800, 44.840016, 141.166616, 27.192216
4244400, 44.790012, 141.115612, 27.143212
4248000, 43.909992, 140.217992, 26.280792
4251600, 44.920008, 141.248208, 27.270608
4255200, 51.570000, 148.031200, 33.787600
4258800, 68.709996, 165.513996, 50.584796
4262400, 79.170012, 176.183212, 60.835612
4266000, 83.900016, 181.007816, 65.471016
4269600, 75.080016, 172.011416, 56.827416
4273200, 70.930008, 167.778408, 52.760408
4276800, 69.300000, 166.115800, 51.163000
4280400, 61.279992, 157.935392, 43.303392
4284000, 54.839988, 151.366588, 36.992188
4287600, 54.680004, 151.203404, 36.835404
4291200, 57.139992, 153.712592, 39.246192
4294800, 62.910000, 159.598000, 44.900800
4298400, 72.039996, 168.910596, 53.848196
4302000, 97.539984, 194.920584, 78.838184
4305600, 80.070012, 177.101212, 61.717612
4309200, 72.039996, 168.910596, 53.848196
4312800, 67.510008, 164.290008, 49.408808
4316400, 66.269988, 163.025188, 48.193588
4320000, 59.069988, 155.681188, 41.137588
4323600, 58.060008, 154.651008, 40.147808
4327200, 54.320004, 150.836204, 36.482604
4330800, 53.960004, 150.469004, 36.129804
4334400, 54.650016, 151.172816, 36.806016
4338000, 53.020008, 149.510208, 35.208608
4341600, 54.849996, 151.376796, 37.001996
4345200, 70.890012, 167.737612, 52.721212
4348800, 79.110000, 176.122000, 60.776800
4352400, 85.290012, 182.425612, 66.833212
4356000, 78.710004, 175.714004, 60.384804
4359600, 69.860016, 166.687016, 51.711816
4363200, 60.980004, 157.629404, 43.009404
4366800, 53.629992, 150.132392, 35.806392
4370400, 51.670008, 148.133208, 33.885608
4374000, 52.040016, 148.510616, 34.248216
4377600, 56.270016, 152.825216, 38.393616
4381200, 61.499988, 158.159788, 43.518988
4384800, 66.020004, 162.770204, 47.948604
4388400, 71.589996, 168.451596, 53.407196
4392000, 75.309984, 172.245984, 57.052784
4395600, 68.439996, 165.238596, 50.320196
4399200, 65.919996, 162.668196, 47.850596
4402800, 65.729988, 162.474388, 47.664388
4406400, 55.299996, 151.835796, 37.442996
4410000, 53.949996, 150.458796, 36.119996
4413600, 49.989996, 146.419596, 32.239196
4417200, 46.900008, 143.267808, 29.211008
4420800, 44.849988, 141.176788, 27.201988
4424400, 45.510012, 141.850012, 27.848812
4428000, 50.140008, 146.572608, 32.386208
4431600, 63.100008, 159.791808, 45.087008
4435200, 74.239992, 171.154592, 56.004192
4438800, 80.100000, 177.131800, 61.747000
4442400, 67.529988, 164.310388, 49.428388
4446000, 64.100016, 160.811816, 46.067016
4449600, 60.390000, 157.027600, 42.431200
4453200, 53.010000, 149.500000, 35.198800
4456800, 51.220008, 147.674208, 33.444608
4460400, 53.790012, 150.295612, 35.963212
4464000, 59.839992, 156.466592, 41.892192
4467600, 58.600008, 155.201808, 40.677008
4471200, 60.900012, 157.547812, 42.931012
4474800, 66.930012, 163.698412, 48.840412
4478400, 62.340012, 159.016612, 44.342212
4482000, 53.409996, 149.907996, 35.590796
4485600, 46.890000, 143.257600, 29.201200
4489200, 42.720012, 139.004212, 25.114612
4492800, 36.219996, 132.374196, 18.744596
4496400, 31.690001, 127.753601, 14.305201
4500000, 28.329998, 124.326398, 11.012398
4503600, 28.370002, 124.367202, 11.051602
4507200, 27.339998, 123.316598, 10.042198
4510800, 24.080000, 119.991400, 6.847400
4514400, 40.860000, 137.107000, 23.291800
4518000, 57.219984, 153.794184, 39.324584
4521600, 67.989996, 164.779596, 49.879196
4525200, 77.069988, 174.041188, 58.777588
4528800, 69.099984, 165.911784, 50.966984
4532400, 56.829996, 153.396396, 38.942396
4536000, 58.719996, 155.324196, 40.794596
4539600, 54.230004, 150.744404, 36.394404
4543200, 48.719988, 145.124188, 30.994588
4546800, 55.779984, 152.325384, 37.913384
4550400, 52.949988, 149.438788, 35.139988
4554000, 47.030004, 143.400404, 29.338404
4557600, 52.800012, 149.285812, 34.993012
4561200, 60.429996, 157.068396, 42.470396
4564800, 55.270008, 151.805208, 37.413608
4568400, 44.319996, 140.636196, 26.682596
4572000, 29.990002, 126.019602, 12.639202
4575600, 18.000000, 113.789800, 0.889000
4579200, 7.049999, 102.620799, 0.000000
4582800, 9.400000, 105.017800, 0.000000
4586400, 2.600000, 98.081800, 0.000000
4590000, 2.330000, 97.806400, 0.000000
4593600, 1.070000, 96.521200, 0.000000
4597200, 1.270000, 96.725200, 0.000000
4600800, 3.650000, 99.152800, 0.000000
4604400, 41.169996, 137.423196, 23.595596
4608000, 59.069988, 155.681188, 41.137588
4611600, 61.009992, 157.659992, 43.038792
4615200, 53.809992, 150.315992, 35.982792
4618800, 47.779992, 144.165392, 30.073392
4622400, 42.890004, 139.177604, 25.281204
4626000, 38.480004, 134.679404, 20.959404
4629600, 34.530001, 130.650401, 17.088401
4633200, 39.870000, 136.097200, 22.321600
4636800, 50.100012, 146.531812, 32.347012
4640400, 63.500004, 160.199804, 45.479004
4644000, 73.029996, 169.920396, 54.818396
4647600, 86.439996, 183.598596, 67.960196
4651200, 84.009996, 181.119996, 65.578796
4654800, 72.969984, 169.859184, 54.759584
4658400, 69.260004, 166.075004, 51.123804
4662000, 67.979988, 164.769388, 49.869388
4665600, 65.099988, 161.831788, 47.046988
4669200, 66.470004, 163.229204, 48.389604
4672800, 63.900000, 160.607800, 45.871000
4676400, 59.500008, 156.119808, 41.559008
4680000, 55.199988, 151.733788, 37.344988
4683600, 55.389996, 151.927596, 37.531196
4687200, 57.099996, 153.671796, 39.206996
4690800, 61.670016, 158.333216, 43.685616
4694400, 66.110004, 162.862004, 48.036804
4698000, 64.400004, 161.117804, 46.361004
4701600, 57.600000, 154.181800, 39.697000
4705200, 49.150008, 145.562808, 31.416008
4708800, 45.770004, 142.115204, 28.103604
4712400, 40.309992, 136.545992, 22.752792
4716000, 32.220000, 128.294200, 14.824600
4719600, 37.599984, 133.781784, 20.096984
4723200, 45.000000, 141.329800, 27.349000
4726800, 55.959984, 152.508984, 38.089784
4730400, 72.560016, 169.441016, 54.357816
4734000, 81.339984, 178.396584, 62.962184
4737600, 74.130012, 171.042412, 55.896412
4741200, 65.170008, 161.903208, 47.115608
4744800, 59.940000, 156.568600, 41.990200
4748400, 58.989996, 155.599596, 41.059196
4752000, 56.390004, 152.947604, 38.511204
4755600, 56.570004, 153.131204, 38.687604
4759200, 55.440000, 151.978600, 37.580200
4762800, 55.400004, 151.937804, 37.541004
4766400, 54.900000, 151.427800, 37.051000
4770000, 55.199988, 151.733788, 37.344988
4773600, 55.069992, 151.601192, 37.217592
4777200, 57.189996, 153.763596, 39.295196
4780800, 59.919984, 156.548184, 41.970584
4784400, 65.040012, 161.770612, 46.988212
4788000, 64.280016, 160.995416, 46.243416
4791600, 56.670012, 153.233212, 38.785612
4795200, 54.360000, 150.877000, 36.521800
4798800, 50.000004, 146.429804, 32.249004
4802400, 46.029996, 142.380396, 28.358396
4806000, 49.839984, 146.266584, 32.092184
4809600, 55.000008, 151.529808, 37.149008
4813200, 68.540004, 165.340604, 50.418204
4816800, 84.570012, 181.691212, 66.127612
4820400, 85.169988, 182.303188, 66.715588
4824000, 77.519988, 174.500188, 59.218588
4827600, 69.779988, 166.605388, 51.633388
4831200, 65.109996, 161.841996, 47.056796
4834800, 65.229984, 161.964384, 47.174384
4838400, 58.380012, 154.977412, 40.461412
4842000, 57.830004, 154.416404, 39.922404
4845600, 56.819988, 153.386188, 38.932588
4849200, 55.689984, 152.233584, 37.825184
4852800, 51.800004, 148.265804, 34.013004
4856400, 52.840008, 149.326608, 35.032208
4860000, 57.920004, 154.508204, 40.010604
4863600, 65.520000, 162.260200, 47.458600
4867200, 76.730004, 173.694404, 58.444404
4870800, 81.600012, 178.661812, 63.217012
4874400, 73.829988, 170.736388, 55.602388
4878000, 66.650004, 163.412804, 48.566004
4881600, 65.030004, 161.760404, 46.978404
4885200, 58.420008, 155.018208, 40.500608
4888800, 58.190004, 154.783604, 40.275204
4892400, 61.290000, 157.945600, 43.313200
4896000, 64.950012, 161.678812, 46.900012
4899600, 69.660000, 166.483000, 51.515800
4903200, 77.000004, 173.969804, 58.709004
4906800, 85.370004, 182.507204, 66.911604
4910400, 81.270000, 178.325200, 62.893600
4914000, 72.669996, 169.553196, 54.465596
4917600, 65.850012, 162.596812, 47.782012
4921200, 65.210004, 161.944004, 47.154804
4924800, 60.760008, 157.405008, 42.793808
4928400, 57.620016, 154.202216, 39.716616
4932000, 57.549996, 154.130796, 39.647996
4935600, 57.350016, 153.926816, 39.452016
4939200, 56.869992, 153.437192, 38.981592
4942800, 57.350016, 153.926816, 39.452016
4946400, 61.920000, 158.588200, 43.930600
4950000, 69.140016, 165.952616, 51.006216
4953600, 80.619984, 177.662184, 62.256584
4957200, 92.919996, 190.208196, 74.310596
4960800, 80.809992, 177.855992, 62.442792
4964400, 68.709996, 165.513996, 50.584796
4968000, 63.330012, 160.026412, 45.312412
4971600, 57.660012, 154.243012, 39.755812
4975200, 57.700008, 154.283808, 39.795008
4978800, 61.110000, 157.762000, 43.136800
4982400, 63.870012, 160.577212, 45.841612
4986000, 63.000000, 159.689800, 44.989000
4989600, 76.179996, 173.133396, 57.905396
4993200, 103.169988, 200.663188, 84.355588
4996800, 105.170004, 202.703204, 86.315604
5000400, 84.489984, 181.609584, 66.049184
5004000, 72.650016, 169.532816, 54.446016
5007600, 70.350012, 167.186812, 52.192012
5011200, 64.969992, 161.699192, 46.919592
5014800, 60.360012, 156.997012, 42.401812
5018400, 59.400000, 156.017800, 41.461000
5022000, 61.340004, 157.996604, 43.362204
5025600, 63.460008, 160.159008, 45.439808
5029200, 63.780012, 160.485412, 45.753412
5032800, 67.520016, 164.300216, 49.418616
5036400, 72.380016, 169.257416, 54.181416
5040000, 88.390008, 185.587608, 69.871208
5043600, 104.490000, 202.009600, 85.649200
5047200, 85.460004, 182.599004, 66.999804
5050800, 73.990008, 170.899608, 55.759208
5054400, 67.550004, 164.330804, 49.448004
5058000, 63.929988, 160.638388, 45.900388
5061600, 58.500000, 155.099800, 40.579000
5065200, 58.629996, 155.232396, 40.706396
5068800, 58.629996, 155.232396, 40.706396
5072400, 60.879996, 157.527396, 42.911396
5076000, 66.200004, 162.953804, 48.125004
5079600, 82.800000, 179.885800, 64.393000
5083200, 78.500016, 175.499816, 60.179016
5086800, 66.009996, 162.759996, 47.938796
5090400, 63.140004, 159.832604, 45.126204
5094000, 64.310004, 161.026004, 46.272804
5097600, 55.370016, 151.907216, 37.511616
5101200, 55.190016, 151.723616, 37.335216
5104800, 53.409996, 149.907996, 35.590796
5108400, 50.159988, 146.592988, 32.405788
5112000, 47.149992, 143.522792, 29.455992
5115600, 44.240004, 140.554604, 26.604204
5119200, 48.510000, 144.910000, 30.788800
5122800, 62.200008, 158.873808, 44.205008
5126400, 73.980000, 170.889400, 55.749400
5130000, 74.300004, 171.215804, 56.063004
5133600, 70.530012, 167.370412, 52.368412
5137200, 65.649996, 162.392796, 47.585996
5140800, 65.599992, 162.341792, 47.536992
5144400, 58.989996, 155.599596, 41.059196
5148000, 57.030012, 153.600412, 39.138412
5151600, 59.199984, 155.813784, 41.264984
5155200, 65.210004, 161.944004, 47.154804
5158800, 71.660016, 168.523016, 53.475816
5162400, 74.480004, 171.399404, 56.239404
5166000, 86.259996, 183.414996, 67.783796
5169600, 80.989992, 178.039592, 62.619192
5173200, 72.770004, 169.655204, 54.563604
5176800, 67.250016, 164.024816, 49.154016
5180400, 64.900008, 161.627808, 46.851008
5184000, 60.900012, 157.547812, 42.931012
5187600, 62.039988, 158.710588, 44.048188
5191200, 61.419996, 158.078196, 43.440596
5194800, 58.140000, 154.732600, 40.226200
5198400, 57.830004, 154.416404, 39.922404
5202000, 58.299984, 154.895784, 40.382984
5205600, 62.489988, 159.169588, 44.489188
5209200, 71.579988, 168.441388, 53.397388
5212800, 79.359984, 176.376984, 61.021784
5216400, 87.800004, 184.985804, 69.293004
5220000, 79.830000, 176.856400, 61.482400
5223600, 66.530016, 163.290416, 48.448416
5227200, 64.760004, 161.485004, 46.713804
5230800, 63.159984, 159.852984, 45.145784
5234400, 68.199984, 164.993784, 50.084984
5238000, 66.890016, 163.657616, 48.801216
5241600, 67.200012, 163.973812, 49.105012
5245200, 72.489996, 169.369596, 54.289196
5248800, 89.399988, 186.617788, 70.860988
5252400, 91.879992, 189.147392, 73.291392
5256000, 87.189984, 184.363584, 68.695184
5259600, 77.490000, 174.469600, 59.189200
5263200, 71.619984, 168.482184, 53.436584
5266800, 70.059996, 166.890996, 51.907796
5270400, 66.390012, 163.147612, 48.311212
5274000, 59.950008, 156.578808, 42.000008
5277600, 56.030004, 152.580404, 38.158404
5281200, 56.019996, 152.570196, 38.148596
5284800, 55.479996, 152.019396, 37.619396
5288400, 54.879984, 151.407384, 37.031384
5292000, 55.990008, 152.539608, 38.119208
5295600, 56.580012, 153.141412, 38.697412
5299200, 60.670008, 157.313208, 42.705608
5302800, 63.759996, 160.464996, 45.733796
5306400, 65.750004, 162.494804, 47.684004
5310000, 60.440004, 157.078604, 42.480204
5313600, 61.099992, 157.751792, 43.126992
5317200, 57.849984, 154.436784, 39.941984
5320800, 54.900000, 151.427800, 37.051000
5324400, 59.860008, 156.487008, 41.911808
5328000, 66.080016, 162.831416, 48.007416
5331600, 73.000008, 169.889808, 54.789008
5335200, 81.609984, 178.671984, 63.226784
5338800, 93.600000, 190.901800, 74.977000
5342400, 89.899992, 187.127792, 71.350992
5346000, 76.979988, 173.949388, 58.689388
5349600, 72.799992, 169.685792, 54.592992
5353200, 84.899988, 182.027788, 66.450988
5356800, 79.400016, 176.417816, 61.061016
5360400, 63.699984, 160.403784, 45.674984
5364000, 68.799996, 165.605796, 50.672996
5367600, 66.740004, 163.504604, 48.654204
5371200, 57.909996, 154.497996, 40.000796
5374800, 55.479996, 152.019396, 37.619396
5378400, 58.880016, 155.487416, 40.951416
5382000, 65.049984, 161.780784, 46.997984
5385600, 68.969988, 165.779188, 50.839588
5389200, 69.900012, 166.727812, 51.751012
5392800, 70.359984, 167.196984, 52.201784
5396400, 71.240004, 168.094604, 53.064204
5400000, 70.509996, 167.349996, 52.348796
5403600, 54.020016, 150.530216, 36.188616
5407200, 42.509988, 138.789988, 24.908788
5410800, 46.839996, 143.206596, 29.152196
5414400, 55.580004, 152.121404, 37.717404
5418000, 60.279984, 156.915384, 42.323384
5421600, 79.999992, 177.029792, 61.648992
5425200, 92.009988, 189.279988, 73.418788
5428800, 86.960016, 184.129016, 68.469816
5432400, 81.799992, 178.865792, 63.412992
5436000, 74.999988, 171.929788, 56.748988
5439600, 72.180000, 169.053400, 53.985400
5443200, 72.420012, 169.298212, 54.220612
5446800, 69.130008, 165.942408, 50.996408
5450400, 67.899996, 164.687796, 49.790996
5454000, 67.410000, 164.188000, 49.310800
5457600, 66.219984, 162.974184, 48.144584
5461200, 65.589984, 162.331584, 47.527184
5464800, 70.830000, 167.676400, 52.662400
5468400, 81.180000, 178.233400, 62.805400
5472000, 96.670008, 194.033208, 77.985608
5475600, 102.970008, 200.459208, 84.159608
5479200, 85.020012, 182.150212, 66.568612
5482800, 72.159984, 169.032984, 53.965784
5486400, 65.070000, 161.801200, 47.017600
5490000, 63.929988, 160.638388, 45.900388
5493600, 61.139988, 157.792588, 43.166188
5497200, 62.499996, 159.179796, 44.498996
5500800, 69.860016, 166.687016, 51.711816
5504400, 79.179984, 176.193384, 60.845384
5508000, 99.399996, 196.817796, 80.660996
5511600, 105.180012, 202.713412, 86.325412
5515200, 99.129996, 196.542396, 80.396396
5518800, 80.520012, 177.560212, 62.158612
5522400, 71.390016, 168.247616, 53.211216
5526000, 67.489992, 164.269592, 49.389192
5529600, 63.929988, 160.638388, 45.900388
5533200, 61.959996, 158.628996, 43.969796
5536800, 61.670016, 158.333216, 43.685616
5540400, 61.329996, 157.986396, 43.352396
5544000, 59.860008, 156.487008, 41.911808
5547600, 60.559992, 157.200992, 42.597792
5551200, 61.670016, 158.333216, 43.685616
5554800, 71.529984, 168.390384, 53.348384
5558400, 79.279992, 176.295392, 60.943392
5562000, 83.019996, 180.110196, 64.608596
5565600, 77.000004, 173.969804, 58.709004
5569200, 71.150004, 168.002804, 52.976004
5572800, 69.720012, 166.544212, 51.574612
5576400, 66.060000, 162.811000, 47.987800
5580000, 65.909988, 162.657988, 47.840788
5583600, 69.710004, 166.534004, 51.564804
5587200, 70.850016, 167.696816, 52.682016
5590800, 76.330008, 173.286408, 58.052408
5594400, 82.410012, 179.488012, 64.010812
5598000, 104.490000, 202.009600, 85.649200
5601600, 126.680004, 224.643404, 107.395404
5605200, 105.199992, 202.733792, 86.344992
5608800, 90.680004, 187.923404, 72.115404
5612400, 86.100012, 183.251812, 67.627012
5616000, 72.979992, 169.869392, 54.769392
5619600, 70.999992, 167.849792, 52.828992
5623200, 70.700004, 167.543804, 52.535004
5626800, 70.459992, 167.298992, 52.299792
5630400, 69.739992, 166.564592, 51.594192
5634000, 70.459992, 167.298992, 52.299792
5637600, 73.910016, 170.818016, 55.680816
5641200, 83.980008, 181.089408, 65.549408
5644800, 106.639992, 204.202592, 87.756192
5648400, 108.699984, 206.303784, 89.774984
5652000, 87.210000, 184.384000, 68.714800
5655600, 76.100004, 173.051804, 57.827004
5659200, 72.169992, 169.043192, 53.975592
5662800, 69.350004, 166.166804, 51.212004
5666400, 69.289992, 166.105592, 51.153192
5670000, 70.639992, 167.482592, 52.476192
5673600, 72.299988, 169.175788, 54.102988
5677200, 77.010012, 173.980012, 58.718812
5680800, 87.090012, 184.261612, 68.597212
5684400, 117.799992, 215.585792, 98.692992
5688000, 119.260008, 217.075008, 100.123808
5691600, 93.440016, 190.738616, 74.820216
5695200, 80.150004, 177.182804, 61.796004
5698800, 77.979996, 174.969396, 59.669396
5702400, 74.340000, 171.256600, 56.102200
5706000, 73.329984, 170.226384, 55.112384
5709600, 72.320004, 169.196204, 54.122604
5713200, 70.340004, 167.176604, 52.182204
5716800, 68.709996, 165.513996, 50.584796
5720400, 69.890004, 166.717604, 51.741204
5724000, 73.130004, 170.022404, 54.916404
5727600, 84.269988, 181.385188, 65.833588
5731200, 103.200012, 200.693812, 84.385012
5734800, 96.699996, 194.063796, 78.014996
5738400, 79.089984, 176.101584, 60.757184
5742000, 71.309988, 168.165988, 53.132788
5745600, 66.160008, 162.913008, 48.085808
5749200, 61.580016, 158.241416, 43.597416
5752800, 59.990004, 156.619604, 42.039204
5756400, 63.249984, 159.944784, 45.233984
5760000, 65.300004, 162.035804, 47.243004
5763600, 69.400008, 166.217808, 51.261008
5767200, 87.599988, 184.781788, 69.096988
5770800, 104.100012, 201.611812, 85.267012
5774400, 90.590004, 187.831604, 72.027204
5778000, 83.289996, 180.385596, 64.873196
5781600, 73.370016, 170.267216, 55.151616
5785200, 73.379988, 170.277388, 55.161388
5788800, 67.790016, 164.575616, 49.683216
5792400, 68.490000, 165.289600, 50.369200
5796000, 66.960000, 163.729000, 48.869800
5799600, 67.010004, 163.780004, 48.918804
5803200, 65.990016, 162.739616, 47.919216
5806800, 65.000016, 161.729816, 46.949016
5810400, 67.100004, 163.871804, 49.007004
5814000, 78.789996, 175.795596, 60.463196
5817600, 94.809996, 192.135996, 76.162796
5821200, 88.890012, 186.097612, 70.361212
5824800, 74.360016, 171.277016, 56.121816
5828400, 59.659992, 156.282992, 41.715792
5832000, 52.250004, 148.724804, 34.454004
5835600, 42.940008, 139.228608, 25.330208
5839200, 24.999998, 120.929798, 7.748998
5842800, 44.060004, 140.371004, 26.427804
5846400, 48.909996, 145.317996, 31.180796
5850000, 56.459988, 153.018988, 38.579788
5853600, 72.799992, 169.685792, 54.592992
5857200, 84.510000, 181.630000, 66.068800
5860800, 80.809992, 177.855992, 62.442792
5864400, 71.949996, 168.818796, 53.759996
5868000, 65.289996, 162.025596, 47.233196
5871600, 65.170008, 161.903208, 47.115608
5875200, 60.040008, 156.670608, 42.088208
5878800, 56.710008, 153.274008, 38.824808
5882400, 55.050012, 151.580812, 37.198012
5886000, 53.870004, 150.377204, 36.041604
5889600, 52.689996, 149.173596, 34.885196
5893200, 48.759984, 145.164984, 31.033784
5896800, 47.959992, 144.348992, 30.249792
5900400, 50.659992, 147.102992, 32.895792
5904000, 53.060004, 149.551004, 35.247804
5907600, 53.060004, 149.551004, 35.247804
5911200, 48.120012, 144.512212, 30.406612
5914800, 38.689992, 134.893592, 21.165192
5918400, 26.439998, 122.398598, 9.160198
5922000, 15.850001, 111.596801, 0.000000
5925600, 15.670001, 111.413201, 0.000000
5929200, 28.159999, 124.152999, 10.845799
5932800, 28.570000, 124.571200, 11.247600
5936400, 52.650000, 149.132800, 34.846000
5940000, 69.660000, 166.483000, 51.515800
5943600, 78.170004, 175.163204, 59.855604
5947200, 79.030008, 176.040408, 60.698408
5950800, 69.999984, 166.829784, 51.848984
5954400, 60.469992, 157.109192, 42.509592
5958000, 67.640004, 164.422604, 49.536204
5961600, 68.299992, 165.095792, 50.182992
5965200, 48.650004, 145.052804, 30.926004
5968800, 46.059984, 142.410984, 28.387784
5972400, 40.979988, 137.229388, 23.409388
5976000, 35.550000, 131.690800, 18.088000
5979600, 32.389999, 128.467599, 14.991199
5983200, 32.280001, 128.355401, 14.883401
5986800, 33.909998, 130.017998, 16.480798
5990400, 39.489984, 135.709584, 21.949184
5994000, 55.580004, 152.121404, 37.717404
5997600, 69.689988, 166.513588, 51.545188
6001200, 60.099984, 156.731784, 42.146984
6004800, 80.970012, 178.019212, 62.599612
6008400, 90.900000, 188.147800, 72.331000
6012000, 80.799984, 177.845784, 62.432984
6015600, 65.170008, 161.903208, 47.115608
6019200, 65.850012, 162.596812, 47.782012
6022800, 70.200000, 167.033800, 52.045000
6026400, 84.920004, 182.048204, 66.470604
6030000, 87.300000, 184.475800, 68.803000
6033600, 106.400016, 203.957816, 87.521016
6037200, 95.600016, 192.941816, 76.937016
6040800, 87.300000, 184.475800, 68.803000
6044400, 86.829984, 183.996384, 68.342384
6048000, 82.270008, 179.345208, 63.873608
6051600, 64.800000, 161.525800, 46.753000
6055200, 63.000000, 159.689800, 44.989000
6058800, 56.610000, 153.172000, 38.726800
6062400, 54.810000, 151.336000, 36.962800
6066000, 53.510004, 150.010004, 35.688804
6069600, 56.999988, 153.569788, 39.108988
6073200, 76.690008, 173.653608, 58.405208
6076800, 82.760004, 179.845004, 64.353804
6080400, 85.709988, 182.853988, 67.244788
6084000, 82.569996, 179.651196, 64.167596
6087600, 76.610016, 173.572016, 58.326816
6091200, 68.519988, 165.320188, 50.398588
6094800, 68.799996, 165.605796, 50.672996
6098400, 66.960000, 163.729000, 48.869800
6102000, 66.999996, 163.769796, 48.908996
6105600, 73.429992, 170.328392, 55.210392
6109200, 75.759984, 172.704984, 57.493784
6112800, 85.579992, 182.721392, 67.117392
6116400, 98.709984, 196.113984, 79.984784
6120000, 107.979984, 205.569384, 89.069384
6123600, 87.990012, 185.179612, 69.479212
6127200, 76.680000, 173.643400, 58.395400
6130800, 75.020004, 171.950204, 56.768604
6134400, 67.079988, 163.851388, 48.987388
6138000, 69.180012, 165.993412, 51.045412
6141600, 65.559996, 162.300996, 47.497796
6145200, 66.510000, 163.270000, 48.428800
6148800, 65.199996, 161.933796, 47.144996
6152400, 64.230012, 160.944412, 46.194412
6156000, 69.390000, 166.207600, 51.251200
6159600, 78.879996, 175.887396, 60.551396
6163200, 92.360016, 189.637016, 73.761816
6166800, 100.299996, 197.735796, 81.542996
6170400, 93.800016, 191.105816, 75.173016
6174000, 84.070008, 181.181208, 65.637608
6177600, 74.930004, 171.858404, 56.680404
6181200, 73.890000, 170.797600, 55.661200
6184800, 71.309988, 168.165988, 53.132788
6188400, 71.840016, 168.706616, 53.652216
6192000, 77.379984, 174.357384, 59.081384
6195600, 79.999992, 177.029792, 61.648992
6199200, 76.240008, 173.194608, 57.964208
6202800, 87.000012, 184.169812, 68.509012
6206400, 105.009984, 202.539984, 86.158784
6210000, 87.930000, 185.118400, 69.420400
6213600, 77.159988, 174.132988, 58.865788
6217200, 74.940012, 171.868612, 56.690212
6220800, 64.910016, 161.638016, 46.860816
6224400, 58.140000, 154.732600, 40.226200
6228000, 54.540000, 151.060600, 36.698200
6231600, 52.790004, 149.275604, 34.983204
6235200, 51.289992, 147.745592, 33.513192
6238800, 51.249996, 147.704796, 33.473996
6242400, 56.660004, 153.223004, 38.775804
6246000, 69.639984, 166.462584, 51.496184
6249600, 89.290008, 186.505608, 70.753208
6253200, 89.309988, 186.525988, 70.772788
6256800, 74.999988, 171.929788, 56.748988
6260400, 64.990008, 161.719608, 46.939208
6264000, 59.209992, 155.823992, 41.274792
6267600, 55.140012, 151.672612, 37.286212
6271200, 48.549996, 144.950796, 30.827996
6274800, 50.000004, 146.429804, 32.249004
6278400, 53.939988, 150.448588, 36.110188
6282000, 58.140000, 154.732600, 40.226200
6285600, 77.400000, 174.377800, 59.101000
6289200, 91.969992, 189.239192, 73.379592
6292800, 100.199988, 197.633788, 81.444988
6296400, 85.179996, 182.313396, 66.725396
6300000, 66.870000, 163.637200, 48.781600
6303600, 68.180004, 164.973404, 50.065404
6307200, 63.879984, 160.587384, 45.851384
6310800, 63.290016, 159.985616, 45.273216
6314400, 56.900016, 153.467816, 39.011016
6318000, 57.520008, 154.100208, 39.618608
6321600, 56.999988, 153.569788, 39.108988
6325200, 51.099984, 147.551784, 33.326984
6328800, 57.920004, 154.508204, 40.010604
6332400, 69.999984, 166.829784, 51.848984
6336000, 87.050016, 184.220816, 68.558016
6339600, 81.990000, 179.059600, 63.599200
6343200, 65.710008, 162.454008, 47.644808
6346800, 54.320004, 150.836204, 36.482604
6350400, 42.230016, 138.504416, 24.634416
6354000, 19.800000, 115.625800, 2.653000
6357600, 29.610000, 125.632000, 12.266800
6361200, 42.819984, 139.106184, 25.212584
6364800, 47.239992, 143.614592, 29.544192
6368400, 51.030000, 147.480400, 33.258400
6372000, 71.139996, 167.992596, 52.966196
6375600, 85.430016, 182.568416, 66.970416
6379200, 87.450012, 184.628812, 68.950012
6382800, 74.109996, 171.021996, 55.876796
6386400, 62.830008, 159.516408, 44.822408
6390000, 59.609988, 156.231988, 41.666788
6393600, 50.000004, 146.429804, 32.249004
6397200, 46.869984, 143.237184, 29.181584
6400800, 42.210000, 138.484000, 24.614800
6404400, 41.220000, 137.474200, 23.644600
6408000, 37.630008, 133.812408, 20.126408
6411600, 31.230000, 127.284400, 13.854400
6415200, 36.450000, 132.608800, 18.970000
6418800, 48.250008, 144.644808, 30.534008
6422400, 58.399992, 154.997792, 40.480992
6426000, 64.730016, 161.454416, 46.684416
6429600, 53.799984, 150.305784, 35.972984
6433200, 44.539992, 140.860592, 26.898192
6436800, 37.919988, 134.108188, 20.410588
6440400, 33.480000, 129.579400, 16.059400
6444000, 30.359999, 126.396999, 13.001799
6447600, 26.740001, 122.704601, 9.454201
6451200, 25.510000, 121.450000, 8.248800
6454800, 40.420008, 136.658208, 22.860608
6458400, 53.790012, 150.295612, 35.963212
6462000, 64.109988, 160.821988, 46.076788
6465600, 87.999984, 185.189784, 69.488984
6469200, 64.289988, 161.005588, 46.253188
6472800, 55.500012, 152.039812, 37.639012
6476400, 56.379996, 152.937396, 38.501396
6480000, 49.449996, 145.868796, 31.709996
6483600, 44.309988, 140.625988, 26.672788
6487200, 42.149988, 138.422788, 24.555988
6490800, 40.690008, 136.933608, 23.125208
6494400, 38.930004, 135.138404, 21.400404
6498000, 38.760012, 134.965012, 21.233812
6501600, 40.550004, 136.790804, 22.988004
6505200, 47.679984, 144.063384, 29.975384
6508800, 54.129996, 150.642396, 36.296396
6512400, 53.110008, 149.602008, 35.296808
6516000, 47.009988, 143.379988, 29.318788
6519600, 44.880012, 141.207412, 27.231412
6523200, 41.659992, 137.922992, 24.075792
6526800, 36.870012, 133.037212, 19.381612
6530400, 21.560000, 117.421000, 4.377800
6534000, 13.740001, 109.444601, 0.000000
6537600, 32.469998, 128.549198, 15.069598
6541200, 50.270004, 146.705204, 32.513604
6544800, 74.040012, 170.950612, 55.808212
6548400, 85.349988, 182.486788, 66.891988
6552000, 94.479984, 191.799384, 75.839384
6555600, 84.120012, 181.232212, 65.686612
6559200, 73.500012, 170.399812, 55.279012
6562800, 72.839988, 169.726588, 54.632188
6566400, 67.100004, 163.871804, 49.007004
6570000, 64.990008, 161.719608, 46.939208
6573600, 60.000012, 156.629812, 42.049012
6577200, 55.140012, 151.672612, 37.286212
6580800, 50.510016, 146.950016, 32.748816
6584400, 47.589984, 143.971584, 29.887184
6588000, 52.070004, 148.541204, 34.277604
6591600, 47.919996, 144.308196, 30.210596
6595200, 51.429996, 147.888396, 33.650396
6598800, 44.849988, 141.176788, 27.201988
6602400, 47.059992, 143.430992, 29.367792
6606000, 45.280008, 141.615408, 27.623408
6609600, 45.870012, 142.217212, 28.201612
6613200, 41.760000, 138.025000, 24.173800
6616800, 39.999996, 136.229796, 22.448996
6620400, 47.790000, 144.175600, 30.083200
6624000, 55.779984, 152.325384, 37.913384
6627600, 47.589984, 143.971584, 29.887184
6631200, 71.120016, 167.972216, 52.946616
6634800, 69.670008, 166.493208, 51.525608
6638400, 82.689984, 179.773584, 64.285184
6642000, 77.889996, 174.877596, 59.581196
6645600, 72.330012, 169.206412, 54.132412
6649200, 72.100008, 168.971808, 53.907008
6652800, 65.909988, 162.657988, 47.840788
6656400, 64.119996, 160.832196, 46.086596
6660000, 57.139992, 153.712592, 39.246192
6663600, 58.309992, 154.905992, 40.392792
6667200, 52.830000, 149.316400, 35.022400
6670800, 51.630012, 148.092412, 33.846412
6674400, 52.359984, 148.836984, 34.561784
6678000, 69.930000, 166.758400, 51.780400
6681600, 96.500016, 193.859816, 77.819016
6685200, 94.449996, 191.768796, 75.809996
6688800, 82.800000, 179.885800, 64.393000
6692400, 72.830016, 169.716416, 54.622416
6696000, 66.639996, 163.402596, 48.556196
6699600, 64.450008, 161.168808, 46.410008
6703200, 56.540016, 153.100616, 38.658216
6706800, 47.149992, 143.522792, 29.455992
6710400, 49.280004, 145.695404, 31.543404
6714000, 54.749988, 151.274788, 36.903988
6717600, 67.320000, 164.096200, 49.222600
6721200, 109.000008, 206.609808, 90.069008
6724800, 125.600004, 223.541804, 106.337004
6728400, 102.859992, 200.346992, 84.051792
6732000, 79.400016, 176.417816, 61.061016
6735600, 77.619996, 174.602196, 59.316596
6739200, 71.640000, 168.502600, 53.456200
6742800, 69.999984, 166.829784, 51.848984
6746400, 66.920004, 163.688204, 48.830604
6750000, 63.280008, 159.975408, 45.263408
6753600, 60.810012, 157.456012, 42.842812
6757200, 58.430016, 155.028416, 40.510416
6760800, 62.409996, 159.087996, 44.410796
6764400, 79.869996, 176.897196, 61.521596
6768000, 104.889996, 202.417596, 86.041196
6771600, 95.870016, 193.217216, 77.201616
6775200, 72.060012, 168.931012, 53.867812
6778800, 59.659992, 156.282992, 41.715792
6782400, 53.439984, 149.938584, 35.620184
6786000, 50.109984, 146.541984, 32.356784
6789600, 44.809992, 141.135992, 27.162792
6793200, 45.129996, 141.462396, 27.476396
6796800, 49.259988, 145.674988, 31.523788
6800400, 54.370008, 150.887208, 36.531608
6804000, 77.230008, 174.204408, 58.934408
6807600, 98.600004, 196.001804, 79.877004
6811200, 128.959992, 226.968992, 109.629792
6814800, 110.000016, 207.629816, 91.049016
6818400, 89.060004, 186.271004, 70.527804
6822000, 81.730008, 178.794408, 63.344408
6825600, 76.100004, 173.051804, 57.827004
6829200, 76.010004, 172.960004, 57.738804
6832800, 70.440012, 167.278612, 52.280212
6836400, 65.760012, 162.505012, 47.693812
6840000, 58.809996, 155.415996, 40.882796
6843600, 60.000012, 156.629812, 42.049012
6847200, 66.769992, 163.535192, 48.683592
6850800, 93.300012, 190.595812, 74.683012
6854400, 103.150008, 200.642808, 84.336008
6858000, 98.920008, 196.328208, 80.190608
6861600, 70.840008, 167.686608, 52.672208
6865200, 61.750008, 158.414808, 43.764008
6868800, 57.179988, 153.753388, 39.285388
6872400, 62.480016, 159.159416, 44.479416
6876000, 65.490012, 162.229612, 47.429212
6879600, 59.090004, 155.701604, 41.157204
6883200, 64.080000, 160.791400, 46.047400
6886800, 71.269992, 168.125192, 53.093592
6890400, 97.859988, 195.246988, 79.151788
6894000, 144.849996, 243.176796, 125.201996
6897600, 141.559992, 239.820992, 121.977792
6901200, 115.149996, 212.882796, 96.095996
6904800, 99.380016, 196.797416, 80.641416
6908400, 82.900008, 179.987808, 64.491008
6912000, 78.919992, 175.928192, 60.590592
6915600, 70.430004, 167.268404, 52.270404
6919200, 69.999984, 166.829784, 51.848984
6922800, 64.720008, 161.444208, 46.674608
6926400, 54.560016, 151.081016, 36.717816
6930000, 45.860004, 142.207004, 28.191804
6933600, 46.800000, 143.165800, 29.113000
6937200, 65.819988, 162.566188, 47.752588
6940800, 89.070012, 186.281212, 70.537612
6944400, 101.099988, 198.551788, 82.326988
6948000, 80.420004, 177.458204, 62.060604
6951600, 72.410004, 169.288004, 54.210804
6955200, 63.339984, 160.036584, 45.322184
6958800, 62.150004, 158.822804, 44.156004
6962400, 53.979984, 150.489384, 36.149384
6966000, 54.429984, 150.948384, 36.590384
6969600, 44.730000, 141.054400, 27.084400
6973200, 53.439984, 149.938584, 35.620184
6976800, 71.129988, 167.982388, 52.956388
6980400, 101.080008, 198.531408, 82.307408
6984000, 115.409988, 213.147988, 96.350788
6987600, 91.310004, 188.566004, 72.732804
6991200, 69.710004, 166.534004, 51.564804
6994800, 61.400016, 158.057816, 43.421016
6998400, 52.120008, 148.592208, 34.326608
7002000, 44.499996, 140.819796, 26.858996
7005600, 42.140016, 138.412616, 24.546216
7009200, 39.260016, 135.475016, 21.723816
7012800, 34.359998, 130.476998, 16.921798
7016400, 30.370000, 126.407200, 13.011600
7020000, 34.970000, 131.099200, 17.519600
7023600, 45.950004, 142.298804, 28.280004
7027200, 61.020000, 157.670200, 43.048600
7030800, 64.010016, 160.720016, 45.978816
7034400, 44.859996, 141.186996, 27.211796
7038000, 40.370004, 136.607204, 22.811604
7041600, 50.760000, 147.205000, 32.993800
7045200, 49.939992, 146.368592, 32.190192
7048800, 60.800004, 157.445804, 42.833004
7052400, 61.099992, 157.751792, 43.126992
7056000, 65.599992, 162.341792, 47.536992
7059600, 64.400004, 161.117804, 46.361004
7063200, 76.799988, 173.765788, 58.512988
7066800, 84.530016, 181.650416, 66.088416
7070400, 94.950000, 192.278800, 76.300000
7074000, 87.900012, 185.087812, 69.391012
7077600, 56.390004, 152.947604, 38.511204
7081200, 52.350012, 148.826812, 34.552012
7084800, 48.390012, 144.787612, 30.671212
7088400, 45.529992, 141.870392, 27.868392
7092000, 42.819984, 139.106184, 25.212584
7095600, 27.640001, 123.622601, 10.336201
7099200, 23.620000, 119.522200, 6.396600
7102800, 21.460000, 117.319000, 4.279800
7106400, 21.719999, 117.584199, 4.534599
7110000, 22.579999, 118.461399, 5.377399
7113600, 21.920000, 117.788200, 4.730600
7117200, 19.370002, 115.187202, 2.231602
7120800, 5.260000, 100.795000, 0.000000
7124400, 0.010000, 95.440000, 0.000000
7128000, -0.050000, 95.378800, 0.000000
7131600, 0.200000, 95.633800, 0.000000
7135200, -0.150000, 95.276800, 0.000000
7138800, -7.949999, 87.320801, 0.000000
7142400, -0.930000, 94.481200, 0.000000
7146000, -1.470000, 93.930400, 0.000000
7149600, 18.270000, 114.065200, 1.153600
7153200, 41.320008, 137.576208, 23.742608
7156800, 52.959996, 149.448996, 35.149796
7160400, 44.970012, 141.299212, 27.319612
7164000, 36.519984, 132.680184, 19.038584
7167600, 33.170000, 129.263200, 15.755600
7171200, 25.189999, 121.123599, 7.935199
7174800, 15.019999, 110.750199, 0.000000
7178400, 7.300001, 102.875801, 0.000000
7182000, 6.160000, 101.713000, 0.000000
7185600, 4.799999, 100.325799, 0.000000
7189200, 4.889999, 100.417599, 0.000000
7192800, 4.510001, 100.030001, 0.000000
7196400, 4.180000, 99.693400, 0.000000
7200000, 1.190000, 96.643600, 0.000000
7203600, 0.000000, 95.429800, 0.000000
7207200, 0.000000, 95.429800, 0.000000
7210800, 0.000000, 95.429800, 0.000000
7214400, 0.000000, 95.429800, 0.000000
7218000, 0.000000, 95.429800, 0.000000
7221600, 0.000000, 95.429800, 0.000000
7225200, 0.000000, 95.429800, 0.000000
7228800, 0.000000, 95.429800, 0.000000
7232400, 3.890002, 99.397602, 0.000000
7236000, 34.350001, 130.466801, 16.912001
7239600, 62.910000, 159.598000, 44.900800
7243200, 74.900016, 171.827816, 56.651016
7246800, 66.440016, 163.198616, 48.360216
7250400, 65.999988, 162.749788, 47.928988
7254000, 63.050004, 159.740804, 45.038004
7257600, 63.110016, 159.802016, 45.096816
7261200, 62.660016, 159.343016, 44.655816
7264800, 58.449996, 155.048796, 40.529996
7268400, 57.740004, 154.324604, 39.834204
7272000, 60.530004, 157.170404, 42.568404
7275600, 59.259996, 155.874996, 41.323796
7279200, 71.660016, 168.523016, 53.475816
7282800, 86.590008, 183.751608, 68.107208
7286400, 113.870016, 211.577216, 94.841616
7290000, 99.680004, 197.103404, 80.935404
7293600, 62.619984, 159.302184, 44.616584
7297200, 52.530012, 149.010412, 34.728412
7300800, 47.199996, 143.573796, 29.504996
7304400, 46.350000, 142.706800, 28.672000
7308000, 43.530012, 139.830412, 25.908412
7311600, 45.140004, 141.472604, 27.486204
7315200, 51.450012, 147.908812, 33.670012
7318800, 59.230008, 155.844408, 41.294408
7322400, 83.279988, 180.375388, 64.863388
7326000, 137.599992, 235.781792, 118.096992
7329600, 129.650004, 227.672804, 110.306004
7333200, 76.849992, 173.816792, 58.561992
7336800, 65.019996, 161.750196, 46.968596
7340400, 66.139992, 162.892592, 48.066192
7344000, 65.099988, 161.831788, 47.046988
7347600, 61.570008, 158.231208, 43.587608
7351200, 53.830008, 150.336408, 36.002408
7354800, 47.080008, 143.451408, 29.387408
7358400, 45.709992, 142.053992, 28.044792
7362000, 57.740004, 154.324604, 39.834204
7365600, 62.290008, 158.965608, 44.293208
7369200, 75.330000, 172.266400, 57.072400
7372800, 79.200000, 176.213800, 60.865000
7376400, 72.079992, 168.951392, 53.887392
7380000, 61.999992, 158.669792, 44.008992
7383600, 49.500000, 145.919800, 31.759000
7387200, 37.029996, 133.200396, 19.538396
7390800, 27.839999, 123.826599, 10.532199
7394400, 29.570000, 125.591200, 12.227600
7398000, 37.100016, 133.271816, 19.607016
7401600, 50.230008, 146.664408, 32.474408
7405200, 63.740016, 160.444616, 45.714216
7408800, 81.050004, 178.100804, 62.678004
7412400, 103.290012, 200.785612, 84.473212
7416000, 100.299996, 197.735796, 81.542996
7419600, 79.229988, 176.244388, 60.894388
7423200, 77.050008, 174.020808, 58.758008
7426800, 69.779988, 166.605388, 51.633388
7430400, 63.309996, 160.005996, 45.292796
7434000, 58.349988, 154.946788, 40.431988
7437600, 57.089988, 153.661588, 39.197188
7441200, 57.279996, 153.855396, 39.383396
7444800, 51.080004, 147.531404, 33.307404
7448400, 50.389992, 146.827592, 32.631192
7452000, 44.470008, 140.789208, 26.829608
7455600, 72.500004, 169.379804, 54.299004
7459200, 82.770012, 179.855212, 64.363612
7462800, 79.920000, 176.948200, 61.570600
7466400, 68.100012, 164.891812, 49.987012
7470000, 63.709992, 160.413992, 45.684792
7473600, 57.520008, 154.100208, 39.618608
7477200, 54.799992, 151.325792, 36.952992
7480800, 55.540008, 152.080608, 37.678208
7484400, 42.729984, 139.014384, 25.124384
7488000, 47.419992, 143.798192, 29.720592
7491600, 55.220004, 151.754204, 37.364604
7495200, 83.400012, 180.497812, 64.981012
7498800, 104.969988, 202.499188, 86.119588
7502400, 112.759992, 210.444992, 93.753792
7506000, 87.779988, 184.965388, 69.273388
7509600, 65.900016, 162.647816, 47.831016
7513200, 63.619992, 160.322192, 45.596592
7516800, 53.139996, 149.632596, 35.326196
7520400, 59.569992, 156.191192, 41.627592
7524000, 41.079996, 137.331396, 23.507396
7527600, 37.239984, 133.414584, 19.744184
7531200, 36.479988, 132.639388, 18.999388
7534800, 30.139999, 126.172599, 12.786199
7538400, 30.530002, 126.570402, 13.168402
7542000, 37.569996, 133.751196, 20.067596
7545600, 54.879984, 151.407384, 37.031384
7549200, 48.949992, 145.358792, 31.219992
7552800, 42.339996, 138.616596, 24.742196
7556400, 20.650000, 116.492800, 3.486000
7560000, 13.979999, 109.689399, 0.000000
7563600, 6.720001, 102.284201, 0.000000
7567200, 0.050000, 95.480800, 0.000000
7570800, 0.030000, 95.460400, 0.000000
7574400, 6.350000, 101.906800, 0.000000
7578000, 15.270001, 111.005201, 0.000000
7581600, 25.800001, 121.745801, 8.533001
7585200, 40.349988, 136.586788, 22.791988
7588800, 62.650008, 159.332808, 44.646008
7592400, 42.320016, 138.596216, 24.722616
7596000, 28.210000, 124.204000, 10.894800
7599600, 32.140001, 128.212601, 14.746201
7603200, 24.999998, 120.929798, 7.748998
7606800, 20.599999, 116.441799, 3.436999
7610400, 18.830002, 114.636402, 1.702402
7614000, 12.430001, 108.108401, 0.000000
7617600, 10.239998, 105.874598, 0.000000
7621200, 12.589999, 108.271599, 0.000000
7624800, 14.320001, 110.036201, 0.000000
7628400, 22.020001, 117.890201, 4.828601
7632000, 31.399999, 127.457799, 14.020999
7635600, 37.429992, 133.608392, 19.930392
7639200, 33.090001, 129.181601, 15.677201
7642800, 22.619999, 118.502199, 5.416599
7646400, 18.789998, 114.595598, 1.663198
7650000, 12.980002, 108.669402, 0.000000
7653600, 9.860000, 105.487000, 0.000000
7657200, 13.439999, 109.138599, 0.000000
7660800, 20.200000, 116.033800, 3.045000
7664400, 31.389998, 127.447598, 14.011198
7668000, 61.380000, 158.037400, 43.401400
7671600, 94.020012, 191.330212, 75.388612
7675200, 106.059996, 203.610996, 87.187796
7678800, 87.400008, 184.577808, 68.901008
7682400, 70.030008, 166.860408, 51.878408
7686000, 75.890016, 172.837616, 57.621216
7689600, 69.999984, 166.829784, 51.848984
7693200, 69.300000, 166.115800, 51.163000
7696800, 58.160016, 154.753016, 40.245816
7700400, 56.700000, 153.263800, 38.815000
7704000, 60.660000, 157.303000, 42.695800
7707600, 65.379996, 162.117396, 47.321396
7711200, 65.049984, 161.780784, 46.997984
7714800, 63.799992, 160.505792, 45.772992
7718400, 52.930008, 149.418408, 35.120408
7722000, 48.920004, 145.328204, 31.190604
7725600, 44.449992, 140.768792, 26.809992
7729200, 35.910000, 132.058000, 18.440800
7732800, 24.700000, 120.623800, 7.455000
7736400, 22.900000, 118.787800, 5.691000
7740000, 11.480000, 107.139400, 0.000000
7743600, 15.940001, 111.688601, 0.000000
7747200, 38.779992, 134.985392, 21.253392
7750800, 52.520004, 149.000204, 34.718604
7754400, 77.780016, 174.765416, 59.473416
7758000, 90.839988, 188.086588, 72.272188
7761600, 98.979984, 196.389384, 80.249384
7765200, 86.990004, 184.159604, 68.499204
7768800, 73.659996, 170.562996, 55.435796
7772400, 70.830000, 167.676400, 52.662400
7776000, 65.739996, 162.484596, 47.674196
7779600, 84.330000, 181.446400, 65.892400
7783200, 76.830012, 173.796412, 58.542412
7786800, 52.679988, 149.163388, 34.875388
7790400, 62.359992, 159.036992, 44.361792
7794000, 59.370012, 155.987212, 41.431612
7797600, 65.919996, 162.668196, 47.850596
7801200, 69.999984, 166.829784, 51.848984
7804800, 69.999984, 166.829784, 51.848984
7808400, 49.340016, 145.756616, 31.602216
7812000, 36.069984, 132.221184, 18.597584
7815600, 28.490000, 124.489600, 11.169200
7819200, 19.490000, 115.309600, 2.349200
7822800, 2.990000, 98.479600, 0.000000
7826400, 1.000000, 96.449800, 0.000000
7830000, 13.209998, 108.903998, 0.000000
7833600, 34.130002, 130.242402, 16.696402
7837200, 54.039996, 150.550596, 36.208196
7840800, 63.360000, 160.057000, 45.341800
7844400, 92.980008, 190.269408, 74.369408
7848000, 70.840008, 167.686608, 52.672208
7851600, 47.009988, 143.379988, 29.318788
7855200, 43.700004, 140.003804, 26.075004
7858800, 50.289984, 146.725584, 32.533184
7862400, 50.320008, 146.756208, 32.562608
7866000, 44.390016, 140.707616, 26.751216
7869600, 37.289988, 133.465588, 19.793188
7873200, 31.640000, 127.702600, 14.256200
7876800, 29.650000, 125.672800, 12.306000
7880400, 44.430012, 140.748412, 26.790412
7884000, 37.180008, 133.353408, 19.685408
7887600, 38.850012, 135.056812, 21.322012
7891200, 39.290004, 135.505604, 21.753204
7894800, 37.500012, 133.679812, 19.999012
7898400, 30.600000, 126.641800, 13.237000
7902000, 13.990000, 109.699600, 0.000000
7905600, 3.160000, 98.653000, 0.000000
7909200, 0.030000, 95.460400, 0.000000
7912800, -0.010000, 95.419600, 0.000000
7916400, -0.010000, 95.419600, 0.000000
7920000, -0.010000, 95.419600, 0.000000
7923600, 5.789999, 101.335599, 0.000000
7927200, 30.340001, 126.376601, 12.982201
7930800, 53.989992, 150.499592, 36.159192
7934400, 52.809984, 149.295984, 35.002784
7938000, 48.300012, 144.695812, 30.583012
7941600, 29.980001, 126.009401, 12.629401
7945200, 14.900000, 110.627800, 0.000000
7948800, 18.609998, 114.411998, 1.486798
7952400, 11.400001, 107.057801, 0.000000
7956000, 5.649998, 101.192798, 0.000000
7959600, 2.760000, 98.245000, 0.000000
7963200, 1.960000, 97.429000, 0.000000
7966800, 7.279999, 102.855399, 0.000000
7970400, 35.330000, 131.466400, 17.872400
7974000, 59.969988, 156.599188, 42.019588
7977600, 47.160000, 143.533000, 29.465800
7981200, 25.139999, 121.072599, 7.886199
7984800, 8.660002, 104.263002, 0.000000
7988400, 7.139999, 102.712599, 0.000000
7992000, 1.620000, 97.082200, 0.000000
7995600, 0.360000, 95.797000, 0.000000
7999200, 0.030000, 95.460400, 0.000000
8002800, 0.000000, 95.429800, 0.000000
8006400, 4.309999, 99.825999, 0.000000
8010000, 22.020001, 117.890201, 4.828601
8013600, 53.809992, 150.315992, 35.982792
8017200, 69.300000, 166.115800, 51.163000
8020800, 90.050004, 187.280804, 71.498004
8024400, 65.329992, 162.066392, 47.272392
8028000, 73.249992, 170.144792, 55.033992
8031600, 69.500016, 166.319816, 51.359016
8035200, 40.849992, 137.096792, 23.281992
8038800, 44.070012, 140.381212, 26.437612
8042400, 44.280000, 140.595400, 26.643400
8046000, 44.380008, 140.697408, 26.741408
8049600, 46.929996, 143.298396, 29.240396
8053200, 44.179992, 140.493392, 26.545392
8056800, 56.999988, 153.569788, 39.108988
8060400, 79.999992, 177.029792, 61.648992
8064000, 103.240008, 200.734608, 84.424208
8067600, 92.329992, 189.606392, 73.732392
8071200, 93.499992, 190.799792, 74.878992
8074800, 81.399996, 178.457796, 63.020996
8078400, 57.949992, 154.538792, 40.039992
8082000, 34.170001, 130.283201, 16.735601
8085600, 25.480001, 121.419401, 8.219401
8089200, 22.720000, 118.604200, 5.514600
8092800, 23.829998, 119.736398, 6.602398
8096400, 28.519999, 124.520199, 11.198599
8100000, 46.630008, 142.992408, 28.946408
8103600, 71.240004, 168.094604, 53.064204
8107200, 66.089988, 162.841588, 48.017188
8110800, 48.849984, 145.256784, 31.121984
8114400, 45.010008, 141.340008, 27.358808
8118000, 37.010016, 133.180016, 19.518816
8121600, 17.730000, 113.514400, 0.624400
8125200, 15.700000, 111.443800, 0.000000
8128800, 17.930002, 113.718402, 0.820402
8132400, 18.720000, 114.524200, 1.594600
8136000, 17.410000, 113.188000, 0.310800
8139600, 20.130001, 115.962401, 2.976401
8143200, 21.669998, 117.533198, 4.485598
8146800, 31.450000, 127.508800, 14.070000
8150400, 34.999999, 131.129799, 17.548999
8154000, 27.429998, 123.408398, 10.130398
8157600, 35.860000, 132.007000, 18.391800
8161200, 21.080002, 116.931402, 3.907402
8164800, 18.000000, 113.789800, 0.889000
8168400, 16.920000, 112.688200, 0.000000
8172000, 16.710001, 112.474001, 0.000000
8175600, 17.089999, 112.861599, 0.000000
8179200, 17.390002, 113.167602, 0.291202
8182800, 21.150000, 117.002800, 3.976000
8186400, 36.140004, 132.292604, 18.666204
8190000, 57.660012, 154.243012, 39.755812
8193600, 58.470012, 155.069212, 40.549612
8197200, 45.230004, 141.564404, 27.574404
8200800, 42.149988, 138.422788, 24.555988
8204400, 32.990000, 129.079600, 15.579200
8208000, 35.640000, 131.782600, 18.176200
8211600, 31.889999, 127.957599, 14.501199
8215200, 27.850000, 123.836800, 10.542000
8218800, 21.589999, 117.451599, 4.407199
8222400, 23.170000, 119.063200, 5.955600
8226000, 21.390001, 117.247601, 4.211201
8229600, 29.470000, 125.489200, 12.129600
8233200, 42.680016, 138.963416, 25.075416
8236800, 47.070000, 143.441200, 29.377600
8240400, 35.619998, 131.762198, 18.156598
8244000, 26.740001, 122.704601, 9.454201
8247600, 13.330001, 109.026401, 0.000000
8251200, 5.410001, 100.948001, 0.000000
8254800, 0.000000, 95.429800, 0.000000
8258400, -0.080000, 95.348200, 0.000000
8262000, -1.870000, 93.522400, 0.000000
8265600, -1.460000, 93.940600, 0.000000
8269200, 11.610000, 107.272000, 0.000000
8272800, 27.740002, 123.724602, 10.434202
8276400, 35.039999, 131.170599, 17.588199
8280000, 38.459988, 134.658988, 20.939788
8283600, 33.220001, 129.314201, 15.804601
8287200, 36.939996, 133.108596, 19.450196
8290800, 34.729999, 130.854399, 17.284399
8294400, 26.240000, 122.194600, 8.964200
8298000, 24.779999, 120.705399, 7.533399
8301600, 25.880000, 121.827400, 8.611400
8305200, 26.169998, 122.123198, 8.895598
8308800, 27.929999, 123.918399, 10.620399
8312400, 22.700002, 118.583802, 5.495002
8316000, 21.430001, 117.288401, 4.250401
8319600, 21.920000, 117.788200, 4.730600
8323200, 18.320000, 114.116200, 1.202600
8326800, 4.110001, 99.622001, 0.000000
8330400, -10.000001, 85.229799, 0.000000
8334000, -10.800000, 84.413800, 0.000000
8337600, -20.000002, 75.029798, 0.000000
8341200, -54.420012, 39.921388, 0.000000
8344800, -45.659988, 48.856612, 0.000000
8348400, -33.009998, 61.759602, 0.000000
8352000, -0.490000, 94.930000, 0.000000
8355600, 2.590000, 98.071600, 0.000000
8359200, 33.300000, 129.395800, 15.883000
8362800, 40.110012, 136.342012, 22.556812
8366400, 37.969992, 134.159192, 20.459592
8370000, 33.440000, 129.538600, 16.020200
8373600, 28.559999, 124.560999, 11.237799
8377200, 17.039999, 112.810599, 0.000000
8380800, 6.300000, 101.855800, 0.000000
8384400, 0.110000, 95.542000, 0.000000
8388000, 0.000000, 95.429800, 0.000000
8391600, 0.000000, 95.429800, 0.000000
8395200, 0.000000, 95.429800, 0.000000
8398800, 0.000000, 95.429800, 0.000000
8402400, 0.000000, 95.429800, 0.000000
8406000, 0.000000, 95.429800, 0.000000
8409600, 0.000000, 95.429800, 0.000000
8413200, -0.010000, 95.419600, 0.000000
8416800, -0.160000, 95.266600, 0.000000
8420400, -3.260000, 92.104600, 0.000000
8424000, -8.619998, 86.637402, 0.000000
8427600, -23.320001, 71.643399, 0.000000
8431200, -19.950001, 75.080799, 0.000000
8434800, -5.040000, 90.289000, 0.000000
8438400, -0.150000, 95.276800, 0.000000
8442000, 4.910000, 100.438000, 0.000000
8445600, 51.320016, 147.776216, 33.542616
8449200, 82.940004, 180.028604, 64.530204
8452800, 69.210000, 166.024000, 51.074800
8456400, 64.869984, 161.597184, 46.821584
8460000, 53.660016, 150.163016, 35.835816
8463600, 44.210016, 140.524016, 26.574816
8467200, 43.300008, 139.595808, 25.683008
8470800, 50.069988, 146.501188, 32.317588
8474400, 46.739988, 143.104588, 29.054188
8478000, 46.710000, 143.074000, 29.024800
8481600, 46.659996, 143.022996, 28.975796
8485200, 50.259996, 146.694996, 32.503796
8488800, 71.629992, 168.492392, 53.446392
8492400, 115.869996, 213.617196, 96.801596
8496000, 119.610000, 217.432000, 100.466800
8499600, 85.510008, 182.650008, 67.048808
8503200, 69.890004, 166.717604, 51.741204
8506800, 67.100004, 163.871804, 49.007004
8510400, 65.000016, 161.729816, 46.949016
8514000, 63.290016, 159.985616, 45.273216
8517600, 60.500016, 157.139816, 42.539016
8521200, 63.399996, 160.097796, 45.380996
8524800, 69.999984, 166.829784, 51.848984
8528400, 75.009996, 171.939996, 56.758796
8532000, 104.900004, 202.427804, 86.051004
8535600, 137.300004, 235.475804, 117.803004
8539200, 122.000004, 219.869804, 102.809004
8542800, 69.999984, 166.829784, 51.848984
8546400, 76.219992, 173.174192, 57.944592
8550000, 65.000016, 161.729816, 46.949016
8553600, 78.210000, 175.204000, 59.894800
8557200, 60.000012, 156.629812, 42.049012
8560800, 48.589992, 144.991592, 30.867192
8564400, 38.149992, 134.342792, 20.635992
8568000, 38.540016, 134.740616, 21.018216
8571600, 41.839992, 138.106592, 24.252192
8575200, 41.100012, 137.351812, 23.527012
8578800, 58.650012, 155.252812, 40.726012
8582400, 63.050004, 159.740804, 45.038004
8586000, 46.469988, 142.829188, 28.789588
8589600, 32.519999, 128.600199, 15.118599
8593200, 27.119999, 123.092199, 9.826599
8596800, 17.480002, 113.259402, 0.379402
8600400, 4.079999, 99.591399, 0.000000
8604000, 4.280000, 99.795400, 0.000000
8607600, 19.689998, 115.513598, 2.545198
8611200, 13.219999, 108.914199, 0.000000
8614800, 22.920001, 118.808201, 5.710601
8618400, 41.910012, 138.178012, 24.320812
8622000, 57.729996, 154.314396, 39.824396
8625600, 53.420004, 149.918204, 35.600604
8629200, 48.340008, 144.736608, 30.622208
8632800, 40.430016, 136.668416, 22.870416
8636400, 24.999998, 120.929798, 7.748998
8640000, 25.840001, 121.786601, 8.572201
8643600, 6.649999, 102.212799, 0.000000
8647200, 6.909998, 102.477998, 0.000000
8650800, 9.090000, 104.701600, 0.000000
8654400, 20.530001, 116.370401, 3.368401
8658000, 38.220012, 134.414212, 20.704612
8661600, 69.149988, 165.962788, 51.015988
8665200, 99.630000, 197.052400, 80.886400
8668800, 109.280016, 206.895416, 90.343416
8672400, 83.559996, 180.660996, 65.137796
8676000, 67.579992, 164.361392, 49.477392
8679600, 52.989984, 149.479584, 35.179184
8683200, 42.509988, 138.789988, 24.908788
8686800, 25.800001, 121.745801, 8.533001
8690400, 22.180000, 118.053400, 4.985400
8694000, 28.300000, 124.295800, 10.983000
8697600, 31.600001, 127.661801, 14.217001
8701200, 64.770012, 161.495212, 46.723612
8704800, 77.919984, 174.908184, 59.610584
8708400, 102.849984, 200.336784, 84.041984
8712000, 113.799996, 211.505796, 94.772996
8715600, 88.279992, 185.475392, 69.763392
8719200, 72.349992, 169.226792, 54.151992
8722800, 50.000004, 146.429804, 32.249004
8726400, 30.489998, 126.529598, 13.129198
8730000, 22.929998, 118.818398, 5.720398
8733600, 20.540002, 116.380602, 3.378202
8737200, 36.640008, 132.802608, 19.156208
8740800, 37.609992, 133.791992, 20.106792
8744400, 32.500001, 128.579801, 15.099001
8748000, 38.660004, 134.863004, 21.135804
8751600, 52.009992, 148.479992, 34.218792
8755200, 52.200000, 148.673800, 34.405000
8758800, 46.389996, 142.747596, 28.711196
8762400, 33.289999, 129.385599, 15.873199
8766000, 29.959999, 125.988999, 12.609799
8769600, 32.770001, 128.855201, 15.363601
8773200, 31.990000, 128.059600, 14.599200
8776800, 36.110016, 132.262016, 18.636816
8780400, 50.270004, 146.705204, 32.513604
8784000, 66.340008, 163.096608, 48.262208
8787600, 82.839996, 179.926596, 64.432196
8791200, 100.699992, 198.143792, 81.934992
8794800, 128.999988, 227.009788, 109.668988
8798400, 113.249988, 210.944788, 94.233988
8802000, 90.460008, 187.699008, 71.899808
8805600, 77.670000, 174.653200, 59.365600
8809200, 68.940000, 165.748600, 50.810200
8812800, 55.879992, 152.427392, 38.011392
8816400, 50.090004, 146.521604, 32.337204
8820000, 46.940004, 143.308604, 29.250204
8823600, 45.579996, 141.921396, 27.917396
8827200, 39.999996, 136.229796, 22.448996
8830800, 41.280012, 137.535412, 23.703412
8834400, 66.449988, 163.208788, 48.369988
8838000, 87.350004, 184.526804, 68.852004
8841600, 81.669996, 178.733196, 63.285596
8845200, 69.300000, 166.115800, 51.163000
8848800, 30.989999, 127.039599, 13.619199
8852400, 18.789998, 114.595598, 1.663198
8856000, 0.000000, 95.429800, 0.000000
8859600, -0.060000, 95.368600, 0.000000
8863200, -0.820000, 94.593400, 0.000000
8866800, -0.930000, 94.481200, 0.000000
8870400, 0.050000, 95.480800, 0.000000
8874000, 22.820000, 118.706200, 5.612600
8877600, 45.709992, 142.053992, 28.044792
8881200, 69.400008, 166.217808, 51.261008
8884800, 68.069988, 164.861188, 49.957588
8888400, 55.000008, 151.529808, 37.149008
8892000, 51.670008, 148.133208, 33.885608
8895600, 40.740012, 136.984612, 23.174212
8899200, 36.140004, 132.292604, 18.666204
8902800, 28.239998, 124.234598, 10.924198
8906400, 19.599998, 115.421798, 2.456998
8910000, 13.929998, 109.638398, 0.000000
8913600, 11.880000, 107.547400, 0.000000
8917200, 16.499999, 112.259799, 0.000000
8920800, 20.580001, 116.421401, 3.417401
8924400, 23.890000, 119.797600, 6.661200
8928000, 19.140001, 114.952601, 2.006201
8931600, 8.799998, 104.405798, 0.000000
8935200, -0.020000, 95.409400, 0.000000
8938800, -9.789998, 85.444002, 0.000000
8942400, -20.999999, 74.009801, 0.000000
8946000, -50.000004, 44.429796, 0.000000
8949600, -55.010016, 39.319584, 0.000000
8953200, -49.910004, 44.521596, 0.000000
8956800, -19.090001, 75.957999, 0.000000
8960400, -0.130000, 95.297200, 0.000000
8964000, 14.440000, 110.158600, 0.000000
8967600, 27.960001, 123.949001, 10.649801
8971200, 38.090016, 134.281616, 20.577216
8974800, 34.890001, 131.017601, 17.441201
8978400, 21.880001, 117.747401, 4.691401
8982000, 11.380000, 107.037400, 0.000000
8985600, 2.410000, 97.888000, 0.000000
8989200, 1.650000, 97.112800, 0.000000
8992800, 1.210000, 96.664000, 0.000000
8996400, 1.330000, 96.786400, 0.000000
9000000, 2.780000, 98.265400, 0.000000
9003600, 6.120000, 101.672200, 0.000000
9007200, 12.859999, 108.546999, 0.000000
9010800, 13.000000, 108.689800, 0.000000
9014400, 7.750001, 103.334801, 0.000000
9018000, 0.000000, 95.429800, 0.000000
9021600, 1.540000, 97.000600, 0.000000
9025200, -2.000000, 93.389800, 0.000000
9028800, -13.100000, 82.067800, 0.000000
9032400, -26.970001, 67.920399, 0.000000
9036000, -35.650001, 59.066799, 0.000000
9039600, -39.949992, 54.680808, 0.000000
9043200, -6.250000, 89.054800, 0.000000
9046800, 1.570000, 97.031200, 0.000000
9050400, 43.369992, 139.667192, 25.751592
9054000, 86.810004, 183.976004, 68.322804
9057600, 123.750000, 221.654800, 104.524000
9061200, 117.000000, 214.769800, 97.909000
9064800, 64.829988, 161.556388, 46.782388
9068400, 53.309988, 149.805988, 35.492788
9072000, 47.750004, 144.134804, 30.044004
9075600, 44.179992, 140.493392, 26.545392
9079200, 41.299992, 137.555792, 23.722992
9082800, 39.999996, 136.229796, 22.448996
9086400, 39.309984, 135.525984, 21.772784
9090000, 45.259992, 141.594992, 27.603792
9093600, 46.800000, 143.165800, 29.113000
9097200, 79.819992, 176.846192, 61.472592
9100800, 56.000016, 152.549816, 38.129016
9104400, 53.619984, 150.122184, 35.796584
9108000, 10.159999, 105.792999, 0.000000
9111600, 26.770000, 122.735200, 9.483600
9115200, 25.480001, 121.419401, 8.219401
9118800, 20.850001, 116.696801, 3.682001
9122400, 9.010001, 104.620001, 0.000000
9126000, 6.599999, 102.161799, 0.000000
9129600, 2.370000, 97.847200, 0.000000
9133200, 26.799998, 122.765798, 9.512998
9136800, 47.319984, 143.696184, 29.622584
9140400, 54.020016, 150.530216, 36.188616
9144000, 55.890000, 152.437600, 38.021200
9147600, 51.670008, 148.133208, 33.885608
9151200, 38.670012, 134.873212, 21.145612
9154800, 25.060000, 120.991000, 7.807800
9158400, 0.440000, 95.878600, 0.000000
9162000, 0.000000, 95.429800, 0.000000
9165600, -0.230000, 95.195200, 0.000000
9169200, -0.270000, 95.154400, 0.000000
9172800, 5.969999, 101.519199, 0.000000
9176400, 12.970001, 108.659201, 0.000000
9180000, 23.140001, 119.032601, 5.926201
9183600, 46.749996, 143.114796, 29.063996
9187200, 51.320016, 147.776216, 33.542616
9190800, 42.890004, 139.177604, 25.281204
9194400, 33.700000, 129.803800, 16.275000
9198000, 27.749999, 123.734799, 10.443999
9201600, 26.070001, 122.021201, 8.797601
9205200, 16.200000, 111.953800, 0.000000
9208800, 16.319999, 112.076199, 0.000000
9212400, 18.439999, 114.238599, 1.320199
9216000, 24.070000, 119.981200, 6.837600
9219600, 49.320000, 145.736200, 31.582600
9223200, 61.909992, 158.577992, 43.920792
9226800, 80.690004, 177.733604, 62.325204
9230400, 105.000012, 202.529812, 86.149012
9234000, 80.700012, 177.743812, 62.335012
9237600, 80.690004, 177.733604, 62.325204
9241200, 81.000000, 178.049800, 62.629000
9244800, 71.520012, 168.380212, 53.338612
9248400, 68.010012, 164.800012, 49.898812
9252000, 72.129996, 169.002396, 53.936396
9255600, 67.500000, 164.279800, 49.399000
9259200, 58.989996, 155.599596, 41.059196
9262800, 63.960012, 160.669012, 45.929812
9266400, 95.469984, 192.809184, 76.809584
9270000, 150.369984, 248.807184, 130.611584
9273600, 137.710008, 235.894008, 118.204808
9277200, 100.800000, 198.245800, 82.033000
9280800, 77.870016, 174.857216, 59.561616
9284400, 74.130012, 171.042412, 55.896412
9288000, 70.290000, 167.125600, 52.133200
9291600, 67.079988, 163.851388, 48.987388
9295200, 61.830000, 158.496400, 43.842400
9298800, 60.360012, 156.997012, 42.401812
9302400, 71.039988, 167.890588, 52.868188
9306000, 72.320004, 169.196204, 54.122604
9309600, 100.800000, 198.245800, 82.033000
9313200, 124.369992, 222.287192, 105.131592
9316800, 155.980008, 254.529408, 136.109408
9320400, 126.320004, 224.276204, 107.042604
9324000, 95.590008, 192.931608, 76.927208
9327600, 84.110004, 181.222004, 65.676804
9331200, 91.670004, 188.933204, 73.085604
9334800, 85.709988, 182.853988, 67.244788
9338400, 85.590000, 182.731600, 67.127200
9342000, 83.660004, 180.763004, 65.235804
9345600, 87.120000, 184.292200, 68.626600
9349200, 87.360012, 184.537012, 68.861812
9352800, 102.579984, 200.061384, 83.777384
9356400, 143.949996, 242.258796, 124.319996
9360000, 131.190012, 229.243612, 111.815212
9363600, 101.120004, 198.572204, 82.346604
9367200, 84.499992, 181.619792, 66.058992
9370800, 71.190000, 168.043600, 53.015200
9374400, 67.449996, 164.228796, 49.349996
9378000, 67.050000, 163.820800, 48.958000
9381600, 62.120016, 158.792216, 44.126616
9385200, 55.749996, 152.294796, 37.883996
9388800, 55.379988, 151.917388, 37.521388
9392400, 61.499988, 158.159788, 43.518988
9396000, 81.349992, 178.406792, 62.971992
9399600, 121.520016, 219.380216, 102.338616
9403200, 124.940016, 222.868616, 105.690216
9406800, 102.700008, 200.183808, 83.895008
9410400, 89.830008, 187.056408, 71.282408
9414000, 78.289992, 175.285592, 59.973192
9417600, 55.760004, 152.305004, 37.893804
9421200, 36.330012, 132.486412, 18.852412
9424800, 34.409999, 130.527999, 16.970799
9428400, 34.780000, 130.905400, 17.333400
9432000, 26.790001, 122.755601, 9.503201
9435600, 31.810000, 127.876000, 14.422800
9439200, 41.500008, 137.759808, 23.919008
9442800, 59.000004, 155.609804, 41.069004
9446400, 64.990008, 161.719608, 46.939208
9450000, 52.639992, 149.122592, 34.836192
9453600, 49.029984, 145.440384, 31.298384
9457200, 45.579996, 141.921396, 27.917396
9460800, 35.970001, 132.119201, 18.499601
9464400, 43.099992, 139.391792, 25.486992
9468000, 30.989999, 127.039599, 13.619199
9471600, 32.280001, 128.355401, 14.883401
9475200, 34.290000, 130.405600, 16.853200
9478800, 22.389998, 118.267598, 5.191198
9482400, 38.180016, 134.373416, 20.665416
9486000, 45.600012, 141.941812, 27.937012
9489600, 51.649992, 148.112792, 33.865992
9493200, 52.729992, 149.214392, 34.924392
9496800, 51.130008, 147.582408, 33.356408
9500400, 50.069988, 146.501188, 32.317588
9504000, 44.120016, 140.432216, 26.486616
9507600, 36.349992, 132.506792, 18.871992
9511200, 36.560016, 132.721016, 19.077816
9514800, 36.280008, 132.435408, 18.803408
9518400, 37.929996, 134.118396, 20.420396
9522000, 37.749996, 133.934796, 20.243996
9525600, 38.229984, 134.424384, 20.714384
9529200, 40.790016, 137.035616, 23.223216
9532800, 41.420016, 137.678216, 23.840616
9536400, 35.399999, 131.537799, 17.940999
9540000, 23.109998, 119.001998, 5.896798
9543600, 13.680000, 109.383400, 0.000000
9547200, 8.460000, 104.059000, 0.000000
9550800, 1.870000, 97.337200, 0.000000
9554400, 1.320000, 96.776200, 0.000000
9558000, 3.060000, 98.551000, 0.000000
9561600, 11.830000, 107.496400, 0.000000
9565200, 21.039998, 116.890598, 3.868198
9568800, 27.150001, 123.122801, 9.856001
9572400, 38.580012, 134.781412, 21.057412
9576000, 55.000008, 151.529808, 37.149008
9579600, 53.290008, 149.785608, 35.473208
9583200, 53.190000, 149.683600, 35.375200
9586800, 63.309996, 160.005996, 45.292796
9590400, 63.619992, 160.322192, 45.596592
9594000, 53.110008, 149.602008, 35.296808
9597600, 58.479984, 155.079384, 40.559384
9601200, 53.769996, 150.275196, 35.943596
9604800, 44.920008, 141.248208, 27.270608
9608400, 41.299992, 137.555792, 23.722992
9612000, 44.610012, 140.932012, 26.966812
9615600, 35.100000, 131.231800, 17.647000
9619200, 27.410000, 123.388000, 10.110800
9622800, 24.410002, 120.328002, 7.170802
9626400, 9.280001, 104.895401, 0.000000
9630000, -34.999999, 59.729801, 0.000000
9633600, -3.490000, 91.870000, 0.000000
9637200, -1.860000, 93.532600, 0.000000
9640800, -1.750000, 93.644800, 0.000000
9644400, -2.500000, 92.879800, 0.000000
9648000, 0.610000, 96.052000, 0.000000
9651600, 12.899999, 108.587799, 0.000000
9655200, 31.070002, 127.121202, 13.697602
9658800, 67.929984, 164.718384, 49.820384
9662400, 69.990012, 166.819612, 51.839212
9666000, 67.169988, 163.943188, 49.075588
9669600, 65.630016, 162.372416, 47.566416
9673200, 62.470008, 159.149208, 44.469608
9676800, 58.010004, 154.600004, 40.098804
9680400, 78.050016, 175.040816, 59.738016
9684000, 78.440004, 175.438604, 60.120204
9687600, 60.549984, 157.190784, 42.587984
9691200, 56.130012, 152.682412, 38.256412
9694800, 68.990004, 165.799604, 50.859204
9698400, 96.239988, 193.594588, 77.564188
9702000, 127.360008, 225.337008, 108.061808
9705600, 117.460008, 215.239008, 98.359808
9709200, 97.049988, 194.420788, 78.357988
9712800, 61.239996, 157.894596, 43.264196
9716400, 41.310000, 137.566000, 23.732800
9720000, 51.760008, 148.225008, 33.973808
9723600, 55.710000, 152.254000, 37.844800
9727200, 39.170016, 135.383216, 21.635616
9730800, 34.570001, 130.691201, 17.127601
9734400, 39.160008, 135.373008, 21.625808
9738000, 59.310000, 155.926000, 41.372800
9741600, 92.660004, 189.943004, 74.055804
9745200, 103.100004, 200.591804, 84.287004
9748800, 122.420016, 220.298216, 103.220616
9752400, 111.620016, 209.282216, 92.636616
9756000, 101.340000, 198.796600, 82.562200
9759600, 95.439996, 192.778596, 76.780196
9763200, 88.319988, 185.516188, 69.802588
9766800, 86.690016, 183.853616, 68.205216
9770400, 85.950000, 183.098800, 67.480000
9774000, 82.230012, 179.304412, 63.834412
9777600, 78.999984, 176.009784, 60.668984
9781200, 82.410012, 179.488012, 64.010812
9784800, 108.380016, 205.977416, 89.461416
9788400, 148.880016, 247.287416, 129.151416
9792000, 136.280016, 234.435416, 116.803416
9795600, 98.399988, 195.797788, 79.680988
9799200, 82.779984, 179.865384, 64.373384
9802800, 77.569992, 174.551192, 59.267592
9806400, 76.500000, 173.459800, 58.219000
9810000, 72.000000, 168.869800, 53.809000
9813600, 78.620004, 175.622204, 60.296604
9817200, 71.399988, 168.257788, 53.220988
9820800, 71.669988, 168.533188, 53.485588
9824400, 82.910016, 179.998016, 64.500816
9828000, 91.360008, 188.617008, 72.781808
9831600, 103.100004, 200.591804, 84.287004
9835200, 104.199984, 201.713784, 85.364984
9838800, 96.689988, 194.053588, 78.005188
9842400, 96.509988, 193.869988, 77.828788
9846000, 81.560016, 178.621016, 63.177816
9849600, 75.390012, 172.327612, 57.131212
9853200, 69.379992, 166.197392, 51.241392
9856800, 71.190000, 168.043600, 53.015200
9860400, 63.569988, 160.271188, 45.547588
9864000, 60.000012, 156.629812, 42.049012
9867600, 72.420012, 169.298212, 54.220612
9871200, 82.299996, 179.375796, 63.902996
9874800, 101.199996, 198.653796, 82.424996
9878400, 107.190000, 204.763600, 88.295200
9882000, 87.199992, 184.373792, 68.704992
9885600, 68.349996, 165.146796, 50.231996
9889200, 73.199988, 170.093788, 54.984988
9892800, 76.169988, 173.123188, 57.895588
9896400, 51.069996, 147.521196, 33.297596
9900000, 46.019988, 142.370188, 28.348588
9903600, 44.359992, 140.676992, 26.721792
9907200, 33.819998, 129.926198, 16.392598
9910800, 57.129984, 153.702384, 39.236384
9914400, 65.769984, 162.515184, 47.703584
9918000, 89.859996, 187.086996, 71.311796
9921600, 108.150012, 205.742812, 89.236012
9925200, 110.000016, 207.629816, 91.049016
9928800, 99.540000, 196.960600, 80.798200
9932400, 89.309988, 186.525988, 70.772788
9936000, 83.499984, 180.599784, 65.078984
9939600, 79.999992, 177.029792, 61.648992
9943200, 77.379984, 174.357384, 59.081384
9946800, 72.799992, 169.685792, 54.592992
9950400, 70.070004, 166.901204, 51.917604
9954000, 82.109988, 179.181988, 63.716788
9957600, 90.460008, 187.699008, 71.899808
9961200, 112.500000, 210.179800, 93.499000
9964800, 108.339984, 205.936584, 89.422184
9968400, 92.109996, 189.381996, 73.516796
9972000, 80.010000, 177.040000, 61.658800
9975600, 78.199992, 175.193792, 59.884992
9979200, 73.919988, 170.828188, 55.690588
9982800, 63.060012, 159.751012, 45.047812
9986400, 59.289984, 155.905584, 41.353184
9990000, 62.280000, 158.955400, 44.283400
9993600, 66.480012, 163.239412, 48.399412
9997200, 73.540008, 170.440608, 55.318208
10000800, 91.990008, 189.259608, 73.399208
10004400, 103.780008, 201.285408, 84.953408
10008000, 119.800008, 217.625808, 100.653008
10011600, 111.870000, 209.537200, 92.881600
10015200, 91.350000, 188.606800, 72.772000
10018800, 79.740000, 176.764600, 61.394200
10022400, 79.869996, 176.897196, 61.521596
10026000, 74.000016, 170.909816, 55.769016
10029600, 71.409996, 168.267996, 53.230796
10033200, 74.070000, 170.981200, 55.837600
10036800, 77.100012, 174.071812, 58.807012
10040400, 79.020000, 176.030200, 60.688600
10044000, 92.779992, 190.065392, 74.173392
10047600, 104.060016, 201.571016, 85.227816
10051200, 96.059988, 193.410988, 77.387788
10054800, 81.079992, 178.131392, 62.707392
10058400, 80.840016, 177.886616, 62.472216
10062000, 72.950004, 169.838804, 54.740004
10065600, 70.350012, 167.186812, 52.192012
10069200, 68.739984, 165.544584, 50.614184
10072800, 65.369988, 162.107188, 47.311588
10076400, 69.919992, 166.748192, 51.770592
10080000, 71.229996, 168.084396, 53.054396
10083600, 78.519996, 175.520196, 60.198596
10087200, 87.149988, 184.322788, 68.655988
10090800, 114.210000, 211.924000, 95.174800
10094400, 114.779988, 212.505388, 95.733388
10098000, 101.970000, 199.439200, 83.179600
10101600, 87.530004, 184.710404, 69.028404
10105200, 88.260012, 185.455012, 69.743812
10108800, 89.300016, 186.515816, 70.763016
10112400, 81.100008, 178.151808, 62.727008
10116000, 76.510008, 173.470008, 58.228808
10119600, 65.840004, 162.586604, 47.772204
10123200, 62.399988, 159.077788, 44.400988
10126800, 62.780004, 159.465404, 44.773404
10130400, 64.919988, 161.648188, 46.870588
10134000, 67.700016, 164.483816, 49.595016
10137600, 58.730004, 155.334404, 40.804404
10141200, 56.130012, 152.682412, 38.256412
10144800, 36.020016, 132.170216, 18.548616
10148400, 8.430001, 104.028401, 0.000000
10152000, 0.030000, 95.460400, 0.000000
10155600, -0.020000, 95.409400, 0.000000
10159200, 0.000000, 95.429800, 0.000000
10162800, 0.000000, 95.429800, 0.000000
10166400, 17.089999, 112.861599, 0.000000
10170000, 48.800016, 145.205816, 31.073016
10173600, 69.999984, 166.829784, 51.848984
10177200, 81.050004, 178.100804, 62.678004
10180800, 82.029996, 179.100396, 63.638396
10184400, 75.099996, 172.031796, 56.846996
10188000, 69.379992, 166.197392, 51.241392
10191600, 61.920000, 158.588200, 43.930600
10195200, 56.390004, 152.947604, 38.511204
10198800, 43.139988, 139.432588, 25.526188
10202400, 39.600000, 135.821800, 22.057000
10206000, 27.150001, 123.122801, 9.856001
10209600, 18.460001, 114.259001, 1.339801
10213200, 18.740002, 114.544602, 1.614202
10216800, 9.920002, 105.548202, 0.000000
10220400, 0.100000, 95.531800, 0.000000
10224000, -0.070000, 95.358400, 0.000000
10227600, -1.020000, 94.389400, 0.000000
10231200, -16.629998, 78.467202, 0.000000
10234800, -36.730008, 57.965192, 0.000000
10238400, -59.780016, 34.454184, 0.000000
10242000, -62.160012, 32.026588, 0.000000
10245600, -65.059992, 29.068608, 0.000000
10249200, -52.430004, 41.951196, 0.000000
10252800, -23.400000, 71.561800, 0.000000
10256400, -0.020000, 95.409400, 0.000000
10260000, 22.479998, 118.359398, 5.279398
10263600, 62.399988, 159.077788, 44.400988
10267200, 71.070012, 167.921212, 52.897612
10270800, 78.559992, 175.560992, 60.237792
10274400, 72.209988, 169.083988, 54.014788
10278000, 66.939984, 163.708584, 48.850184
10281600, 63.150012, 159.842812, 45.136012
10285200, 60.050016, 156.680816, 42.098016
10288800, 58.929984, 155.538384, 41.000384
10292400, 60.419988, 157.058188, 42.460588
10296000, 64.990008, 161.719608, 46.939208
10299600, 70.089984, 166.921584, 51.937184
10303200, 81.249984, 178.304784, 62.873984
10306800, 109.080000, 206.691400, 90.147400
10310400, 100.299996, 197.735796, 81.542996
10314000, 74.819988, 171.746188, 56.572588
10317600, 58.780008, 155.385408, 40.853408
10321200, 36.420012, 132.578212, 18.940612
10324800, 36.910008, 133.078008, 19.420808
10328400, 41.370012, 137.627212, 23.791612
10332000, 33.630001, 129.732401, 16.206401
10335600, 35.510000, 131.650000, 18.048800
10339200, 47.679984, 144.063384, 29.975384
10342800, 69.210000, 166.024000, 51.074800
10346400, 82.500012, 179.579812, 64.099012
10350000, 112.690008, 210.373608, 93.685208
10353600, 145.789992, 244.135592, 126.123192
10357200, 103.230000, 200.724400, 84.414400
10360800, 85.600008, 182.741808, 67.137008
10364400, 75.750012, 172.694812, 57.484012
10368000, 74.250000, 171.164800, 56.014000
10371600, 63.920016, 160.628216, 45.890616
10375200, 65.189988, 161.923588, 47.135188
10378800, 69.440004, 166.258604, 51.300204
10382400, 67.529988, 164.310388, 49.428388
10386000, 77.990004, 174.979604, 59.679204
10389600, 90.389988, 187.627588, 71.831188
10393200, 100.730016, 198.174416, 81.964416
10396800, 90.190008, 187.423608, 71.635208
10400400, 74.999988, 171.929788, 56.748988
10404000, 61.610004, 158.272004, 43.626804
10407600, 44.889984, 141.217584, 27.241184
10411200, 28.220000, 124.214200, 10.904600
10414800, 14.510002, 110.230002, 0.000000
10418400, 16.930001, 112.698401, 0.000000
10422000, 19.140001, 114.952601, 2.006201
10425600, 37.280016, 133.455416, 19.783416
10429200, 56.639988, 153.202588, 38.756188
10432800, 86.199984, 183.353784, 67.724984
10436400, 100.620000, 198.062200, 81.856600
10440000, 110.890008, 208.537608, 91.921208
10443600, 87.019992, 184.190192, 68.528592
10447200, 75.390012, 172.327612, 57.131212
10450800, 77.510016, 174.490016, 59.208816
10454400, 57.999996, 154.589796, 40.088996
10458000, 54.280008, 150.795408, 36.443408
10461600, 46.739988, 143.104588, 29.054188
10465200, 44.100000, 140.411800, 26.467000
10468800, 41.000004, 137.249804, 23.429004
10472400, 42.130008, 138.402408, 24.536408
10476000, 43.509996, 139.809996, 25.888796
10479600, 42.069996, 138.341196, 24.477596
10483200, 27.320000, 123.296200, 10.022600
10486800, 6.329999, 101.886399, 0.000000
10490400, -0.730000, 94.685200, 0.000000
10494000, -43.430004, 51.131196, 0.000000
10497600, -99.650016, -6.213216, 0.000000
10501200, -106.269984, -12.965584, 0.000000
10504800, -123.180012, -30.213812, 0.000000
10508400, -84.960000, 8.770600, 0.000000
10512000, -30.229999, 64.595201, 0.000000
10515600, 0.210000, 95.644000, 0.000000
10519200, 29.610000, 125.632000, 12.266800
10522800, 62.510004, 159.190004, 44.508804
10526400, 63.690012, 160.393612, 45.665212
10530000, 55.500012, 152.039812, 37.639012
10533600, 48.549996, 144.950796, 30.827996
10537200, 38.210004, 134.404004, 20.694804
10540800, 25.250000, 121.184800, 7.994000
10544400, 20.369999, 116.207199, 3.211599
10548000, 16.840001, 112.606601, 0.000000
10551600, 15.310001, 111.046001, 0.000000
10555200, 14.870002, 110.597202, 0.000000
10558800, 24.140002, 120.052602, 6.906202
10562400, 50.079996, 146.511396, 32.327396
10566000, 61.409988, 158.067988, 43.430788
10569600, 57.780000, 154.365400, 39.873400
10573200, 31.450000, 127.508800, 14.070000
10576800, 14.119999, 109.832199, 0.000000
10580400, 11.459999, 107.118999, 0.000000
10584000, 12.409999, 108.087999, 0.000000
10587600, 3.070000, 98.561200, 0.000000
10591200, -0.010000, 95.419600, 0.000000
10594800, 0.090000, 95.521600, 0.000000
10598400, 5.170000, 100.703200, 0.000000
10602000, 37.040004, 133.210604, 19.548204
10605600, 52.279992, 148.755392, 34.483392
10609200, 63.479988, 160.179388, 45.459388
10612800, 74.300004, 171.215804, 56.063004
10616400, 76.659984, 173.622984, 58.375784
10620000, 67.039992, 163.810592, 48.948192
10623600, 60.739992, 157.384592, 42.774192
10627200, 53.480016, 149.979416, 35.659416
10630800, 55.000008, 151.529808, 37.149008
10634400, 50.969988, 147.419188, 33.199588
10638000, 47.000016, 143.369816, 29.309016
10641600, 39.110004, 135.322004, 21.576804
10645200, 43.769988, 140.075188, 26.143588
10648800, 54.349992, 150.866792, 36.511992
10652400, 65.980008, 162.729408, 47.909408
10656000, 68.259996, 165.054996, 50.143796
10659600, 66.740004, 163.504604, 48.654204
10663200, 50.799996, 147.245796, 33.032996
10666800, 46.959984, 143.328984, 29.269784
10670400, 40.110012, 136.342012, 22.556812
10674000, 38.660004, 134.863004, 21.135804
10677600, 39.639996, 135.862596, 22.096196
10681200, 37.440000, 133.618600, 19.940200
10684800, 36.150012, 132.302812, 18.676012
10688400, 40.460004, 136.699004, 22.899804
10692000, 51.000012, 147.449812, 33.229012
10695600, 64.599984, 161.321784, 46.556984
10699200, 72.299988, 169.175788, 54.102988
10702800, 90.000000, 187.229800, 71.449000
10706400, 73.180008, 170.073408, 54.965408
10710000, 71.629992, 168.492392, 53.446392
10713600, 74.909988, 171.837988, 56.660788
10717200, 59.209992, 155.823992, 41.274792
10720800, 51.760008, 148.225008, 33.973808
10724400, 47.170008, 143.543208, 29.475608
10728000, 45.979992, 142.329392, 28.309392
10731600, 51.909984, 148.377984, 34.120784
10735200, 50.569992, 147.011192, 32.807592
10738800, 53.280000, 149.775400, 35.463400
10742400, 58.550004, 155.150804, 40.628004
10746000, 58.539996, 155.140596, 40.618196
10749600, 41.169996, 137.423196, 23.595596
10753200, 31.140000, 127.192600, 13.766200
10756800, 24.800000, 120.725800, 7.553000
10760400, 14.469998, 110.189198, 0.000000
10764000, 13.330001, 109.026401, 0.000000
10767600, 26.100000, 122.051800, 8.827000
10771200, 45.529992, 141.870392, 27.868392
10774800, 77.600016, 174.581816, 59.297016
10778400, 82.199988, 179.273788, 63.804988
10782000, 90.640008, 187.882608, 72.076208
10785600, 102.870000, 200.357200, 84.061600
10789200, 69.999984, 166.829784, 51.848984
10792800, 80.570016, 177.611216, 62.207616
10796400, 84.660012, 181.783012, 66.215812
10800000, 94.590000, 191.911600, 75.947200
10803600, 89.579988, 186.801388, 71.037388
10807200, 87.400008, 184.577808, 68.901008
10810800, 85.010004, 182.140004, 66.558804
10814400, 83.599992, 180.701792, 65.176992
10818000, 87.210000, 184.384000, 68.714800
10821600, 79.599996, 176.621796, 61.256996
10825200, 54.169992, 150.683192, 36.335592
10828800, 41.060016, 137.311016, 23.487816
10832400, 26.150000, 122.102800, 8.876000
10836000, 8.809999, 104.415999, 0.000000
10839600, 0.440000, 95.878600, 0.000000
10843200, 0.000000, 95.429800, 0.000000
10846800, -0.040000, 95.389000, 0.000000
10850400, -0.970000, 94.440400, 0.000000
10854000, -0.100000, 95.327800, 0.000000
10857600, 0.000000, 95.429800, 0.000000
10861200, 32.000000, 128.069800, 14.609000
10864800, 89.660016, 186.883016, 71.115816
10868400, 99.380016, 196.797416, 80.641416
10872000, 116.300016, 214.055816, 97.223016
10875600, 111.499992, 209.159792, 92.518992
10879200, 102.819996, 200.306196, 84.012596
10882800, 91.389996, 188.647596, 72.811196
10886400, 82.860012, 179.947012, 64.451812
10890000, 80.570016, 177.611216, 62.207616
10893600, 81.759996, 178.824996, 63.373796
10897200, 81.180000, 178.233400, 62.805400
10900800, 73.230012, 170.124412, 55.014412
10904400, 71.899992, 168.767792, 53.710992
10908000, 108.870012, 206.477212, 89.941612
10911600, 122.000004, 219.869804, 102.809004
10915200, 101.490012, 198.949612, 82.709212
10918800, 89.250012, 186.464812, 70.714012
10922400, 82.440000, 179.518600, 64.040200
10926000, 78.729984, 175.734384, 60.404384
10929600, 79.999992, 177.029792, 61.648992
10933200, 77.249988, 174.224788, 58.953988
10936800, 76.799988, 173.765788, 58.512988
10940400, 82.400004, 179.477804, 64.001004
10944000, 69.999984, 166.829784, 51.848984
10947600, 90.600012, 187.841812, 72.037012
10951200, 109.710000, 207.334000, 90.764800
10954800, 119.099988, 216.911788, 99.966988
10958400, 104.000004, 201.509804, 85.169004
10962000, 108.399996, 205.997796, 89.480996
10965600, 94.119984, 191.432184, 75.486584
10969200, 84.420000, 181.538200, 65.980600
10972800, 81.730008, 178.794408, 63.344408
10976400, 79.239996, 176.254596, 60.904196
10980000, 76.690008, 173.653608, 58.405208
10983600, 80.539992, 177.580592, 62.178192
10987200, 80.690004, 177.733604, 62.325204
10990800, 74.289996, 171.205596, 56.053196
10994400, 85.140000, 182.272600, 66.686200
10998000, 107.859996, 205.446996, 88.951796
11001600, 112.659984, 210.342984, 93.655784
11005200, 91.749996, 189.014796, 73.163996
11008800, 83.540016, 180.640616, 65.118216
11012400, 71.700012, 168.563812, 53.515012
11016000, 65.340000, 162.076600, 47.282200
11019600, 57.800016, 154.385816, 39.893016
11023200, 52.120008, 148.592208, 34.326608
11026800, 55.649988, 152.192788, 37.785988
11030400, 52.890012, 149.377612, 35.081212
11034000, 60.320016, 156.956216, 42.362616
11037600, 79.369992, 176.387192, 61.031592
11041200, 88.930008, 186.138408, 70.400408
11044800, 93.589992, 190.891592, 74.967192
11048400, 108.209988, 205.803988, 89.294788
11052000, 91.620000, 188.882200, 73.036600
11055600, 81.270000, 178.325200, 62.893600
11059200, 85.439988, 182.578588, 66.980188
11062800, 82.479996, 179.559396, 64.079396
11066400, 82.199988, 179.273788, 63.804988
11070000, 74.379996, 171.297396, 56.141396
11073600, 60.570000, 157.211200, 42.607600
11077200, 46.209996, 142.563996, 28.534796
11080800, 91.900008, 189.167808, 73.311008
11084400, 105.599988, 203.141788, 86.736988
11088000, 112.020012, 209.690212, 93.028612
11091600, 94.470012, 191.789212, 75.829612
11095200, 87.199992, 184.373792, 68.704992
11098800, 81.309996, 178.365996, 62.932796
11102400, 62.920008, 159.608208, 44.910608
11106000, 58.730004, 155.334404, 40.804404
11109600, 32.770001, 128.855201, 15.363601
11113200, 56.710008, 153.274008, 38.824808
11116800, 32.029999, 128.100399, 14.638399
11120400, 36.590004, 132.751604, 19.107204
11124000, 46.130004, 142.482404, 28.456404
11127600, 87.360012, 184.537012, 68.861812
11131200, 122.400000, 220.277800, 103.201000
11134800, 117.799992, 215.585792, 98.692992
11138400, 90.020016, 187.250216, 71.468616
11142000, 89.600004, 186.821804, 71.057004
11145600, 74.739996, 171.664596, 56.494196
11149200, 74.260008, 171.175008, 56.023808
11152800, 74.739996, 171.664596, 56.494196
11156400, 66.150000, 162.902800, 48.076000
11160000, 42.950016, 139.238816, 25.340016
11163600, 43.179984, 139.473384, 25.565384
11167200, 60.670008, 157.313208, 42.705608
11170800, 72.910008, 169.798008, 54.700808
11174400, 41.900004, 138.167804, 24.311004
11178000, 23.540000, 119.440600, 6.318200
11181600, 5.550001, 101.090801, 0.000000
11185200, -0.080000, 95.348200, 0.000000
11188800, -0.440000, 94.981000, 0.000000
11192400, -0.940000, 94.471000, 0.000000
11196000, -1.590000, 93.808000, 0.000000
11199600, -0.460000, 94.960600, 0.000000
11203200, 1.090000, 96.541600, 0.000000
11206800, 27.969998, 123.959198, 10.659598
11210400, 39.639996, 135.862596, 22.096196
11214000, 65.000016, 161.729816, 46.949016
11217600, 84.830004, 181.956404, 66.382404
11221200, 83.930004, 181.038404, 65.500404
11224800, 67.569984, 164.351184, 49.467584
11228400, 77.760000, 174.745000, 59.453800
11232000, 86.330016, 183.486416, 67.852416
11235600, 80.129988, 177.162388, 61.776388
11239200, 78.210000, 175.204000, 59.894800
11242800, 74.409984, 171.327984, 56.170784
11246400, 75.260016, 172.195016, 57.003816
11250000, 68.209992, 165.003992, 50.094792
11253600, 54.309996, 150.825996, 36.472796
11257200, 61.660008, 158.323008, 43.675808
11260800, 76.759992, 173.724992, 58.473792
11264400, 39.200004, 135.413804, 21.665004
11268000, 15.430000, 111.168400, 0.000000
11271600, 3.020000, 98.510200, 0.000000
11275200, 0.710000, 96.154000, 0.000000
11278800, 0.220000, 95.654200, 0.000000
11282400, 0.200000, 95.633800, 0.000000
11286000, 8.359999, 103.956999, 0.000000
11289600, 27.169999, 123.143199, 9.875599
11293200, 36.929988, 133.098388, 19.440388
11296800, 44.679996, 141.003396, 27.035396
11300400, 61.850016, 158.516816, 43.862016
11304000, 95.119992, 192.452192, 76.466592
11307600, 92.030004, 189.300404, 73.438404
11311200, 79.560000, 176.581000, 61.217800
11314800, 65.639988, 162.382588, 47.576188
11318400, 55.599984, 152.141784, 37.736984
11322000, 45.879984, 142.227384, 28.211384
11325600, 43.200000, 139.493800, 25.585000
11329200, 49.070016, 145.481216, 31.337616
11332800, 41.969988, 138.239188, 24.379588
11336400, 41.670000, 137.933200, 24.085600
11340000, 50.900004, 147.347804, 33.131004
11343600, 37.199988, 133.373788, 19.704988
11347200, 28.570000, 124.571200, 11.247600
11350800, 6.549998, 102.110798, 0.000000
11354400, 0.000000, 95.429800, 0.000000
11358000, -10.580000, 84.638200, 0.000000
11361600, -20.360002, 74.662598, 0.000000
11365200, -29.999999, 64.829801, 0.000000
11368800, -26.970001, 67.920399, 0.000000
11372400, -13.280000, 81.884200, 0.000000
11376000, -0.410000, 95.011600, 0.000000
11379600, 13.150001, 108.842801, 0.000000
11383200, 34.340000, 130.456600, 16.902200
11386800, 43.760016, 140.065016, 26.133816
11390400, 66.470004, 163.229204, 48.389604
11394000, 54.439992, 150.958592, 36.600192
11397600, 54.889992, 151.417592, 37.041192
11401200, 51.199992, 147.653792, 33.424992
11404800, 46.800000, 143.165800, 29.113000
11408400, 32.080000, 128.151400, 14.687400
11412000, 31.690001, 127.753601, 14.305201
11415600, 26.259998, 122.214998, 8.983798
11419200, 24.549998, 120.470798, 7.307998
11422800, 20.880000, 116.727400, 3.711400
11426400, 17.610001, 113.392001, 0.506801
11430000, 4.790002, 100.315602, 0.000000
11433600, 2.350000, 97.826800, 0.000000
11437200, -2.790000, 92.584000, 0.000000
11440800, -24.930000, 70.001200, 0.000000
11444400, -111.070008, -17.861608, 0.000000
11448000, -119.859984, -26.827384, 0.000000
11451600, -138.759984, -46.105384, 0.000000
11455200, -134.889984, -42.157984, 0.000000
11458800, -85.560012, 8.158588, 0.000000
11462400, -29.020000, 65.829400, 0.000000
11466000, -0.740000, 94.675000, 0.000000
11469600, 22.420001, 118.298201, 5.220601
11473200, 50.960016, 147.409016, 33.189816
11476800, 79.049988, 176.060788, 60.717988
11480400, 60.429996, 157.068396, 42.470396
11484000, 47.620008, 144.002208, 29.916608
11487600, 38.220012, 134.414212, 20.704612
11491200, 27.510001, 123.490001, 10.208801
11494800, 26.439998, 122.398598, 9.160198
11498400, 26.079998, 122.031398, 8.807398
11502000, 25.110000, 121.042000, 7.856800
11505600, 27.560002, 123.541002, 10.257802
11509200, 41.600016, 137.861816, 24.017016
11512800, 56.800008, 153.365808, 38.913008
11516400, 77.600016, 174.581816, 59.297016
11520000, 85.749984, 182.894784, 67.283984
11523600, 45.320004, 141.656204, 27.662604
11527200, 11.700000, 107.363800, 0.000000
11530800, 0.240000, 95.674600, 0.000000
11534400, -1.220000, 94.185400, 0.000000
11538000, -1.010000, 94.399600, 0.000000
11541600, -1.100000, 94.307800, 0.000000
11545200, 0.130000, 95.562400, 0.000000
11548800, 1.690000, 97.153600, 0.000000
11552400, 70.139988, 166.972588, 51.986188
11556000, 100.680012, 198.123412, 81.915412
11559600, 132.400008, 230.477808, 113.001008
11563200, 135.900000, 234.047800, 116.431000
11566800, 102.769992, 200.255192, 83.963592
11570400, 90.000000, 187.229800, 71.449000
11574000, 65.549988, 162.290788, 47.487988
11577600, 65.300004, 162.035804, 47.243004
11581200, 57.899988, 154.487788, 39.990988
11584800, 47.499984, 143.879784, 29.798984
11588400, 45.399996, 141.737796, 27.740996
11592000, 40.449996, 136.688796, 22.889996
11595600, 20.700000, 116.543800, 3.535000
11599200, 59.699988, 156.323788, 41.754988
11602800, 42.239988, 138.514588, 24.644188
11606400, 42.779988, 139.065388, 25.173388
11610000, 6.250000, 101.804800, 0.000000
11613600, -1.370000, 94.032400, 0.000000
11617200, -4.430002, 90.911198, 0.000000
11620800, -25.060000, 69.868600, 0.000000
11624400, -25.330000, 69.593200, 0.000000
11628000, -27.540000, 67.339000, 0.000000
11631600, -9.310000, 85.933600, 0.000000
11635200, -1.750000, 93.644800, 0.000000
11638800, 2.820000, 98.306200, 0.000000
11642400, 63.780012, 160.485412, 45.753412
11646000, 109.000008, 206.609808, 90.069008
11649600, 130.140000, 228.172600, 110.786200
11653200, 104.659992, 202.182992, 85.815792
11656800, 67.849992, 164.636792, 49.741992
11660400, 59.000004, 155.609804, 41.069004
11664000, 57.800016, 154.385816, 39.893016
11667600, 48.179988, 144.573388, 30.465388
11671200, 48.989988, 145.399588, 31.259188
11674800, 46.950012, 143.318812, 29.260012
11678400, 46.460016, 142.819016, 28.779816
11682000, 53.219988, 149.714188, 35.404588
11685600, 71.759988, 168.624988, 53.573788
11689200, 74.980008, 171.909408, 56.729408
11692800, 70.220016, 167.054216, 52.064616
11696400, 40.340016, 136.576616, 22.782216
11700000, 9.780001, 105.405401, 0.000000
11703600, 11.509999, 107.169999, 0.000000
11707200, 9.249998, 104.864798, 0.000000
11710800, 7.850002, 103.436802, 0.000000
11714400, 7.319999, 102.896199, 0.000000
11718000, 7.210001, 102.784001, 0.000000
11721600, 8.660002, 104.263002, 0.000000
11725200, 46.869984, 143.237184, 29.181584
11728800, 72.500004, 169.379804, 54.299004
11732400, 102.210012, 199.684012, 83.414812
11736000, 119.000016, 216.809816, 99.869016
11739600, 107.280000, 204.855400, 88.383400
11743200, 73.389996, 170.287596, 55.171196
11746800, 62.340012, 159.016612, 44.342212
11750400, 68.410008, 165.208008, 50.290808
11754000, 59.389992, 156.007592, 41.451192
11757600, 50.109984, 146.541984, 32.356784
11761200, 64.980000, 161.709400, 46.929400
11764800, 49.290012, 145.705612, 31.553212
11768400, 52.729992, 149.214392, 34.924392
11772000, 81.069984, 178.121184, 62.697584
11775600, 82.429992, 179.508392, 64.030392
11779200, 83.630016, 180.732416, 65.206416
11782800, 70.539984, 167.380584, 52.378184
11786400, 32.620000, 128.702200, 15.216600
11790000, 11.040001, 106.690601, 0.000000
11793600, 6.480000, 102.039400, 0.000000
11797200, 1.360000, 96.817000, 0.000000
11800800, 2.420000, 97.898200, 0.000000
11804400, 4.060001, 99.571001, 0.000000
11808000, 25.769999, 121.715199, 8.503599
11811600, 54.849996, 151.376796, 37.001996
11815200, 68.900004, 165.707804, 50.771004
11818800, 89.210016, 186.424016, 70.674816
11822400, 111.229992, 208.884392, 92.254392
11826000, 96.699996, 194.063796, 78.014996
11829600, 83.090016, 180.181616, 64.677216
11833200, 70.819992, 167.666192, 52.652592
11836800, 79.250004, 176.264804, 60.914004
11840400, 64.990008, 161.719608, 46.939208
11844000, 64.370016, 161.087216, 46.331616
11847600, 63.709992, 160.413992, 45.684792
11851200, 65.419992, 162.158192, 47.360592
11854800, 64.779984, 161.505384, 46.733384
11858400, 86.400000, 183.557800, 67.921000
11862000, 99.230004, 196.644404, 80.494404
11865600, 95.609988, 192.951988, 76.946788
11869200, 77.780016, 174.765416, 59.473416
11872800, 64.140012, 160.852612, 46.106212
11876400, 53.390016, 149.887616, 35.571216
11880000, 38.229984, 134.424384, 20.714384
11883600, 29.319998, 125.336198, 11.982598
11887200, 33.350000, 129.446800, 15.932000
11890800, 38.720016, 134.924216, 21.194616
11894400, 54.799992, 151.325792, 36.952992
11898000, 65.000016, 161.729816, 46.949016
11901600, 97.719984, 195.104184, 79.014584
11905200, 101.520000, 198.980200, 82.738600
11908800, 101.580012, 199.041412, 82.797412
11912400, 103.619988, 201.122188, 84.796588
11916000, 90.150012, 187.382812, 71.596012
11919600, 83.750004, 180.854804, 65.324004
11923200, 72.920016, 169.808216, 54.710616
11926800, 63.609984, 160.311984, 45.586784
11930400, 58.110012, 154.702012, 40.196812
11934000, 55.540008, 152.080608, 37.678208
11937600, 53.660016, 150.163016, 35.835816
11941200, 59.439996, 156.058596, 41.500196
11944800, 60.069996, 156.701196, 42.117596
11948400, 60.249996, 156.884796, 42.293996
11952000, 54.590004, 151.111604, 36.747204
11955600, 39.579984, 135.801384, 22.037384
11959200, 9.429998, 105.048398, 0.000000
11962800, 0.710000, 96.154000, 0.000000
11966400, -0.020000, 95.409400, 0.000000
11970000, -1.280000, 94.124200, 0.000000
11973600, -2.760000, 92.614600, 0.000000
11977200, -1.860000, 93.532600, 0.000000
11980800, -0.020000, 95.409400, 0.000000
11984400, 37.479996, 133.659396, 19.979396
11988000, 61.949988, 158.618788, 43.959988
11991600, 58.659984, 155.262984, 40.735784
11995200, 72.519984, 169.400184, 54.318584
11998800, 62.740008, 159.424608, 44.734208
12002400, 83.840004, 180.946604, 65.412204
12006000, 86.860008, 184.027008, 68.371808
12009600, 90.000000, 187.229800, 71.449000
12013200, 60.220008, 156.854208, 42.264608
12016800, 66.260016, 163.015016, 48.183816
12020400, 64.149984, 160.862784, 46.115984
12024000, 59.010012, 155.620012, 41.078812
12027600, 55.000008, 151.529808, 37.149008
12031200, 55.289988, 151.825588, 37.433188
12034800, 55.969992, 152.519192, 38.099592
12038400, 50.820012, 147.266212, 33.052612
12042000, 6.130001, 101.682401, 0.000000
12045600, -1.190000, 94.216000, 0.000000
12049200, -18.950000, 76.100800, 0.000000
12052800, -25.449998, 69.470802, 0.000000
12056400, -34.319999, 60.423401, 0.000000
12060000, -35.960000, 58.750600, 0.000000
12063600, -24.430000, 70.511200, 0.000000
12067200, -7.499999, 87.779801, 0.000000
12070800, -0.110000, 95.317600, 0.000000
12074400, 25.589999, 121.531599, 8.327199
12078000, 42.750000, 139.034800, 25.144000
12081600, 57.610008, 154.192008, 39.706808
12085200, 62.560008, 159.241008, 44.557808
12088800, 61.930008, 158.598408, 43.940408
12092400, 60.260004, 156.895004, 42.303804
12096000, 68.299992, 165.095792, 50.182992
12099600, 64.220004, 160.934204, 46.184604
12103200, 39.359988, 135.576988, 21.821788
12106800, 35.399999, 131.537799, 17.940999
12110400, 36.709992, 132.873992, 19.224792
12114000, 42.369984, 138.647184, 24.771584
12117600, 44.709984, 141.033984, 27.064784
12121200, 47.499984, 143.879784, 29.798984
12124800, 44.200008, 140.513808, 26.565008
12128400, 25.530001, 121.470401, 8.268401
12132000, 12.870000, 108.557200, 0.000000
12135600, 6.980000, 102.549400, 0.000000
12139200, 2.620000, 98.102200, 0.000000
12142800, 0.360000, 95.797000, 0.000000
12146400, 0.120000, 95.552200, 0.000000
12150000, -0.150000, 95.276800, 0.000000
12153600, 5.559998, 101.100998, 0.000000
12157200, 48.890016, 145.297616, 31.161216
12160800, 38.919996, 135.128196, 21.390596
12164400, 60.829992, 157.476392, 42.862392
12168000, 74.660004, 171.583004, 56.415804
12171600, 74.999988, 171.929788, 56.748988
12175200, 73.080000, 169.971400, 54.867400
12178800, 79.999992, 177.029792, 61.648992
12182400, 92.469996, 189.749196, 73.869596
12186000, 79.999992, 177.029792, 61.648992
12189600, 60.829992, 157.476392, 42.862392
12193200, 62.070012, 158.741212, 44.077612
12196800, 67.860000, 164.647000, 49.751800
12200400, 81.219996, 178.274196, 62.844596
12204000, 82.839996, 179.926596, 64.432196
12207600, 94.510008, 191.830008, 75.868808
12211200, 85.169988, 182.303188, 66.715588
12214800, 71.939988, 168.808588, 53.750188
12218400, 57.719988, 154.304188, 39.814588
12222000, 45.529992, 141.870392, 27.868392
12225600, 26.830001, 122.796401, 9.542401
12229200, 28.059998, 124.050998, 10.747798
12232800, 51.429996, 147.888396, 33.650396
12236400, 54.169992, 150.683192, 36.335592
12240000, 61.549992, 158.210792, 43.567992
12243600, 70.830000, 167.676400, 52.662400
12247200, 99.299988, 196.715788, 80.562988
12250800, 109.400004, 207.017804, 90.461004
12254400, 109.800000, 207.425800, 90.853000
12258000, 93.049992, 190.340792, 74.437992
12261600, 85.489992, 182.629592, 67.029192
12265200, 73.239984, 170.134584, 55.024184
12268800, 71.820000, 168.686200, 53.632600
12272400, 82.119996, 179.192196, 63.726596
12276000, 75.970008, 172.919208, 57.699608
12279600, 66.949992, 163.718792, 48.859992
12283200, 74.250000, 171.164800, 56.014000
12286800, 70.089984, 166.921584, 51.937184
12290400, 52.539984, 149.020584, 34.738184
12294000, 75.759984, 172.704984, 57.493784
12297600, 87.199992, 184.373792, 68.704992
12301200, 71.160012, 168.013012, 52.985812
12304800, 59.109984, 155.721984, 41.176784
12308400, 54.609984, 151.131984, 36.766784
12312000, 20.819999, 116.666199, 3.652599
12315600, 14.580000, 110.301400, 0.000000
12319200, -20.000002, 75.029798, 0.000000
12322800, -15.250000, 79.874800, 0.000000
12326400, -3.290000, 92.074000, 0.000000
12330000, 27.479999, 123.459399, 10.179399
12333600, 52.350012, 148.826812, 34.552012
12337200, 65.990016, 162.739616, 47.919216
12340800, 90.000000, 187.229800, 71.449000
12344400, 68.810004, 165.616004, 50.682804
12348000, 78.699996, 175.703796, 60.374996
12351600, 70.750008, 167.594808, 52.584008
12355200, 61.189992, 157.843592, 43.215192
12358800, 49.920012, 146.348212, 32.170612
12362400, 36.489996, 132.649596, 19.009196
12366000, 43.269984, 139.565184, 25.653584
12369600, 36.460008, 132.619008, 18.979808
12373200, 47.390004, 143.767604, 29.691204
12376800, 56.400012, 152.957812, 38.521012
12380400, 91.339992, 188.596592, 72.762192
12384000, 88.070004, 185.261204, 69.557604
12387600, 73.130004, 170.022404, 54.916404
12391200, 58.380012, 154.977412, 40.461412
12394800, 57.999996, 154.589796, 40.088996
12398400, 48.380004, 144.777404, 30.661404
12402000, 42.909984, 139.197984, 25.300784
12405600, 50.690016, 147.133616, 32.925216
12409200, 57.499992, 154.079792, 39.598992
12412800, 65.660004, 162.403004, 47.595804
12416400, 56.720016, 153.284216, 38.834616
12420000, 67.340016, 164.116616, 49.242216
12423600, 97.679988, 195.063388, 78.975388
12427200, 107.750016, 205.334816, 88.844016
12430800, 114.260004, 211.975004, 95.223804
12434400, 109.019988, 206.630188, 90.088588
12438000, 95.220000, 192.554200, 76.564600
12441600, 94.929984, 192.258384, 76.280384
12445200, 86.180004, 183.333404, 67.705404
12448800, 83.999988, 181.109788, 65.568988
12452400, 87.300000, 184.475800, 68.803000
12456000, 92.099988, 189.371788, 73.506988
12459600, 92.099988, 189.371788, 73.506988
12463200, 103.489992, 200.989592, 84.669192
12466800, 114.739992, 212.464592, 95.694192
12470400, 108.669996, 206.273196, 89.745596
12474000, 99.290016, 196.705616, 80.553216
12477600, 88.369992, 185.567192, 69.851592
12481200, 80.610012, 177.652012, 62.246812
12484800, 79.790004, 176.815604, 61.443204
12488400, 77.199984, 174.173784, 58.904984
12492000, 76.700016, 173.663816, 58.415016
12495600, 81.249984, 178.304784, 62.873984
12499200, 84.110004, 181.222004, 65.676804
12502800, 94.259988, 191.574988, 75.623788
12506400, 105.750000, 203.294800, 86.884000
12510000, 118.659996, 216.462996, 99.535796
12513600, 117.270000, 215.045200, 98.173600
12517200, 115.859988, 213.606988, 96.791788
12520800, 109.670004, 207.293204, 90.725604
12524400, 99.839988, 197.266588, 81.092188
12528000, 94.880016, 192.207416, 76.231416
12531600, 90.270000, 187.505200, 71.713600
12535200, 90.290016, 187.525616, 71.733216
12538800, 89.660016, 186.883016, 71.115816
12542400, 89.550000, 186.770800, 71.008000
12546000, 79.530012, 176.550412, 61.188412
12549600, 80.449992, 177.488792, 62.089992
12553200, 81.159984, 178.212984, 62.785784
12556800, 70.790004, 167.635604, 52.623204
12560400, 69.180012, 165.993412, 51.045412
12564000, 47.300004, 143.675804, 29.603004
12567600, 9.339998, 104.956598, 0.000000
12571200, 3.240000, 98.734600, 0.000000
12574800, 0.040000, 95.470600, 0.000000
12578400, 0.000000, 95.429800, 0.000000
12582000, 0.020000, 95.450200, 0.000000
12585600, 12.039998, 107.710598, 0.000000
12589200, 58.259988, 154.854988, 40.343788
12592800, 79.369992, 176.387192, 61.031592
12596400, 94.569984, 191.891184, 75.927584
12600000, 92.710008, 189.994008, 74.104808
12603600, 113.799996, 211.505796, 94.772996
12607200, 100.000008, 197.429808, 81.249008
12610800, 94.569984, 191.891184, 75.927584
12614400, 111.999996, 209.669796, 93.008996
12618000, 75.999996, 172.949796, 57.728996
12621600, 77.299992, 174.275792, 59.002992
12625200, 65.099988, 161.831788, 47.046988
12628800, 66.999996, 163.769796, 48.908996
12632400, 65.999988, 162.749788, 47.928988
12636000, 55.239984, 151.774584, 37.384184
12639600, 50.590008, 147.031608, 32.827208
12643200, 13.250002, 108.944802, 0.000000
12646800, 0.020000, 95.450200, 0.000000
12650400, 0.000000, 95.429800, 0.000000
12654000, -0.090000, 95.338000, 0.000000
12657600, -2.120000, 93.267400, 0.000000
12661200, -10.640002, 84.576998, 0.000000
12664800, -23.850000, 71.102800, 0.000000
12668400, -9.900000, 85.331800, 0.000000
12672000, -0.600000, 94.817800, 0.000000
12675600, 29.720002, 125.744202, 12.374602
12679200, 49.590000, 146.011600, 31.847200
12682800, 87.500016, 184.679816, 68.999016
12686400, 79.999992, 177.029792, 61.648992
12690000, 98.799984, 196.205784, 80.072984
12693600, 91.500012, 188.759812, 72.919012
12697200, 87.500016, 184.679816, 68.999016
12700800, 64.940004, 161.668604, 46.890204
12704400, 64.959984, 161.688984, 46.909784
12708000, 64.019988, 160.730188, 45.988588
12711600, 63.969984, 160.679184, 45.939584
12715200, 65.769984, 162.515184, 47.703584
12718800, 71.399988, 168.257788, 53.220988
12722400, 86.379984, 183.537384, 67.901384
12726000, 99.380016, 196.797416, 80.641416
12729600, 93.549996, 190.850796, 74.927996
12733200, 81.879984, 178.947384, 63.491384
12736800, 74.739996, 171.664596, 56.494196
12740400, 71.719992, 168.584192, 53.534592
12744000, 65.710008, 162.454008, 47.644808
12747600, 62.150004, 158.822804, 44.156004
12751200, 60.390000, 157.027600, 42.431200
12754800, 61.880004, 158.547404, 43.891404
12758400, 65.070000, 161.801200, 47.017600
12762000, 77.749992, 174.734792, 59.443992
12765600, 93.269988, 190.565188, 74.653588
12769200, 124.650000, 222.572800, 105.406000
12772800, 147.150000, 245.522800, 127.456000
12776400, 123.480000, 221.379400, 104.259400
12780000, 104.130000, 201.642400, 85.296400
12783600, 86.109984, 183.261984, 67.636784
12787200, 80.650008, 177.692808, 62.286008
12790800, 90.000000, 187.229800, 71.449000
12794400, 71.160012, 168.013012, 52.985812
12798000, 82.000008, 179.069808, 63.609008
12801600, 84.499992, 181.619792, 66.058992
12805200, 69.999984, 166.829784, 51.848984
12808800, 83.980008, 181.089408, 65.549408
12812400, 96.260004, 193.615004, 77.583804
12816000, 86.850000, 184.016800, 68.362000
12819600, 72.720000, 169.604200, 54.514600
12823200, 61.290000, 157.945600, 43.313200
12826800, 51.620004, 148.082204, 33.836604
12830400, 45.470016, 141.809216, 27.809616
12834000, 41.150016, 137.402816, 23.576016
12837600, 41.259996, 137.514996, 23.683796
12841200, 48.870000, 145.277200, 31.141600
12844800, 54.389988, 150.907588, 36.551188
12848400, 65.459988, 162.198988, 47.399788
12852000, 78.620004, 175.622204, 60.296604
12855600, 69.620004, 166.442204, 51.476604
12859200, 76.169988, 173.123188, 57.895588
12862800, 96.440004, 193.798604, 77.760204
12866400, 83.760012, 180.865012, 65.333812
12870000, 73.699992, 170.603792, 55.474992
12873600, 65.409984, 162.147984, 47.350784
12877200, 50.960016, 147.409016, 33.189816
12880800, 46.720008, 143.084208, 29.034608
12884400, 41.349996, 137.606796, 23.771996
12888000, 38.490012, 134.689612, 20.969212
12891600, 40.709988, 136.953988, 23.144788
12895200, 59.940000, 156.568600, 41.990200
12898800, 76.929984, 173.898384, 58.640384
12902400, 81.600012, 178.661812, 63.217012
12906000, 61.310016, 157.966016, 43.332816
12909600, 54.820008, 151.346208, 36.972608
12913200, 47.909988, 144.297988, 30.200788
12916800, 45.560016, 141.901016, 27.897816
12920400, 45.510012, 141.850012, 27.848812
12924000, 45.029988, 141.360388, 27.378388
12927600, 50.420016, 146.858216, 32.660616
12931200, 56.930004, 153.498404, 39.040404
12934800, 50.510016, 146.950016, 32.748816
12938400, 78.000012, 174.989812, 59.689012
12942000, 92.009988, 189.279988, 73.418788
12945600, 80.740008, 177.784608, 62.374208
12949200, 97.970004, 195.359204, 79.259604
12952800, 90.169992, 187.403192, 71.615592
12956400, 104.640012, 202.162612, 85.796212
12960000, 79.080012, 176.091412, 60.747412
12963600, 73.670004, 170.573204, 55.445604
12967200, 53.880012, 150.387412, 36.051412
12970800, 61.930008, 158.598408, 43.940408
12974400, 44.619984, 140.942184, 26.976584
12978000, 43.020000, 139.310200, 25.408600
12981600, 65.000016, 161.729816, 46.949016
12985200, 90.280008, 187.515408, 71.723408
12988800, 82.410012, 179.488012, 64.010812
12992400, 76.770000, 173.735200, 58.483600
12996000, 65.450016, 162.188816, 47.390016
12999600, 59.960016, 156.589016, 42.009816
13003200, 53.060004, 149.551004, 35.247804
13006800, 45.900000, 142.247800, 28.231000
13010400, 46.410012, 142.768012, 28.730812
13014000, 49.759992, 146.184992, 32.013792
13017600, 61.409988, 158.067988, 43.430788
13021200, 65.909988, 162.657988, 47.840788
13024800, 83.769984, 180.875184, 65.343584
13028400, 105.999984, 203.549784, 87.128984
13032000, 122.550012, 220.430812, 103.348012
13035600, 113.900004, 211.607804, 94.871004
13039200, 92.120004, 189.392204, 73.526604
13042800, 83.419992, 180.518192, 65.000592
13046400, 50.979996, 147.429396, 33.209396
13050000, 53.169984, 149.663184, 35.355584
13053600, 33.019999, 129.110199, 15.608599
13057200, 53.169984, 149.663184, 35.355584
13060800, 55.270008, 151.805208, 37.413608
13064400, 36.730008, 132.894408, 19.244408
13068000, 51.999984, 148.469784, 34.208984
13071600, 82.209996, 179.283996, 63.814796
13075200, 81.299988, 178.355788, 62.922988
13078800, 75.899988, 172.847788, 57.630988
13082400, 69.279984, 166.095384, 51.143384
13086000, 65.270016, 162.005216, 47.213616
13089600, 56.109996, 152.661996, 38.236796
13093200, 50.420016, 146.858216, 32.660616
13096800, 46.519992, 142.880192, 28.838592
13100400, 42.990012, 139.279612, 25.379212
13104000, 46.299996, 142.655796, 28.622996
13107600, 57.840012, 154.426612, 39.932212
13111200, 69.779988, 166.605388, 51.633388
13114800, 82.220004, 179.294204, 63.824604
13118400, 81.690012, 178.753612, 63.305212
13122000, 69.879996, 166.707396, 51.731396
13125600, 72.100008, 168.971808, 53.907008
13129200, 64.230012, 160.944412, 46.194412
13132800, 56.819988, 153.386188, 38.932588
13136400, 56.350008, 152.906808, 38.472008
13140000, 34.390001, 130.507601, 16.951201
13143600, 50.770008, 147.215208, 33.003608
13147200, 29.480000, 125.499400, 12.139400
13150800, 31.950000, 128.018800, 14.560000
13154400, 32.119999, 128.192199, 14.726599
13158000, 34.150000, 130.262800, 16.716000
13161600, 53.409996, 149.907996, 35.590796
13165200, 45.309996, 141.645996, 27.652796
13168800, 33.109999, 129.201999, 15.696799
13172400, 29.459999, 125.478999, 12.119799
13176000, 14.940000, 110.668600, 0.000000
13179600, 5.180000, 100.713400, 0.000000
13183200, -0.070000, 95.358400, 0.000000
13186800, -0.210000, 95.215600, 0.000000
13190400, 8.920001, 104.528201, 0.000000
13194000, 36.600012, 132.761812, 19.117012
13197600, 47.689992, 144.073592, 29.985192
13201200, 56.340000, 152.896600, 38.462200
13204800, 56.679984, 153.243384, 38.795384
13208400, 53.840016, 150.346616, 36.012216
13212000, 55.530000, 152.070400, 37.668400
13215600, 51.519996, 147.980196, 33.738596
13219200, 29.170001, 125.183201, 11.835601
13222800, 21.390001, 117.247601, 4.211201
13226400, 11.660000, 107.323000, 0.000000
13230000, 5.659999, 101.202999, 0.000000
13233600, 8.799998, 104.405798, 0.000000
13237200, 5.199998, 100.733798, 0.000000
13240800, 4.910000, 100.438000, 0.000000
13244400, 4.110001, 99.622001, 0.000000
13248000, 0.970000, 96.419200, 0.000000
13251600, -0.020000, 95.409400, 0.000000
13255200, -3.270000, 92.094400, 0.000000
13258800, -7.940002, 87.330998, 0.000000
13262400, -14.000000, 81.149800, 0.000000
13266000, -27.460001, 67.420599, 0.000000
13269600, -40.610016, 54.007584, 0.000000
13273200, -76.889988, 17.002012, 0.000000
13276800, -20.000002, 75.029798, 0.000000
13280400, -1.170000, 94.236400, 0.000000
13284000, 9.720000, 105.344200, 0.000000
13287600, 49.579992, 146.001392, 31.837392
13291200, 63.439992, 160.138592, 45.420192
13294800, 91.460016, 188.719016, 72.879816
13298400, 85.820004, 182.966204, 67.352604
13302000, 78.300000, 175.295800, 59.983000
13305600, 75.579984, 172.521384, 57.317384
13309200, 70.359984, 167.196984, 52.201784
13312800, 75.380004, 172.317404, 57.121404
13316400, 67.079988, 163.851388, 48.987388
13320000, 64.490004, 161.209604, 46.449204
13323600, 72.870012, 169.757212, 54.661612
13327200, 99.929988, 197.358388, 81.180388
13330800, 140.010012, 238.240012, 120.458812
13334400, 129.420000, 227.438200, 110.080600
13338000, 99.420012, 196.838212, 80.680612
13341600, 77.500008, 174.479808, 59.199008
13345200, 68.400000, 165.197800, 50.281000
13348800, 60.530004, 157.170404, 42.568404
13352400, 53.719992, 150.224192, 35.894592
13356000, 47.999988, 144.389788, 30.288988
13359600, 50.490000, 146.929600, 32.729200
13363200, 55.270008, 151.805208, 37.413608
13366800, 77.799996, 174.785796, 59.492996
13370400, 100.680012, 198.123412, 81.915412
13374000, 138.300012, 236.495812, 118.783012
13377600, 167.559984, 266.340984, 147.457784
13381200, 155.379996, 253.917396, 135.521396
13384800, 125.480016, 223.419416, 106.219416
13388400, 99.579996, 197.001396, 80.837396
13392000, 104.550012, 202.070812, 85.708012
13395600, 96.279984, 193.635384, 77.603384
13399200, 89.489988, 186.709588, 70.949188
13402800, 78.000012, 174.989812, 59.689012
13406400, 73.329984, 170.226384, 55.112384
13410000, 87.699996, 184.883796, 69.194996
13413600, 135.889992, 234.037592, 116.421192
13417200, 142.980012, 241.269412, 123.369412
13420800, 132.149988, 230.222788, 112.755988
13424400, 105.099984, 202.631784, 86.246984
13428000, 85.209984, 182.343984, 66.754784
13431600, 66.710016, 163.474016, 48.624816
13435200, 57.499992, 154.079792, 39.598992
13438800, 42.909984, 139.197984, 25.300784
13442400, 30.939998, 126.988598, 13.570198
13446000, 33.400001, 129.497801, 15.981001
13449600, 42.770016, 139.055216, 25.163616
13453200, 53.930016, 150.438416, 36.100416
13456800, 83.490012, 180.589612, 65.069212
13460400, 116.100000, 213.851800, 97.027000
13464000, 142.589988, 240.871588, 122.987188
13467600, 104.180004, 201.693404, 85.345404
13471200, 89.750016, 186.974816, 71.204016
13474800, 67.020012, 163.790212, 48.928612
13478400, 58.089996, 154.681596, 40.177196
13482000, 46.040004, 142.390604, 28.368204
13485600, 46.640016, 143.002616, 28.956216
13489200, 47.350008, 143.726808, 29.652008
13492800, 49.240008, 145.654608, 31.504208
13496400, 64.829988, 161.556388, 46.782388
13500000, 84.710016, 181.834016, 66.264816
13503600, 108.879984, 206.487384, 89.951384
13507200, 91.410012, 188.668012, 72.830812
13510800, 67.160016, 163.933016, 49.065816
13514400, 48.880008, 145.287408, 31.151408
13518000, 42.140016, 138.412616, 24.546216
13521600, 33.360001, 129.457001, 15.941801
13525200, 21.080002, 116.931402, 3.907402
13528800, 17.930002, 113.718402, 0.820402
13532400, 22.849999, 118.736799, 5.641999
13536000, 43.049988, 139.340788, 25.437988
13539600, 60.249996, 156.884796, 42.293996
13543200, 87.490008, 184.669608, 68.989208
13546800, 113.280012, 210.975412, 94.263412
13550400, 132.289992, 230.365592, 112.893192
13554000, 137.070000, 235.241200, 117.577600
13557600, 125.899992, 223.847792, 106.630992
13561200, 102.380004, 199.857404, 83.581404
13564800, 83.630016, 180.732416, 65.206416
13568400, 75.099996, 172.031796, 56.846996
13572000, 71.470008, 168.329208, 53.289608
13575600, 68.209992, 165.003992, 50.094792
13579200, 75.120012, 172.052212, 56.866612
13582800, 81.699984, 178.763784, 63.314984
13586400, 105.019992, 202.550192, 86.168592
13590000, 111.560004, 209.221004, 92.577804
13593600, 93.170016, 190.463216, 74.555616
13597200, 70.869996, 167.717196, 52.701596
13600800, 57.800016, 154.385816, 39.893016
13604400, 30.340001, 126.376601, 12.982201
13608000, 25.520000, 121.460200, 8.258600
13611600, 19.800000, 115.625800, 2.653000
13615200, 19.199999, 115.013799, 2.064999
13618800, 28.210000, 124.204000, 10.894800
13622400, 49.569984, 145.991184, 31.827584
13626000, 71.399988, 168.257788, 53.220988
13629600, 90.159984, 187.392984, 71.605784
13633200, 108.770004, 206.375204, 89.843604
13636800, 138.830004, 237.036404, 119.302404
13640400, 139.399992, 237.617792, 119.860992
13644000, 117.910008, 215.698008, 98.800808
13647600, 97.220016, 194.594216, 78.524616
13651200, 95.439996, 192.778596, 76.780196
13654800, 91.069992, 188.321192, 72.497592
13658400, 90.690012, 187.933612, 72.125212
13662000, 91.469988, 188.729188, 72.889588
13665600, 92.559996, 189.840996, 73.957796
13669200, 82.000008, 179.069808, 63.609008
13672800, 87.829992, 185.016392, 69.322392
13676400, 102.430008, 199.908408, 83.630408
13680000, 95.670000, 193.013200, 77.005600
13683600, 76.680000, 173.643400, 58.395400
13687200, 57.260016, 153.835016, 39.363816
13690800, 41.389992, 137.647592, 23.811192
13694400, 33.909998, 130.017998, 16.480798
13698000, 25.359998, 121.296998, 8.101798
13701600, 17.830001, 113.616401, 0.722401
13705200, 16.200000, 111.953800, 0.000000
13708800, 27.290002, 123.265602, 9.993202
13712400, 57.129984, 153.702384, 39.236384
13716000, 78.329988, 175.326388, 60.012388
13719600, 111.049992, 208.700792, 92.077992
13723200, 119.549988, 217.370788, 100.407988
13726800, 119.689992, 217.513592, 100.545192
13730400, 108.240012, 205.834612, 89.324212
13734000, 87.869988, 185.057188, 69.361588
13737600, 91.479996, 188.739396, 72.899396
13741200, 76.100004, 173.051804, 57.827004
13744800, 68.739984, 165.544584, 50.614184
13748400, 66.150000, 162.902800, 48.076000
13752000, 59.760000, 156.385000, 41.813800
13755600, 61.440012, 158.098612, 43.460212
13759200, 62.060004, 158.731004, 44.067804
13762800, 48.350016, 144.746816, 30.632016
13766400, 36.519984, 132.680184, 19.038584
13770000, 12.539999, 108.220599, 0.000000
13773600, 0.060000, 95.491000, 0.000000
13777200, -2.230000, 93.155200, 0.000000
13780800, -9.789998, 85.444002, 0.000000
13784400, -22.770000, 72.204400, 0.000000
13788000, -29.070000, 65.778400, 0.000000
13791600, -19.800000, 75.233800, 0.000000
13795200, -7.130002, 88.157198, 0.000000
13798800, 2.760000, 98.245000, 0.000000
13802400, 43.310016, 139.606016, 25.692816
13806000, 64.540008, 161.260608, 46.498208
13809600, 88.999992, 186.209792, 70.468992
13813200, 103.299984, 200.795784, 84.482984
13816800, 112.790016, 210.475616, 93.783216
13820400, 86.230008, 183.384408, 67.754408
13824000, 65.970000, 162.719200, 47.899600
13827600, 51.580008, 148.041408, 33.797408
13831200, 34.610000, 130.732000, 17.166800
13834800, 15.080000, 110.811400, 0.000000
13838400, 16.999999, 112.769799, 0.000000
13842000, 12.719999, 108.404199, 0.000000
13845600, 9.510001, 105.130001, 0.000000
13849200, 3.340000, 98.836600, 0.000000
13852800, 0.070000, 95.501200, 0.000000
13856400, -1.950000, 93.440800, 0.000000
13860000, -7.430000, 87.851200, 0.000000
13863600, -15.790000, 79.324000, 0.000000
13867200, -46.280016, 48.224184, 0.000000
13870800, -58.970016, 35.280384, 0.000000
13874400, -53.989992, 40.360008, 0.000000
13878000, -28.640002, 66.216998, 0.000000
13881600, -5.209999, 90.115601, 0.000000
13885200, 1.030000, 96.480400, 0.000000
13888800, 38.679984, 134.883384, 21.155384
13892400, 82.069992, 179.141192, 63.677592
13896000, 94.569984, 191.891184, 75.927584
13899600, 126.810000, 224.776000, 107.522800
13903200, 121.510008, 219.370008, 102.328808
13906800, 95.590008, 192.931608, 76.927208
13910400, 76.600008, 173.561808, 58.317008
13914000, 61.350012, 158.006812, 43.372012
13917600, 53.669988, 150.173188, 35.845588
13921200, 57.499992, 154.079792, 39.598992
13924800, 54.119988, 150.632188, 36.286588
13928400, 56.949984, 153.518784, 39.059984
13932000, 63.820008, 160.526208, 45.792608
13935600, 135.380016, 233.517416, 115.921416
13939200, 123.180012, 221.073412, 103.965412
13942800, 117.399996, 215.177796, 98.300996
13946400, 82.959984, 180.048984, 64.549784
13950000, 77.770008, 174.755208, 59.463608
13953600, 68.259996, 165.054996, 50.143796
13957200, 47.270016, 143.645216, 29.573616
13960800, 35.210002, 131.344002, 17.754802
13964400, 33.770002, 129.875202, 16.343602
13968000, 36.280008, 132.435408, 18.803408
13971600, 42.159996, 138.432996, 24.565796
13975200, 60.990012, 157.639612, 43.019212
13978800, 80.690004, 177.733604, 62.325204
13982400, 75.769992, 172.715192, 57.503592
13986000, 72.309996, 169.185996, 54.112796
13989600, 87.090012, 184.261612, 68.597212
13993200, 76.209984, 173.163984, 57.934784
13996800, 60.930000, 157.578400, 42.960400
14000400, 57.560004, 154.141004, 39.657804
14004000, 60.059988, 156.690988, 42.107788
14007600, 48.790008, 145.195608, 31.063208
14011200, 45.960012, 142.309012, 28.289812
14014800, 57.650004, 154.232804, 39.746004
14018400, 63.939996, 160.648596, 45.910196
14022000, 87.760008, 184.945008, 69.253808
14025600, 85.849992, 182.996792, 67.381992
14029200, 68.230008, 165.024408, 50.114408
14032800, 48.170016, 144.563216, 30.455616
14036400, 34.240000, 130.354600, 16.804200
14040000, 14.910001, 110.638001, 0.000000
14043600, 3.270000, 98.765200, 0.000000
14047200, 2.160000, 97.633000, 0.000000
14050800, 3.859999, 99.366999, 0.000000
14054400, 14.000000, 109.709800, 0.000000
14058000, 50.860008, 147.307008, 33.091808
14061600, 62.880012, 159.567412, 44.871412
14065200, 88.220016, 185.414216, 69.704616
14068800, 101.610000, 199.072000, 82.826800
14072400, 109.540008, 207.160608, 90.598208
14076000, 96.249996, 193.604796, 77.573996
14079600, 84.160008, 181.273008, 65.725808
14083200, 67.790016, 164.575616, 49.683216
14086800, 72.000000, 168.869800, 53.809000
14090400, 79.809984, 176.835984, 61.462784
14094000, 65.000016, 161.729816, 46.949016
14097600, 69.689988, 166.513588, 51.545188
14101200, 78.469992, 175.469192, 60.149592
14104800, 96.000012, 193.349812, 77.329012
14108400, 112.629996, 210.312396, 93.626396
14112000, 98.700012, 196.103812, 79.975012
14115600, 65.059992, 161.790992, 47.007792
14119200, 50.569992, 147.011192, 32.807592
14122800, 45.470016, 141.809216, 27.809616
14126400, 33.999998, 130.109798, 16.568998
14130000, 36.519984, 132.680184, 19.038584
14133600, 36.669996, 132.833196, 19.185596
14137200, 36.640008, 132.802608, 19.156208
14140800, 48.840012, 145.246612, 31.112212
14144400, 66.139992, 162.892592, 48.066192
14148000, 83.000016, 180.089816, 64.589016
14151600, 109.800000, 207.425800, 90.853000
14155200, 115.840008, 213.586608, 96.772208
14158800, 122.910012, 220.798012, 103.700812
14162400, 110.019996, 207.650196, 91.068596
14166000, 98.219988, 195.614188, 79.504588
14169600, 98.979984, 196.389384, 80.249384
14173200, 70.390008, 167.227608, 52.231208
14176800, 67.799988, 164.585788, 49.692988
14180400, 54.730008, 151.254408, 36.884408
14184000, 50.140008, 146.572608, 32.386208
14187600, 62.949996, 159.638796, 44.939996
14191200, 81.600012, 178.661812, 63.217012
14194800, 95.580000, 192.921400, 76.917400
14198400, 98.070012, 195.461212, 79.357612
14202000, 68.249988, 165.044788, 50.133988
14205600, 50.060016, 146.491016, 32.307816
14209200, 44.880012, 141.207412, 27.231412
14212800, 38.779992, 134.985392, 21.253392
14216400, 34.139999, 130.252599, 16.706199
14220000, 31.610002, 127.672002, 14.226802
14223600, 39.719988, 135.944188, 22.174588
14227200, 35.230000, 131.364400, 17.774400
14230800, 39.650004, 135.872804, 22.106004
14234400, 81.249984, 178.304784, 62.873984
14238000, 110.660004, 208.303004, 91.695804
14241600, 106.650000, 204.212800, 87.766000
14245200, 122.360004, 220.237004, 103.161804
14248800, 94.190004, 191.503604, 75.555204
14252400, 76.700016, 173.663816, 58.415016
14256000, 58.740012, 155.344612, 40.814212
14259600, 48.340008, 144.736608, 30.622208
14263200, 44.150004, 140.462804, 26.516004
14266800, 42.649992, 138.932792, 25.045992
14270400, 39.989988, 136.219588, 22.439188
14274000, 43.250004, 139.544804, 25.634004
14277600, 60.369984, 157.007184, 42.411584
14281200, 84.359988, 181.476988, 65.921788
14284800, 91.500012, 188.759812, 72.919012
14288400, 85.079988, 182.211388, 66.627388
14292000, 61.800012, 158.465812, 43.813012
14295600, 52.250004, 148.724804, 34.454004
14299200, 44.470008, 140.789208, 26.829608
14302800, 33.990001, 130.099601, 16.559201
14306400, 29.000002, 125.009802, 11.669002
14310000, 29.200000, 125.213800, 11.865000
14313600, 39.459996, 135.678996, 21.919796
14317200, 52.220016, 148.694216, 34.424616
14320800, 64.640016, 161.362616, 46.596216
14324400, 91.329984, 188.586384, 72.752384
14328000, 128.570004, 226.571204, 109.247604
14331600, 123.519996, 221.420196, 104.298596
14335200, 97.909992, 195.297992, 79.200792
14338800, 64.190016, 160.903616, 46.155216
14342400, 110.000016, 207.629816, 91.049016
14346000, 92.080008, 189.351408, 73.487408
14349600, 77.720004, 174.704204, 59.414604
14353200, 28.239998, 124.234598, 10.924198
14356800, -21.399998, 73.601802, 0.000000
14360400, -10.419998, 84.801402, 0.000000
14364000, 1.540000, 97.000600, 0.000000
14367600, 0.090000, 95.521600, 0.000000
14371200, 0.000000, 95.429800, 0.000000
14374800, -0.060000, 95.368600, 0.000000
14378400, -10.080000, 85.148200, 0.000000
14382000, -28.950001, 65.900799, 0.000000
14385600, -44.820000, 49.713400, 0.000000
14389200, -65.469996, 28.650404, 0.000000
14392800, -80.020008, 13.809392, 0.000000
14396400, -56.099988, 38.207812, 0.000000
14400000, -28.890000, 65.962000, 0.000000
14403600, -3.769999, 91.584401, 0.000000
14407200, 0.000000, 95.429800, 0.000000
14410800, 14.820001, 110.546201, 0.000000
14414400, 38.379996, 134.577396, 20.861396
14418000, 39.200004, 135.413804, 21.665004
14421600, 53.600004, 150.101804, 35.777004
14425200, 41.040000, 137.290600, 23.468200
14428800, 26.039999, 121.990599, 8.768199
14432400, 10.930000, 106.578400, 0.000000
14436000, 6.000001, 101.549801, 0.000000
14439600, 4.010000, 99.520000, 0.000000
14443200, 3.020000, 98.510200, 0.000000
14446800, 2.960000, 98.449000, 0.000000
14450400, 3.510000, 99.010000, 0.000000
14454000, 0.470000, 95.909200, 0.000000
14457600, -0.020000, 95.409400, 0.000000
14461200, -1.270000, 94.134400, 0.000000
14464800, -10.000001, 85.229799, 0.000000
14468400, -13.340002, 81.822998, 0.000000
14472000, -20.009999, 75.019601, 0.000000
14475600, -30.010000, 64.819600, 0.000000
14479200, -35.680000, 59.036200, 0.000000
14482800, -29.040001, 65.808999, 0.000000
14486400, -9.860000, 85.372600, 0.000000
14490000, -1.320000, 94.083400, 0.000000
14493600, 25.600000, 121.541800, 8.337000
14497200, 45.180000, 141.513400, 27.525400
14500800, 55.900008, 152.447808, 38.031008
14504400, 69.469992, 166.289192, 51.329592
14508000, 73.140012, 170.032612, 54.926212
14511600, 65.000016, 161.729816, 46.949016
14515200, 64.389996, 161.107596, 46.351196
14518800, 56.700000, 153.263800, 38.815000
14522400, 44.210016, 140.524016, 26.574816
14526000, 47.250000, 143.624800, 29.554000
14529600, 39.790008, 136.015608, 22.243208
14533200, 55.789992, 152.335592, 37.923192
14536800, 59.789988, 156.415588, 41.843188
14540400, 81.900000, 178.967800, 63.511000
14544000, 120.700008, 218.543808, 101.535008
14547600, 85.230000, 182.364400, 66.774400
14551200, 65.000016, 161.729816, 46.949016
14554800, 40.269996, 136.505196, 22.713596
14558400, 32.240002, 128.314602, 14.844202
14562000, 30.690000, 126.733600, 13.325200
14565600, 33.919999, 130.028199, 16.490599
14569200, 39.729996, 135.954396, 22.184396
14572800, 46.419984, 142.778184, 28.740584
14576400, 67.550004, 164.330804, 49.448004
14580000, 90.280008, 187.515408, 71.723408
14583600, 123.699996, 221.603796, 104.474996
14587200, 156.099996, 254.651796, 136.226996
14590800, 140.000004, 238.229804, 120.449004
14594400, 114.999984, 212.729784, 95.948984
14598000, 105.500016, 203.039816, 86.639016
14601600, 81.140004, 178.192604, 62.766204
14605200, 80.049996, 177.080796, 61.697996
14608800, 86.799996, 183.965796, 68.312996
14612400, 80.240004, 177.274604, 61.884204
14616000, 83.059992, 180.150992, 64.647792
14619600, 93.970008, 191.279208, 75.339608
14623200, 100.140012, 197.572612, 81.386212
14626800, 103.950000, 201.458800, 85.120000
14630400, 84.989988, 182.119588, 66.539188
14634000, 91.239984, 188.494584, 72.664184
14637600, 88.740000, 185.944600, 70.214200
14641200, 78.890004, 175.897604, 60.561204
14644800, 79.149996, 176.162796, 60.815996
14648400, 97.760016, 195.145016, 79.053816
14652000, 106.940016, 204.508616, 88.050216
14655600, 103.050000, 200.540800, 84.238000
14659200, 102.359988, 199.836988, 83.561788
14662800, 97.999992, 195.389792, 79.288992
14666400, 100.010016, 197.440016, 81.258816
14670000, 129.240000, 227.254600, 109.904200
14673600, 133.359984, 231.456984, 113.941784
14677200, 96.180012, 193.533412, 77.505412
14680800, 87.930000, 185.118400, 69.420400
14684400, 82.119996, 179.192196, 63.726596
14688000, 100.050012, 197.480812, 81.298012
14691600, 88.020000, 185.210200, 69.508600
14695200, 74.459988, 171.378988, 56.219788
14698800, 70.710012, 167.554012, 52.544812
14702400, 68.950008, 165.758808, 50.820008
14706000, 70.700004, 167.543804, 52.535004
14709600, 95.040000, 192.370600, 76.388200
14713200, 109.500012, 207.119812, 90.559012
14716800, 102.499992, 199.979792, 83.698992
14720400, 78.400008, 175.397808, 60.081008
14724000, 66.110004, 162.862004, 48.036804
14727600, 60.199992, 156.833792, 42.244992
14731200, 52.570008, 149.051208, 34.767608
14734800, 38.139984, 134.332584, 20.626184
14738400, 22.340002, 118.216602, 5.142202
14742000, 13.200001, 108.893801, 0.000000
14745600, 24.210000, 120.124000, 6.974800
14749200, 60.289992, 156.925592, 42.333192
14752800, 74.040012, 170.950612, 55.808212
14756400, 97.769988, 195.155188, 79.063588
14760000, 102.729996, 200.214396, 83.924396
14763600, 119.369988, 217.187188, 100.231588
14767200, 109.659996, 207.282996, 90.715796
14770800, 93.340008, 190.636608, 74.722208
14774400, 86.079996, 183.231396, 67.607396
14778000, 83.790000, 180.895600, 65.363200
14781600, 78.800004, 175.805804, 60.473004
14785200, 79.099992, 176.111792, 60.766992
14788800, 87.699996, 184.883796, 69.194996
14792400, 88.850016, 186.056816, 70.322016
14796000, 109.059984, 206.670984, 90.127784
14799600, 112.460004, 210.139004, 93.459804
14803200, 102.999996, 200.489796, 84.188996
14806800, 81.380016, 178.437416, 63.001416
14810400, 70.639992, 167.482592, 52.476192
14814000, 61.110000, 157.762000, 43.136800
14817600, 57.920004, 154.508204, 40.010604
14821200, 56.319984, 152.876184, 38.442584
14824800, 59.559984, 156.180984, 41.617784
14828400, 66.830004, 163.596404, 48.742404
14832000, 73.839996, 170.746596, 55.612196
14835600, 83.000016, 180.089816, 64.589016
14839200, 100.990008, 198.439608, 82.219208
14842800, 124.300008, 222.215808, 105.063008
14846400, 142.999992, 241.289792, 123.388992
14850000, 128.310012, 226.306012, 108.992812
14853600, 112.950000, 210.638800, 93.940000
14857200, 95.460012, 192.799012, 76.799812
14860800, 101.090016, 198.541616, 82.317216
14864400, 90.960012, 188.209012, 72.389812
14868000, 89.949996, 187.178796, 71.399996
14871600, 87.189984, 184.363584, 68.695184
14875200, 83.220012, 180.314212, 64.804612
14878800, 84.780000, 181.905400, 66.333400
14882400, 95.510016, 192.850016, 76.848816
14886000, 119.450016, 217.268816, 100.310016
14889600, 120.170016, 218.003216, 101.015616
14893200, 111.949992, 209.618792, 92.959992
14896800, 100.760004, 198.205004, 81.993804
14900400, 89.889984, 187.117584, 71.341184
14904000, 75.229992, 172.164392, 56.974392
14907600, 75.359988, 172.296988, 57.101788
14911200, 70.279992, 167.115392, 52.123392
14914800, 68.469984, 165.269184, 50.349584
14918400, 71.640000, 168.502600, 53.456200
14922000, 85.460004, 182.599004, 66.999804
14925600, 91.720008, 188.984208, 73.134608
14929200, 103.240008, 200.734608, 84.424208
14932800, 109.429992, 207.048392, 90.490392
14936400, 105.140016, 202.672616, 86.286216
14940000, 96.260004, 193.615004, 77.583804
14943600, 82.760004, 179.845004, 64.353804
14947200, 80.859996, 177.906996, 62.491796
14950800, 70.189992, 167.023592, 52.035192
14954400, 61.139988, 157.792588, 43.166188
14958000, 50.159988, 146.592988, 32.405788
14961600, 49.240008, 145.654608, 31.504208
14965200, 46.199988, 142.553788, 28.524988
14968800, 56.180016, 152.733416, 38.305416
14972400, 48.560004, 144.961004, 30.837804
14976000, 42.789996, 139.075596, 25.183196
14979600, 34.650000, 130.772800, 17.206000
14983200, 12.539999, 108.220599, 0.000000
14986800, 3.590000, 99.091600, 0.000000
14990400, 2.660000, 98.143000, 0.000000
14994000, 0.030000, 95.460400, 0.000000
14997600, -0.010000, 95.419600, 0.000000
15001200, 0.360000, 95.797000, 0.000000
15004800, 4.740001, 100.264601, 0.000000
15008400, 35.399999, 131.537799, 17.940999
15012000, 71.520012, 168.380212, 53.338612
15015600, 104.220000, 201.734200, 85.384600
15019200, 95.320008, 192.656208, 76.662608
15022800, 102.499992, 199.979792, 83.698992
15026400, 111.999996, 209.669796, 93.008996
15030000, 91.900008, 189.167808, 73.311008
15033600, 102.300012, 199.775812, 83.503012
15037200, 83.840004, 180.946604, 65.412204
15040800, 93.219984, 190.514184, 74.604584
15044400, 78.699996, 175.703796, 60.374996
15048000, 81.000000, 178.049800, 62.629000
15051600, 83.040012, 180.130612, 64.628212
15055200, 79.700004, 176.723804, 61.355004
15058800, 49.640004, 146.062604, 31.896204
15062400, 16.729999, 112.494399, 0.000000
15066000, 4.240001, 99.754601, 0.000000
15069600, 0.000000, 95.429800, 0.000000
15073200, -0.050000, 95.378800, 0.000000
15076800, -0.100000, 95.327800, 0.000000
15080400, -1.020000, 94.389400, 0.000000
15084000, -2.200000, 93.185800, 0.000000
15087600, -2.030000, 93.359200, 0.000000
15091200, -0.190000, 95.236000, 0.000000
15094800, 16.580002, 112.341402, 0.000000
15098400, 58.230000, 154.824400, 40.314400
15102000, 86.069988, 183.221188, 67.597588
15105600, 90.540000, 187.780600, 71.978200
15109200, 123.999984, 221.909784, 104.768984
15112800, 120.899988, 218.747788, 101.730988
15116400, 92.040012, 189.310612, 73.448212
15120000, 81.990000, 179.059600, 63.599200
15123600, 79.999992, 177.029792, 61.648992
15127200, 79.499988, 176.519788, 61.158988
15130800, 64.760004, 161.485004, 46.713804
15134400, 70.400016, 167.237816, 52.241016
15138000, 81.330012, 178.386412, 62.952412
15141600, 96.990012, 194.359612, 78.299212
15145200, 96.350004, 193.706804, 77.672004
15148800, 95.230008, 192.564408, 76.574408
15152400, 69.819984, 166.646184, 51.672584
15156000, 48.139992, 144.532592, 30.426192
15159600, 31.820000, 127.886200, 14.432600
15163200, 31.010000, 127.060000, 13.638800
15166800, 25.850002, 121.796802, 8.582002
15170400, 20.859998, 116.706998, 3.691798
15174000, 14.190001, 109.903601, 0.000000
15177600, 41.119992, 137.372192, 23.546592
15181200, 62.759988, 159.444988, 44.753788
15184800, 89.520012, 186.740212, 70.978612
15188400, 130.600008, 228.641808, 111.237008
15192000, 139.489992, 237.709592, 119.949192
15195600, 133.040016, 231.130616, 113.628216
15199200, 114.860016, 212.587016, 95.811816
15202800, 91.640016, 188.902616, 73.056216
15206400, 88.800012, 186.005812, 70.273012
15210000, 84.800016, 181.925816, 66.353016
15213600, 84.780000, 181.905400, 66.333400
15217200, 85.219992, 182.354192, 66.764592
15220800, 85.500000, 182.639800, 67.039000
15224400, 94.899996, 192.227796, 76.250996
15228000, 114.800004, 212.525804, 95.753004
15231600, 122.000004, 219.869804, 102.809004
15235200, 103.799988, 201.305788, 84.972988
15238800, 74.639988, 171.562588, 56.396188
15242400, 35.690000, 131.833600, 18.225200
15246000, 12.830000, 108.516400, 0.000000
15249600, -9.100001, 86.147799, 0.000000
15253200, -20.000002, 75.029798, 0.000000
15256800, -12.890002, 82.281998, 0.000000
15260400, 9.500000, 105.119800, 0.000000
15264000, 24.999998, 120.929798, 7.748998
15267600, 35.020001, 131.150201, 17.568601
15271200, 78.900012, 175.907812, 60.571012
15274800, 107.740008, 205.324608, 88.834208
15278400, 125.889984, 223.837584, 106.621184
15282000, 122.090004, 219.961604, 102.897204
15285600, 106.570008, 204.131208, 87.687608
15289200, 89.949996, 187.178796, 71.399996
15292800, 115.599996, 213.341796, 96.536996
15296400, 101.880000, 199.347400, 83.091400
15300000, 99.000000, 196.409800, 80.269000
15303600, 106.800012, 204.365812, 87.913012
15307200, 114.999984, 212.729784, 95.948984
15310800, 99.500004, 196.919804, 80.759004
15314400, 126.000000, 223.949800, 106.729000
15318000, 132.840000, 230.926600, 113.432200
15321600, 126.460008, 224.419008, 107.179808
15325200, 109.940004, 207.568604, 90.990204
15328800, 59.600016, 156.221816, 41.657016
15332400, -60.000012, 34.229788, 0.000000
15336000, -141.999984, -49.410184, 0.000000
15339600, -155.000016, -62.670216, 0.000000
15343200, -144.000000, -51.450200, 0.000000
15346800, 0.000000, 95.429800, 0.000000
15350400, 79.400016, 176.417816, 61.061016
15354000, 97.120008, 194.492208, 78.426608
15357600, 106.409988, 203.967988, 87.530788
15361200, 141.329988, 239.586388, 121.752388
15364800, 131.400000, 229.457800, 112.021000
15368400, 204.999984, 304.529784, 184.148984
15372000, 162.000000, 260.669800, 142.009000
15375600, 138.200004, 236.393804, 118.685004
15379200, 96.000012, 193.349812, 77.329012
15382800, 86.910012, 184.078012, 68.420812
15386400, 80.529984, 177.570384, 62.168384
15390000, 71.799984, 168.665784, 53.612984
15393600, 67.889988, 164.677588, 49.781188
15397200, 71.600004, 168.461804, 53.417004
15400800, 93.440016, 190.738616, 74.820216
15404400, 116.979984, 214.749384, 97.889384
15408000, 114.999984, 212.729784, 95.948984
15411600, 88.890012, 186.097612, 70.361212
15415200, 67.510008, 164.290008, 49.408808
15418800, 52.269984, 148.745184, 34.473584
15422400, 37.280016, 133.455416, 19.783416
15426000, 22.129999, 118.002399, 4.936399
15429600, 13.190000, 108.883600, 0.000000
15433200, 0.000000, 95.429800, 0.000000
15436800, 18.069998, 113.861198, 0.957598
15440400, 38.250000, 134.444800, 20.734000
15444000, 67.700016, 164.483816, 49.595016
15447600, 87.770016, 184.955216, 69.263616
15451200, 122.739984, 220.624584, 103.534184
15454800, 115.430004, 213.168404, 96.370404
15458400, 102.060000, 199.531000, 83.267800
15462000, 86.159988, 183.312988, 67.685788
15465600, 52.719984, 149.204184, 34.914584
15469200, 51.080004, 147.531404, 33.307404
15472800, 44.319996, 140.636196, 26.682596
15476400, 40.200012, 136.433812, 22.645012
15480000, 39.710016, 135.934016, 22.164816
15483600, 42.249996, 138.524796, 24.653996
15487200, 55.550016, 152.090816, 37.688016
15490800, 58.330008, 154.926408, 40.412408
15494400, 59.379984, 155.997384, 41.441384
15498000, 21.010000, 116.860000, 3.838800
15501600, -3.580000, 91.778200, 0.000000
15505200, -9.929999, 85.301201, 0.000000
15508800, -10.000001, 85.229799, 0.000000
15512400, -7.980001, 87.290199, 0.000000
15516000, -10.519999, 84.699401, 0.000000
15519600, -7.080001, 88.208199, 0.000000
15523200, -2.900000, 92.471800, 0.000000
15526800, 5.990000, 101.539600, 0.000000
15530400, 46.019988, 142.370188, 28.348588
15534000, 87.320016, 184.496216, 68.822616
15537600, 101.289996, 198.745596, 82.513196
15541200, 120.510000, 218.350000, 101.348800
15544800, 119.310012, 217.126012, 100.172812
15548400, 106.830000, 204.396400, 87.942400
15552000, 86.680008, 183.843408, 68.195408
15555600, 71.849988, 168.716788, 53.661988
15559200, 67.860000, 164.647000, 49.751800
15562800, 69.930000, 166.758400, 51.780400
15566400, 62.889984, 159.577584, 44.881184
15570000, 62.529984, 159.210384, 44.528384
15573600, 57.859992, 154.446992, 39.951792
15577200, 50.000004, 146.429804, 32.249004
15580800, 47.360016, 143.737016, 29.661816
15584400, 29.580001, 125.601401, 12.237401
15588000, 5.040000, 100.570600, 0.000000
15591600, 0.040000, 95.470600, 0.000000
15595200, -0.010000, 95.419600, 0.000000
15598800, -0.220000, 95.205400, 0.000000
15602400, -0.070000, 95.358400, 0.000000
15606000, 1.400000, 96.857800, 0.000000
15609600, 12.260002, 107.935002, 0.000000
15613200, 50.310000, 146.746000, 32.552800
15616800, 68.799996, 165.605796, 50.672996
15620400, 85.910004, 183.058004, 67.440804
15624000, 93.049992, 190.340792, 74.437992
15627600, 75.170016, 172.103216, 56.915616
15631200, 79.800012, 176.825812, 61.453012
15634800, 73.559988, 170.460988, 55.337788
15638400, 56.570004, 153.131204, 38.687604
15642000, 44.960004, 141.289004, 27.309804
15645600, 37.000008, 133.169808, 19.509008
15649200, 33.680002, 129.783402, 16.255402
15652800, 30.669998, 126.713198, 13.305598
15656400, 26.989999, 122.959599, 9.699199
15660000, 26.570002, 122.531202, 9.287602
15663600, 14.010001, 109.720001, 0.000000
15667200, 6.829999, 102.396399, 0.000000
15670800, 0.820000, 96.266200, 0.000000
15674400, 0.000000, 95.429800, 0.000000
15678000, 0.000000, 95.429800, 0.000000
15681600, -0.020000, 95.409400, 0.000000
15685200, -1.510000, 93.889600, 0.000000
15688800, -1.090000, 94.318000, 0.000000
15692400, 0.000000, 95.429800, 0.000000
15696000, 0.920000, 96.368200, 0.000000
15699600, 26.820000, 122.786200, 9.532600
15703200, 65.130012, 161.862412, 47.076412
15706800, 67.780008, 164.565408, 49.673408
15710400, 76.640004, 173.602604, 58.356204
15714000, 92.000016, 189.269816, 73.409016
15717600, 103.929984, 201.438384, 85.100384
15721200, 93.250008, 190.544808, 74.634008
15724800, 83.009988, 180.099988, 64.598788
15728400, 79.099992, 176.111792, 60.766992
15732000, 65.189988, 161.923588, 47.135188
15735600, 64.460016, 161.179016, 46.419816
15739200, 70.009992, 166.839992, 51.858792
15742800, 64.760004, 161.485004, 46.713804
15746400, 87.699996, 184.883796, 69.194996
15750000, 108.799992, 206.405792, 89.872992
15753600, 99.249984, 196.664784, 80.513984
15757200, 75.809988, 172.755988, 57.542788
15760800, 69.189984, 166.003584, 51.055184
15764400, 60.450012, 157.088812, 42.490012
15768000, 54.389988, 150.907588, 36.551188
15771600, 48.440016, 144.838616, 30.720216
15775200, 27.510001, 123.490001, 10.208801
15778800, 20.490001, 116.329601, 3.329201
15782400, 18.130000, 113.922400, 1.016400
15786000, 34.940002, 131.068602, 17.490202
15789600, 52.139988, 148.612588, 34.346188
15793200, 70.210008, 167.044008, 52.054808
15796800, 107.949996, 205.538796, 89.039996
15800400, 99.960012, 197.389012, 81.209812
15804000, 102.560004, 200.041004, 83.757804
15807600, 87.180012, 184.353412, 68.685412
15811200, 79.999992, 177.029792, 61.648992
15814800, 61.599996, 158.261796, 43.616996
15818400, 53.160012, 149.653012, 35.345812
15822000, 54.479988, 150.999388, 36.639388
15825600, 53.439984, 149.938584, 35.620184
15829200, 57.049992, 153.620792, 39.157992
15832800, 69.999984, 166.829784, 51.848984
15836400, 89.030016, 186.240416, 70.498416
15840000, 101.559996, 199.020996, 82.777796
15843600, 78.919992, 175.928192, 60.590592
15847200, 82.699992, 179.783792, 64.294992
15850800, 69.549984, 166.370784, 51.407984
15854400, 58.860000, 155.467000, 40.931800
15858000, 55.580004, 152.121404, 37.717404
15861600, 47.689992, 144.073592, 29.985192
15865200, 44.340012, 140.656612, 26.702212
15868800, 56.490012, 153.049612, 38.609212
15872400, 58.460004, 155.059004, 40.539804
15876000, 74.289996, 171.205596, 56.053196
15879600, 81.780012, 178.845412, 63.393412
15883200, 90.749988, 187.994788, 72.183988
15886800, 110.250000, 207.884800, 91.294000
15890400, 109.149984, 206.762784, 90.215984
15894000, 91.599984, 188.861784, 73.016984
15897600, 94.610016, 191.932016, 75.966816
15901200, 77.720004, 174.704204, 59.414604
15904800, 69.320016, 166.136216, 51.182616
15908400, 58.600008, 155.201808, 40.677008
15912000, 50.919984, 147.368184, 33.150584
15915600, 48.350016, 144.746816, 30.632016
15919200, 67.830012, 164.616412, 49.722412
15922800, 100.000008, 197.429808, 81.249008
15926400, 102.790008, 200.275608, 83.983208
15930000, 101.229984, 198.684384, 82.454384
15933600, 92.779992, 190.065392, 74.173392
15937200, 96.620004, 193.982204, 77.936604
15940800, 68.680008, 165.483408, 50.555408
15944400, 61.670016, 158.333216, 43.685616
15948000, 54.609984, 151.131984, 36.766784
15951600, 52.049988, 148.520788, 34.257988
15955200, 51.689988, 148.153588, 33.905188
15958800, 39.999996, 136.229796, 22.448996
15962400, 58.290012, 154.885612, 40.373212
15966000, 61.909992, 158.577992, 43.920792
15969600, 72.069984, 168.941184, 53.877584
15973200, 45.169992, 141.503192, 27.515592
15976800, 46.479996, 142.839396, 28.799396
15980400, 31.100000, 127.151800, 13.727000
15984000, 26.780000, 122.745400, 9.493400
15987600, 7.269998, 102.845198, 0.000000
15991200, 2.300000, 97.775800, 0.000000
15994800, 0.180000, 95.613400, 0.000000
15998400, 1.720000, 97.184200, 0.000000
16002000, 2.170000, 97.643200, 0.000000
16005600, 12.129998, 107.802398, 0.000000
16009200, 19.720001, 115.544201, 2.574601
16012800, 31.230000, 127.284400, 13.854400
16016400, 23.209999, 119.103999, 5.994799
16020000, 0.890000, 96.337600, 0.000000
16023600, -7.819999, 87.453401, 0.000000
16027200, -11.170001, 84.036399, 0.000000
16030800, -25.790000, 69.124000, 0.000000
16034400, -38.840004, 55.812996, 0.000000
16038000, -42.220008, 52.365392, 0.000000
16041600, -50.000004, 44.429796, 0.000000
16045200, -27.879998, 66.992202, 0.000000
16048800, -2.380000, 93.002200, 0.000000
16052400, 38.040012, 134.230612, 20.528212
16056000, 61.070004, 157.721204, 43.097604
16059600, 73.190016, 170.083616, 54.975216
16063200, 65.149992, 161.882792, 47.095992
16066800, 49.730004, 146.154404, 31.984404
16070400, 1.800000, 97.265800, 0.000000
16074000, 0.000000, 95.429800, 0.000000
16077600, -0.880000, 94.532200, 0.000000
16081200, -1.110000, 94.297600, 0.000000
16084800, 2.650000, 98.132800, 0.000000
16088400, 4.299998, 99.815798, 0.000000
16092000, 9.079999, 104.691399, 0.000000
16095600, 27.960001, 123.949001, 10.649801
16099200, 39.999996, 136.229796, 22.448996
16102800, 18.569999, 114.371199, 1.447599
16106400, 2.990000, 98.479600, 0.000000
16110000, 0.510000, 95.950000, 0.000000
16113600, 0.430000, 95.868400, 0.000000
16117200, -0.250000, 95.174800, 0.000000
16120800, -0.400000, 95.021800, 0.000000
16124400, 0.520000, 95.960200, 0.000000
16128000, 2.540000, 98.020600, 0.000000
16131600, 17.140000, 112.912600, 0.046200
16135200, 53.139996, 149.632596, 35.326196
16138800, 78.580008, 175.581408, 60.257408
16142400, 106.400016, 203.957816, 87.521016
16146000, 115.750008, 213.494808, 96.684008
16149600, 105.829992, 203.376392, 86.962392
16153200, 85.290012, 182.425612, 66.833212
16156800, 62.200008, 158.873808, 44.205008
16160400, 36.349992, 132.506792, 18.871992
16164000, 30.610001, 126.652001, 13.246801
16167600, 23.100001, 118.991801, 5.887001
16171200, 17.439998, 113.218598, 0.340198
16174800, 8.370000, 103.967200, 0.000000
16178400, 6.120000, 101.672200, 0.000000
16182000, 5.370001, 100.907201, 0.000000
16185600, 3.390000, 98.887600, 0.000000
16189200, 0.000000, 95.429800, 0.000000
16192800, -9.799999, 85.433801, 0.000000
16196400, -28.609999, 66.247601, 0.000000
16200000, -34.999999, 59.729801, 0.000000
16203600, -57.930012, 36.341188, 0.000000
16207200, -76.799988, 17.093812, 0.000000
16210800, -140.000004, -47.370204, 0.000000
16214400, -109.190016, -15.944016, 0.000000
16218000, -60.000012, 34.229788, 0.000000
16221600, -10.289999, 84.934001, 0.000000
16225200, -1.340000, 94.063000, 0.000000
16228800, 7.400002, 102.977802, 0.000000
16232400, 9.680000, 105.303400, 0.000000
16236000, 19.130000, 114.942400, 1.996400
16239600, 15.300000, 111.035800, 0.000000
16243200, 1.270000, 96.725200, 0.000000
16246800, 1.100000, 96.551800, 0.000000
16250400, 0.400000, 95.837800, 0.000000
16254000, 0.660000, 96.103000, 0.000000
16257600, 0.920000, 96.368200, 0.000000
16261200, 0.680000, 96.123400, 0.000000
16264800, 0.580000, 96.021400, 0.000000
16268400, 0.120000, 95.552200, 0.000000
16272000, -0.570000, 94.848400, 0.000000
16275600, -6.390000, 88.912000, 0.000000
16279200, -9.760000, 85.474600, 0.000000
16282800, -12.600000, 82.577800, 0.000000
16286400, -13.129999, 82.037201, 0.000000
16290000, -21.880001, 73.112199, 0.000000
16293600, -20.430000, 74.591200, 0.000000
16297200, -11.480000, 83.720200, 0.000000
16300800, -5.209999, 90.115601, 0.000000
16304400, -1.510000, 93.889600, 0.000000
16308000, 26.910000, 122.878000, 9.620800
16311600, 56.530008, 153.090408, 38.648408
16315200, 78.220008, 175.214208, 59.904608
16318800, 88.769988, 185.975188, 70.243588
16322400, 108.690012, 206.293612, 89.765212
16326000, 94.370004, 191.687204, 75.731604
16329600, 81.650016, 178.712816, 63.266016
16333200, 76.420008, 173.378208, 58.140608
16336800, 67.669992, 164.453192, 49.565592
16340400, 69.390000, 166.207600, 51.251200
16344000, 70.409988, 167.247988, 52.250788
16347600, 71.060004, 167.911004, 52.887804
16351200, 90.349992, 187.586792, 71.791992
16354800, 110.970000, 208.619200, 91.999600
16358400, 100.609992, 198.051992, 81.846792
16362000, 77.979996, 174.969396, 59.669396
16365600, 54.339984, 150.856584, 36.502184
16369200, 39.669984, 135.893184, 22.125584
16372800, 33.090001, 129.181601, 15.677201
16376400, 30.849998, 126.896798, 13.481998
16380000, 30.420000, 126.458200, 13.060600
16383600, 38.040012, 134.230612, 20.528212
16387200, 50.799996, 147.245796, 33.032996
16390800, 82.080000, 179.151400, 63.687400
16394400, 89.949996, 187.178796, 71.399996
16398000, 110.679984, 208.323384, 91.715384
16401600, 166.839984, 265.606584, 146.752184
16405200, 137.540016, 235.720616, 118.038216
16408800, 110.610000, 208.252000, 91.646800
16412400, 89.100000, 186.311800, 70.567000
16416000, 76.299984, 173.255784, 58.022984
16419600, 63.579996, 160.281396, 45.557396
16423200, 53.139996, 149.632596, 35.326196
16426800, 41.259996, 137.514996, 23.683796
16430400, 38.700000, 134.903800, 21.175000
16434000, 49.899996, 146.327796, 32.150996
16437600, 58.209984, 154.803984, 40.294784
16441200, 75.380004, 172.317404, 57.121404
16444800, 75.579984, 172.521384, 57.317384
16448400, 59.810004, 156.436004, 41.862804
16452000, 46.630008, 142.992408, 28.946408
16455600, 33.710000, 129.814000, 16.284800
16459200, 21.949999, 117.818799, 4.759999
16462800, 7.319999, 102.896199, 0.000000
16466400, 5.310000, 100.846000, 0.000000
16470000, 12.120001, 107.792201, 0.000000
16473600, 46.429992, 142.788392, 28.750392
16477200, 77.360004, 174.337004, 59.061804
16480800, 102.110004, 199.582004, 83.316804
16484400, 110.090016, 207.721616, 91.137216
16488000, 121.809996, 219.675996, 102.622796
16491600, 108.050004, 205.640804, 89.138004
16495200, 87.850008, 185.036808, 69.342008
16498800, 82.929996, 180.018396, 64.520396
16502400, 73.969992, 170.879192, 55.739592
16506000, 64.400004, 161.117804, 46.361004
16509600, 67.250016, 164.024816, 49.154016
16513200, 61.020000, 157.670200, 43.048600
16516800, 54.299988, 150.815788, 36.462988
16520400, 58.640004, 155.242604, 40.716204
16524000, 74.400012, 171.317812, 56.161012
16527600, 89.539992, 186.760592, 70.998192
16531200, 101.949984, 199.418784, 83.159984
16534800, 84.930012, 182.058412, 66.480412
16538400, 65.000016, 161.729816, 46.949016
16542000, 55.800000, 152.345800, 37.933000
16545600, 47.710008, 144.094008, 30.004808
16549200, 35.309999, 131.445999, 17.852799
16552800, 16.420000, 112.178200, 0.000000
16556400, -18.569999, 76.488401, 0.000000
16560000, -10.000001, 85.229799, 0.000000
16563600, 19.280002, 115.095402, 2.143402
16567200, 75.660012, 172.603012, 57.395812
16570800, 97.570008, 194.951208, 78.867608
16574400, 96.459984, 193.818984, 77.779784
16578000, 115.319988, 213.056188, 96.262588
16581600, 106.800012, 204.365812, 87.913012
16585200, 92.750004, 190.034804, 74.144004
16588800, 93.070008, 190.361208, 74.457608
16592400, 77.230008, 174.204408, 58.934408
16596000, 75.830004, 172.776404, 57.562404
16599600, 67.500000, 164.279800, 49.399000
16603200, 65.000016, 161.729816, 46.949016
16606800, 80.780004, 177.825404, 62.413404
16610400, 79.400016, 176.417816, 61.061016
16614000, 93.750012, 191.054812, 75.124012
16617600, 101.850012, 199.316812, 83.062012
16621200, 89.470008, 186.689208, 70.929608
16624800, 80.859996, 177.906996, 62.491796
16628400, 67.629996, 164.412396, 49.526396
16632000, 58.510008, 155.110008, 40.588808
16635600, 49.070016, 145.481216, 31.337616
16639200, 45.000000, 141.329800, 27.349000
16642800, 50.649984, 147.092784, 32.885984
16646400, 61.279992, 157.935392, 43.303392
16650000, 72.770004, 169.655204, 54.563604
16653600, 87.109992, 184.281992, 68.616792
16657200, 107.790012, 205.375612, 88.883212
16660800, 138.219984, 236.414184, 118.704584
16664400, 131.860008, 229.927008, 112.471808
16668000, 115.409988, 213.147988, 96.350788
16671600, 97.549992, 194.930792, 78.847992
16675200, 91.130004, 188.382404, 72.556404
16678800, 69.699996, 166.523796, 51.554996
16682400, 69.000012, 165.809812, 50.869012
16686000, 63.969984, 160.679184, 45.939584
16689600, 47.059992, 143.430992, 29.367792
16693200, 56.700000, 153.263800, 38.815000
16696800, 63.320004, 160.016204, 45.302604
16700400, 75.399984, 172.337784, 57.140984
16704000, 86.739984, 183.904584, 68.254184
16707600, 68.479992, 165.279392, 50.359392
16711200, 65.070000, 161.801200, 47.017600
16714800, 64.509984, 161.229984, 46.468784
16718400, 64.170000, 160.883200, 46.135600
16722000, 55.599984, 152.141784, 37.736984
16725600, 55.010016, 151.540016, 37.158816
16729200, 52.359984, 148.836984, 34.561784
16732800, 66.039984, 162.790584, 47.968184
16736400, 70.160004, 166.993004, 52.005804
16740000, 62.759988, 159.444988, 44.753788
16743600, 69.549984, 166.370784, 51.407984
16747200, 80.830008, 177.876408, 62.462408
16750800, 91.569996, 188.831196, 72.987596
16754400, 86.220000, 183.374200, 67.744600
16758000, 79.480008, 176.499408, 61.139408
16761600, 68.249988, 165.044788, 50.133988
16765200, 60.869988, 157.517188, 42.901588
16768800, 48.740004, 145.144604, 31.014204
16772400, 38.260008, 134.455008, 20.743808
16776000, 32.829998, 128.916398, 15.422398
16779600, 31.160002, 127.213002, 13.785802
16783200, 31.090000, 127.141600, 13.717200
16786800, 27.990000, 123.979600, 10.679200
16790400, 26.600000, 122.561800, 9.317000
16794000, 20.970000, 116.819200, 3.799600
16797600, 5.159999, 100.692999, 0.000000
16801200, 0.040000, 95.470600, 0.000000
16804800, -0.010000, 95.419600, 0.000000
16808400, -4.990000, 90.340000, 0.000000
16812000, -14.839999, 80.293001, 0.000000
16815600, -11.360002, 83.842598, 0.000000
16819200, -3.040000, 92.329000, 0.000000
16822800, 0.220000, 95.654200, 0.000000
16826400, 29.490001, 125.509601, 12.149201
16830000, 48.970008, 145.379208, 31.239608
16833600, 74.859984, 171.786984, 56.611784
16837200, 75.809988, 172.755988, 57.542788
16840800, 79.099992, 176.111792, 60.766992
16844400, 65.040012, 161.770612, 46.988212
16848000, 89.020008, 186.230208, 70.488608
16851600, 63.280008, 159.975408, 45.263408
16855200, 55.509984, 152.049984, 37.648784
16858800, 44.370000, 140.687200, 26.731600
16862400, 37.190016, 133.363616, 19.695216
16866000, 36.740016, 132.904616, 19.254216
16869600, 30.530002, 126.570402, 13.168402
16873200, 14.280001, 109.995401, 0.000000
16876800, 0.290000, 95.725600, 0.000000
16880400, -3.300000, 92.063800, 0.000000
16884000, -21.030001, 73.979199, 0.000000
16887600, -40.200012, 54.425788, 0.000000
16891200, -59.469984, 34.770416, 0.000000
16894800, -73.749996, 20.204804, 0.000000
16898400, -74.019996, 19.929404, 0.000000
16902000, -51.660000, 42.736600, 0.000000
16905600, -19.609999, 75.427601, 0.000000
16909200, -0.470000, 94.950400, 0.000000
16912800, 37.270008, 133.445208, 19.773608
16916400, 59.730012, 156.354412, 41.784412
16920000, 87.549984, 184.730784, 69.047984
16923600, 99.470016, 196.889216, 80.729616
16927200, 106.250004, 203.804804, 87.374004
16930800, 87.260004, 184.435004, 68.763804
16934400, 79.679988, 176.703388, 61.335388
16938000, 67.010004, 163.780004, 48.918804
16941600, 61.220016, 157.874216, 43.244616
16945200, 56.970000, 153.539200, 39.079600
16948800, 61.009992, 157.659992, 43.038792
16952400, 64.820016, 161.546216, 46.772616
16956000, 77.799996, 174.785796, 59.492996
16959600, 91.299996, 188.555796, 72.722996
16963200, 84.660012, 181.783012, 66.215812
16966800, 60.770016, 157.415216, 42.803616
16970400, 37.270008, 133.445208, 19.773608
16974000, 13.140000, 108.832600, 0.000000
16977600, 1.980000, 97.449400, 0.000000
16981200, -0.460000, 94.960600, 0.000000
16984800, -0.320000, 95.103400, 0.000000
16988400, 5.170000, 100.703200, 0.000000
16992000, 31.150001, 127.202801, 13.776001
16995600, 46.890000, 143.257600, 29.201200
16999200, 66.539988, 163.300588, 48.458188
17002800, 104.550012, 202.070812, 85.708012
17006400, 125.759988, 223.704988, 106.493788
17010000, 104.240016, 201.754616, 85.404216
17013600, 92.940012, 190.228612, 74.330212
17017200, 80.169984, 177.203184, 61.815584
17020800, 54.370008, 150.887208, 36.531608
17024400, 32.670000, 128.753200, 15.265600
17028000, 37.419984, 133.598184, 19.920584
17031600, 32.339999, 128.416599, 14.942199
17035200, 28.300000, 124.295800, 10.983000
17038800, 33.500002, 129.599802, 16.079002
17042400, 47.769984, 144.155184, 30.063584
17046000, 46.469988, 142.829188, 28.789588
17049600, 54.339984, 150.856584, 36.502184
17053200, 36.830016, 132.996416, 19.342416
17056800, 16.020000, 111.770200, 0.000000
17060400, -0.320000, 95.103400, 0.000000
17064000, -4.309999, 91.033601, 0.000000
17067600, -5.540000, 89.779000, 0.000000
17071200, -5.659999, 89.656601, 0.000000
17074800, -6.109999, 89.197601, 0.000000
17078400, -3.260000, 92.104600, 0.000000
17082000, 28.820002, 124.826202, 11.492602
17085600, 64.680012, 161.403412, 46.635412
17089200, 88.300008, 185.495808, 69.783008
17092800, 111.890016, 209.557616, 92.901216
17096400, 114.639984, 212.362584, 95.596184
17100000, 106.899984, 204.467784, 88.010984
17103600, 86.799996, 183.965796, 68.312996
17107200, 87.900012, 185.087812, 69.391012
17110800, 73.220004, 170.114204, 55.004604
17114400, 72.939996, 169.828596, 54.730196
17118000, 70.580016, 167.421416, 52.417416
17121600, 71.100000, 167.951800, 52.927000
17125200, 77.600016, 174.581816, 59.297016
17128800, 90.470016, 187.709216, 71.909616
17132400, 100.389996, 197.827596, 81.631196
17136000, 105.699996, 203.243796, 86.834996
17139600, 78.329988, 175.326388, 60.012388
17143200, 59.510016, 156.130016, 41.568816
17146800, 43.170012, 139.463212, 25.555612
17150400, 34.350001, 130.466801, 16.912001
17154000, 23.800000, 119.705800, 6.573000
17157600, 13.460000, 109.159000, 0.000000
17161200, 15.850001, 111.596801, 0.000000
17164800, 41.619996, 137.882196, 24.036596
17168400, 63.810000, 160.516000, 45.782800
17172000, 85.569984, 182.711184, 67.107584
17175600, 104.619996, 202.142196, 85.776596
17179200, 138.920004, 237.128204, 119.390604
17182800, 129.549996, 227.570796, 110.207996
17186400, 113.640012, 211.342612, 94.616212
17190000, 89.139996, 186.352596, 70.606196
17193600, 90.320004, 187.556204, 71.762604
17197200, 80.370000, 177.407200, 62.011600
17200800, 71.139996, 167.992596, 52.966196
17204400, 75.300012, 172.235812, 57.043012
17208000, 70.179984, 167.013384, 52.025384
17211600, 76.910004, 173.878004, 58.620804
17215200, 92.289996, 189.565596, 73.693196
17218800, 101.689992, 199.153592, 82.905192
17222400, 97.250004, 194.624804, 78.554004
17226000, 80.150004, 177.182804, 61.796004
17229600, 65.220012, 161.954212, 47.164612
17233200, 48.719988, 145.124188, 30.994588
17236800, 36.609984, 132.771984, 19.126784
17240400, 35.650001, 131.792801, 18.186001
17244000, 38.819988, 135.026188, 21.292588
17247600, 50.630004, 147.072404, 32.866404
17251200, 69.379992, 166.197392, 51.241392
17254800, 87.099984, 184.271784, 68.606984
17258400, 97.560000, 194.941000, 78.857800
17262000, 122.760000, 220.645000, 103.553800
17265600, 157.610016, 256.192016, 137.706816
17269200, 150.570000, 249.011200, 130.807600
17272800, 120.080016, 217.911416, 100.927416
17276400, 102.020004, 199.490204, 83.228604
17280000, 90.619992, 187.862192, 72.056592
17283600, 80.600004, 177.641804, 62.237004
17287200, 80.070012, 177.101212, 61.717612
17290800, 73.159992, 170.052992, 54.945792
17294400, 71.830008, 168.696408, 53.642408
17298000, 80.480016, 177.519416, 62.119416
17301600, 90.000000, 187.229800, 71.449000
17305200, 101.599992, 199.061792, 82.816992
17308800, 98.399988, 195.797788, 79.680988
17312400, 81.429984, 178.488384, 63.050384
17316000, 70.409988, 167.247988, 52.250788
17319600, 59.860008, 156.487008, 41.911808
17323200, 45.740016, 142.084616, 28.074216
17326800, 37.860012, 134.047012, 20.351812
17330400, 37.609992, 133.791992, 20.106792
17334000, 43.989984, 140.299584, 26.359184
17337600, 65.260008, 161.995008, 47.203808
17341200, 77.670000, 174.653200, 59.365600
17344800, 86.900004, 184.067804, 68.411004
17348400, 104.690016, 202.213616, 85.845216
17352000, 136.980000, 235.149400, 117.489400
17355600, 120.139992, 217.972592, 100.986192
17359200, 107.110008, 204.682008, 88.216808
17362800, 91.699992, 188.963792, 73.114992
17366400, 94.989996, 192.319596, 76.339196
17370000, 89.520012, 186.740212, 70.978612
17373600, 86.730012, 183.894412, 68.244412
17377200, 82.389996, 179.467596, 63.991196
17380800, 84.369996, 181.487196, 65.931596
17384400, 86.360004, 183.517004, 67.881804
17388000, 81.169992, 178.223192, 62.795592
17391600, 72.159984, 169.032984, 53.965784
17395200, 67.880016, 164.667416, 49.771416
17398800, 49.899996, 146.327796, 32.150996
17402400, 6.120000, 101.672200, 0.000000
17406000, -0.350000, 95.072800, 0.000000
17409600, -3.930001, 91.421199, 0.000000
17413200, -3.899999, 91.451801, 0.000000
17416800, -3.100000, 92.267800, 0.000000
17420400, -2.200000, 93.185800, 0.000000
17424000, 1.480000, 96.939400, 0.000000
17427600, 48.750012, 145.154812, 31.024012
17431200, 76.370004, 173.327204, 58.091604
17434800, 91.940004, 189.208604, 73.350204
17438400, 115.580016, 213.321416, 96.517416
17442000, 110.459988, 208.098988, 91.499788
17445600, 97.480008, 194.859408, 78.779408
17449200, 83.260008, 180.355008, 64.843808
17452800, 73.720008, 170.624208, 55.494608
17456400, 62.840016, 159.526616, 44.832216
17460000, 55.810008, 152.356008, 37.942808
17463600, 59.209992, 155.823992, 41.274792
17467200, 54.190008, 150.703608, 36.355208
17470800, 56.450016, 153.008816, 38.570016
17474400, 49.659984, 146.082984, 31.915784
17478000, 43.750008, 140.054808, 26.124008
17481600, 25.600000, 121.541800, 8.337000
17485200, -0.400000, 95.021800, 0.000000
17488800, 0.060000, 95.491000, 0.000000
17492400, 0.010000, 95.440000, 0.000000
17496000, 0.000000, 95.429800, 0.000000
17499600, -0.080000, 95.348200, 0.000000
17503200, -0.220000, 95.205400, 0.000000
17506800, 0.030000, 95.460400, 0.000000
17510400, -0.120000, 95.307400, 0.000000
17514000, 21.370000, 117.227200, 4.191600
17517600, 33.729998, 129.834398, 16.304398
17521200, 55.119996, 151.652196, 37.266596
17524800, 79.009992, 176.019992, 60.678792
17528400, 85.510008, 182.650008, 67.048808
17532000, 77.780016, 174.765416, 59.473416
17535600, 75.340008, 172.276608, 57.082208
17539200, 79.589988, 176.611588, 61.247188
17542800, 67.939992, 164.728592, 49.830192
17546400, 68.990004, 165.799604, 50.859204
17550000, 68.299992, 165.095792, 50.182992
17553600, 61.949988, 158.618788, 43.959988
17557200, 66.679992, 163.443392, 48.595392
17560800, 76.790016, 173.755616, 58.503216
17564400, 81.330012, 178.386412, 62.952412
17568000, 86.320008, 183.476208, 67.842608
17571600, 66.999996, 163.769796, 48.908996
17575200, 46.959984, 143.328984, 29.269784
17578800, 14.019998, 109.730198, 0.000000
17582400, 25.480001, 121.419401, 8.219401
17586000, 21.409999, 117.267999, 4.230799
17589600, 19.509998, 115.329998, 2.368798
17593200, 19.720001, 115.544201, 2.574601
17596800, 25.459999, 121.398999, 8.199799
17600400, 57.520008, 154.100208, 39.618608
17604000, 67.359996, 164.136996, 49.261796
17607600, 86.299992, 183.455792, 67.822992
17611200, 95.730012, 193.074412, 77.064412
17614800, 95.510016, 192.850016, 76.848816
17618400, 104.140008, 201.652608, 85.306208
17622000, 84.189996, 181.303596, 65.755196
17625600, 78.980004, 175.989404, 60.649404
17629200, 61.750008, 158.414808, 43.764008
17632800, 55.370016, 151.907216, 37.511616
17636400, 53.240004, 149.734604, 35.424204
17640000, 50.270004, 146.705204, 32.513604
17643600, 55.329984, 151.866384, 37.472384
17647200, 70.089984, 166.921584, 51.937184
17650800, 74.419992, 171.338192, 56.180592
17654400, 86.069988, 183.221188, 67.597588
17658000, 70.700004, 167.543804, 52.535004
17661600, 54.420012, 150.938212, 36.580612
17665200, 44.529984, 140.850384, 26.888384
17668800, 32.299999, 128.375799, 14.902999
17672400, 29.270002, 125.285202, 11.933602
17676000, 25.940002, 121.888602, 8.670202
17679600, 27.860000, 123.847000, 10.551800
17683200, 24.289999, 120.205599, 7.053199
17686800, 61.099992, 157.751792, 43.126992
17690400, 82.519992, 179.600192, 64.118592
17694000, 93.769992, 191.075192, 75.143592
17697600, 111.859992, 209.526992, 92.871792
17701200, 100.199988, 197.633788, 81.444988
17704800, 100.959984, 198.408984, 82.189784
17708400, 91.670004, 188.933204, 73.085604
17712000, 83.319984, 180.416184, 64.902584
17715600, 78.230016, 175.224416, 59.914416
17719200, 73.280016, 170.175416, 55.063416
17722800, 70.689996, 167.533596, 52.525196
17726400, 73.370016, 170.267216, 55.151616
17730000, 72.590004, 169.471604, 54.387204
17733600, 86.100012, 183.251812, 67.627012
17737200, 99.450000, 196.868800, 80.710000
17740800, 99.360000, 196.777000, 80.621800
17744400, 73.820016, 170.726216, 55.592616
17748000, 55.580004, 152.121404, 37.717404
17751600, 21.470000, 117.329200, 4.289600
17755200, 2.170000, 97.643200, 0.000000
17758800, -0.100000, 95.327800, 0.000000
17762400, -5.170000, 90.156400, 0.000000
17766000, -0.090000, 95.338000, 0.000000
17769600, 6.250000, 101.804800, 0.000000
17773200, 42.000012, 138.269812, 24.409012
17776800, 71.110008, 167.962008, 52.936808
17780400, 98.160012, 195.553012, 79.445812
17784000, 108.190008, 205.783608, 89.275208
17787600, 115.459992, 213.198992, 96.399792
17791200, 102.679992, 200.163392, 83.875392
17794800, 81.960012, 179.029012, 63.569812
17798400, 89.399988, 186.617788, 70.860988
17802000, 84.520008, 181.640208, 66.078608
17805600, 83.130012, 180.222412, 64.716412
17809200, 79.920000, 176.948200, 61.570600
17812800, 76.399992, 173.357792, 58.120992
17816400, 79.999992, 177.029792, 61.648992
17820000, 69.999984, 166.829784, 51.848984
17823600, 86.799996, 183.965796, 68.312996
17827200, 90.979992, 188.229392, 72.409392
17830800, 71.979984, 168.849384, 53.789384
17834400, 55.080000, 151.611400, 37.227400
17838000, 36.950004, 133.118804, 19.460004
17841600, 24.310001, 120.226001, 7.072801
17845200, 17.359999, 113.136999, 0.261799
17848800, 13.270000, 108.965200, 0.000000
17852400, 26.200001, 122.153801, 8.925001
17856000, 51.580008, 148.041408, 33.797408
17859600, 79.999992, 177.029792, 61.648992
17863200, 96.999984, 194.369784, 78.308984
17866800, 99.200016, 196.613816, 80.465016
17870400, 106.440012, 203.998612, 87.560212
17874000, 99.500004, 196.919804, 80.759004
17877600, 100.000008, 197.429808, 81.249008
17881200, 84.859992, 181.986992, 66.411792
17884800, 66.300012, 163.055812, 48.223012
17888400, 71.650008, 168.512808, 53.466008
17892000, 59.950008, 156.578808, 42.000008
17895600, 62.240004, 158.914604, 44.244204
17899200, 61.170012, 157.823212, 43.195612
17902800, 63.740016, 160.444616, 45.714216
17906400, 69.459984, 166.278984, 51.319784
17910000, 76.569984, 173.531184, 58.287584
17913600, 86.609988, 183.771988, 68.126788
17917200, 88.670016, 185.873216, 70.145616
17920800, 80.610012, 177.652012, 62.246812
17924400, 68.889996, 165.697596, 50.761196
17928000, 66.210012, 162.964012, 48.134812
17931600, 51.410016, 147.868016, 33.630816
17935200, 47.540016, 143.920616, 29.838216
17938800, 53.079984, 149.571384, 35.267384
17942400, 62.280000, 158.955400, 44.283400
17946000, 78.789996, 175.795596, 60.463196
17949600, 83.239992, 180.334592, 64.824192
17953200, 92.900016, 190.187816, 74.291016
17956800, 97.719984, 195.104184, 79.014584
17960400, 92.930004, 190.218404, 74.320404
17964000, 90.609984, 187.851984, 72.046784
17967600, 93.650004, 190.952804, 75.026004
17971200, 86.640012, 183.802612, 68.156212
17974800, 72.990000, 169.879600, 54.779200
17978400, 64.659996, 161.382996, 46.615796
17982000, 62.880012, 159.567412, 44.871412
17985600, 60.639984, 157.282584, 42.676184
17989200, 62.449992, 159.128792, 44.449992
17992800, 57.399984, 153.977784, 39.500984
17996400, 50.140008, 146.572608, 32.386208
18000000, 60.180012, 156.813412, 42.225412
18003600, 51.369984, 147.827184, 33.591584
18007200, 53.640000, 150.142600, 35.816200
18010800, 39.899988, 136.127788, 22.350988
18014400, 28.000001, 123.989801, 10.689001
18018000, 17.799998, 113.585798, 0.692998
18021600, 17.920001, 113.708201, 0.810601
18025200, 30.290000, 126.325600, 12.933200
18028800, 52.430004, 148.908404, 34.630404
18032400, 76.730004, 173.694404, 58.444404
18036000, 74.620008, 171.542208, 56.376608
18039600, 80.010000, 177.040000, 61.658800
18043200, 79.689996, 176.713596, 61.345196
18046800, 80.359992, 177.396992, 62.001792
18050400, 79.319988, 176.336188, 60.982588
18054000, 73.019988, 169.910188, 54.808588
18057600, 60.819984, 157.466184, 42.852584
18061200, 61.170012, 157.823212, 43.195612
18064800, 57.539988, 154.120588, 39.638188
18068400, 46.839996, 143.206596, 29.152196
18072000, 39.809988, 136.035988, 22.262788
18075600, 48.700008, 145.103808, 30.975008
18079200, 40.349988, 136.586788, 22.791988
18082800, 34.350001, 130.466801, 16.912001
18086400, 25.490002, 121.429602, 8.229202
18090000, 4.820000, 100.346200, 0.000000
18093600, 0.000000, 95.429800, 0.000000
18097200, -1.990000, 93.400000, 0.000000
18100800, -13.569998, 81.588402, 0.000000
18104400, -35.210002, 59.515598, 0.000000
18108000, -46.429992, 48.071208, 0.000000
18111600, -31.830001, 62.963199, 0.000000
18115200, -11.689999, 83.506001, 0.000000
18118800, -1.350000, 94.052800, 0.000000
18122400, 40.330008, 136.566408, 22.772408
18126000, 64.149984, 160.862784, 46.115984
18129600, 71.539992, 168.400592, 53.358192
18133200, 71.120016, 167.972216, 52.946616
18136800, 71.889984, 168.757584, 53.701184
18140400, 61.740000, 158.404600, 43.754200
18144000, 41.500008, 137.759808, 23.919008
18147600, 38.739996, 134.944596, 21.214196
18151200, 35.920001, 132.068201, 18.450601
18154800, 34.409999, 130.527999, 16.970799
18158400, 35.560001, 131.701001, 18.097801
18162000, 44.169984, 140.483184, 26.535584
18165600, 59.789988, 156.415588, 41.843188
18169200, 53.560008, 150.061008, 35.737808
18172800, 51.500016, 147.959816, 33.719016
18176400, 39.229992, 135.444392, 21.694392
18180000, 12.949999, 108.638799, 0.000000
18183600, 0.120000, 95.552200, 0.000000
18187200, -0.160000, 95.266600, 0.000000
18190800, -1.460000, 93.940600, 0.000000
18194400, -0.600000, 94.817800, 0.000000
18198000, 0.150000, 95.582800, 0.000000
18201600, 14.000000, 109.709800, 0.000000
18205200, 61.250004, 157.904804, 43.274004
18208800, 80.319996, 177.356196, 61.962596
18212400, 110.779992, 208.425392, 91.813392
18216000, 120.200004, 218.033804, 101.045004
18219600, 100.540008, 197.980608, 81.778208
18223200, 96.850008, 194.216808, 78.162008
18226800, 90.200016, 187.433816, 71.645016
18230400, 65.139984, 161.872584, 47.086184
18234000, 60.810012, 157.456012, 42.842812
18237600, 55.990008, 152.539608, 38.119208
18241200, 56.170008, 152.723208, 38.295608
18244800, 56.040012, 152.590612, 38.168212
18248400, 70.480008, 167.319408, 52.319408
18252000, 72.389988, 169.267588, 54.191188
18255600, 79.179984, 176.193384, 60.845384
18259200, 76.089996, 173.041596, 57.817196
18262800, 57.980016, 154.569416, 40.069416
18266400, 37.519992, 133.700192, 20.018592
18270000, 7.840001, 103.426601, 0.000000
18273600, 1.050000, 96.500800, 0.000000
18277200, -0.030000, 95.399200, 0.000000
18280800, 0.170000, 95.603200, 0.000000
18284400, 13.270000, 108.965200, 0.000000
18288000, 40.989996, 137.239596, 23.419196
18291600, 71.640000, 168.502600, 53.456200
18295200, 90.810000, 188.056000, 72.242800
18298800, 120.669984, 218.513184, 101.505584
18302400, 143.600004, 241.901804, 123.977004
18306000, 123.390000, 221.287600, 104.171200
18309600, 109.050012, 206.660812, 90.118012
18313200, 99.039996, 196.450596, 80.308196
18316800, 95.789988, 193.135588, 77.123188
18320400, 75.849984, 172.796784, 57.581984
18324000, 70.809984, 167.655984, 52.642784
18327600, 67.960008, 164.749008, 49.849808
18331200, 66.579984, 163.341384, 48.497384
18334800, 78.360012, 175.357012, 60.041812
18338400, 89.570016, 186.791216, 71.027616
18342000, 80.179992, 177.213392, 61.825392
18345600, 92.999988, 190.289788, 74.388988
18349200, 74.620008, 171.542208, 56.376608
18352800, 55.890000, 152.437600, 38.021200
18356400, 33.459998, 129.558998, 16.039798
18360000, 24.000001, 119.909801, 6.769001
18363600, 13.510001, 109.210001, 0.000000
18367200, 19.550002, 115.370802, 2.408002
18370800, 31.740001, 127.804601, 14.354201
18374400, 42.999984, 139.289784, 25.388984
18378000, 75.960000, 172.909000, 57.689800
18381600, 95.379984, 192.717384, 76.721384
18385200, 113.670000, 211.373200, 94.645600
18388800, 125.719992, 223.664192, 106.454592
18392400, 108.180000, 205.773400, 89.265400
18396000, 104.180004, 201.693404, 85.345404
18399600, 96.609996, 193.971996, 77.926796
18403200, 96.750000, 194.114800, 78.064000
18406800, 87.500016, 184.679816, 68.999016
18410400, 86.850000, 184.016800, 68.362000
18414000, 78.040008, 175.030608, 59.728208
18417600, 80.499996, 177.539796, 62.138996
18421200, 88.390008, 185.587608, 69.871208
18424800, 97.250004, 194.624804, 78.554004
18428400, 86.760000, 183.925000, 68.273800
18432000, 105.950016, 203.498816, 87.080016
18435600, 90.100008, 187.331808, 71.547008
18439200, 76.950000, 173.918800, 58.660000
18442800, 67.640004, 164.422604, 49.536204
18446400, 64.029996, 160.740396, 45.998396
18450000, 60.109992, 156.741992, 42.156792
18453600, 60.750000, 157.394800, 42.784000
18457200, 67.020012, 163.790212, 48.928612
18460800, 58.269996, 154.865196, 40.353596
18464400, 78.080004, 175.071404, 59.767404
18468000, 98.229996, 195.624396, 79.514396
18471600, 111.089988, 208.741588, 92.117188
18475200, 117.180000, 214.953400, 98.085400
18478800, 111.610008, 209.272008, 92.626808
18482400, 110.869992, 208.517192, 91.901592
18486000, 97.769988, 195.155188, 79.063588
18489600, 93.930012, 191.238412, 75.300412
18493200, 83.409984, 180.507984, 64.990784
18496800, 84.629988, 181.752388, 66.186388
18500400, 74.779992, 171.705392, 56.533392
18504000, 71.700012, 168.563812, 53.515012
18507600, 74.000016, 170.909816, 55.769016
18511200, 89.269992, 186.485192, 70.733592
18514800, 111.499992, 209.159792, 92.518992
18518400, 110.769984, 208.415184, 91.803584
18522000, 104.420016, 201.938216, 85.580616
18525600, 72.230004, 169.104404, 54.034404
18529200, 66.970008, 163.739208, 48.879608
18532800, 67.759992, 164.544992, 49.653792
18536400, 55.860012, 152.407012, 37.991812
18540000, 51.689988, 148.153588, 33.905188
18543600, 50.209992, 146.643992, 32.454792
18547200, 55.739988, 152.284588, 37.874188
18550800, 65.800008, 162.545808, 47.733008
18554400, 79.999992, 177.029792, 61.648992
18558000, 104.270004, 201.785204, 85.433604
18561600, 117.590004, 215.371604, 98.487204
18565200, 112.770000, 210.455200, 93.763600
18568800, 107.899992, 205.487792, 88.990992
18572400, 98.939988, 196.348588, 80.210188
18576000, 78.009984, 174.999984, 59.698784
18579600, 66.440016, 163.198616, 48.360216
18583200, 62.840016, 159.526616, 44.832216
18586800, 54.979992, 151.509392, 37.129392
18590400, 52.120008, 148.592208, 34.326608
18594000, 58.820004, 155.426204, 40.892604
18597600, 60.379992, 157.017392, 42.421392
18601200, 57.690000, 154.273600, 39.785200
18604800, 53.399988, 149.897788, 35.580988
18608400, 41.690016, 137.953616, 24.105216
18612000, 32.440000, 128.518600, 15.040200
18615600, 20.360002, 116.197002, 3.201802
18619200, 14.659999, 110.382999, 0.000000
18622800, 6.410002, 101.968002, 0.000000
18626400, 4.119998, 99.632198, 0.000000
18630000, 11.920000, 107.588200, 0.000000
18633600, 26.790001, 122.755601, 9.503201
18637200, 40.579992, 136.821392, 23.017392
18640800, 63.320004, 160.016204, 45.302604
18644400, 74.760012, 171.685012, 56.513812
18648000, 80.660016, 177.703016, 62.295816
18651600, 85.029984, 182.160384, 66.578384
18655200, 85.179996, 182.313396, 66.725396
18658800, 74.760012, 171.685012, 56.513812
18662400, 70.560000, 167.401000, 52.397800
18666000, 64.640016, 161.362616, 46.596216
18669600, 60.779988, 157.425388, 42.813388
18673200, 47.099988, 143.471788, 29.406988
18676800, 43.790004, 140.095604, 26.163204
18680400, 44.259984, 140.574984, 26.623784
18684000, 43.160004, 139.453004, 25.545804
18687600, 43.409988, 139.707988, 25.790788
18691200, 51.620004, 148.082204, 33.836604
18694800, 26.089999, 122.041599, 8.817199
18698400, 8.050000, 103.640800, 0.000000
18702000, 2.050000, 97.520800, 0.000000
18705600, 0.060000, 95.491000, 0.000000
18709200, -0.040000, 95.389000, 0.000000
18712800, -2.150000, 93.236800, 0.000000
18716400, -0.010000, 95.419600, 0.000000
18720000, 1.060000, 96.511000, 0.000000
18723600, 22.810000, 118.696000, 5.602800
18727200, 61.790004, 158.455604, 43.803204
18730800, 83.720016, 180.824216, 65.294616
18734400, 99.900000, 197.327800, 81.151000
18738000, 101.379996, 198.837396, 82.601396
18741600, 102.359988, 199.836988, 83.561788
18745200, 87.630012, 184.812412, 69.126412
18748800, 59.699988, 156.323788, 41.754988
18752400, 50.420016, 146.858216, 32.660616
18756000, 51.059988, 147.510988, 33.287788
18759600, 46.450008, 142.808808, 28.770008
18763200, 48.449988, 144.848788, 30.729988
18766800, 54.699984, 151.223784, 36.854984
18770400, 69.990012, 166.819612, 51.839212
18774000, 80.110008, 177.142008, 61.756808
18777600, 78.559992, 175.560992, 60.237792
18781200, 70.120008, 166.952208, 51.966608
18784800, 45.780012, 142.125412, 28.113412
18788400, 27.180000, 123.153400, 9.885400
18792000, 30.399998, 126.437798, 13.040998
18795600, 8.259998, 103.854998, 0.000000
18799200, 3.310000, 98.806000, 0.000000
18802800, 9.969998, 105.599198, 0.000000
18806400, 27.180000, 123.153400, 9.885400
18810000, 60.360012, 156.997012, 42.401812
18813600, 94.749984, 192.074784, 76.103984
18817200, 127.869984, 225.857184, 108.561584
18820800, 171.910008, 270.778008, 151.720808
18824400, 136.760004, 234.925004, 117.273804
18828000, 111.880008, 209.547408, 92.891408
18831600, 99.039996, 196.450596, 80.308196
18835200, 78.779988, 175.785388, 60.453388
18838800, 65.900016, 162.647816, 47.831016
18842400, 60.459984, 157.098984, 42.499784
18846000, 54.169992, 150.683192, 36.335592
18849600, 53.709984, 150.213984, 35.884784
18853200, 63.470016, 160.169216, 45.449616
18856800, 74.530008, 171.450408, 56.288408
18860400, 90.839988, 188.086588, 72.272188
18864000, 76.269996, 173.225196, 57.993596
18867600, 65.250000, 161.984800, 47.194000
18871200, 36.060012, 132.211012, 18.587812
18874800, 21.219998, 117.074198, 4.044598
18878400, 15.880000, 111.627400, 0.000000
18882000, 3.000000, 98.489800, 0.000000
18885600, 4.839998, 100.366598, 0.000000
18889200, 19.300000, 115.115800, 2.163000
18892800, 27.799999, 123.785799, 10.492999
18896400, 65.379996, 162.117396, 47.321396
18900000, 84.830004, 181.956404, 66.382404
18903600, 127.199988, 225.173788, 107.904988
18907200, 166.759992, 265.524992, 146.673792
18910800, 133.110000, 231.202000, 113.696800
18914400, 105.720012, 203.264212, 86.854612
18918000, 90.020016, 187.250216, 71.468616
18921600, 74.019996, 170.930196, 55.788596
18925200, 64.109988, 160.821988, 46.076788
18928800, 60.009984, 156.639984, 42.058784
18932400, 56.559996, 153.120996, 38.677796
18936000, 58.979988, 155.589388, 41.049388
18939600, 69.500016, 166.319816, 51.359016
18943200, 84.999996, 182.129796, 66.548996
18946800, 89.349984, 186.566784, 70.811984
18950400, 83.160000, 180.253000, 64.745800
18954000, 69.059988, 165.870988, 50.927788
18957600, 58.169988, 154.763188, 40.255588
18961200, 43.409988, 139.707988, 25.790788
18964800, 26.840002, 122.806602, 9.552202
18968400, 12.319999, 107.996199, 0.000000
18972000, 8.250001, 103.844801, 0.000000
18975600, 9.889999, 105.517599, 0.000000
18979200, -6.199999, 89.105801, 0.000000
18982800, 25.030001, 120.960401, 7.778401
18986400, 78.649992, 175.652792, 60.325992
18990000, 90.720000, 187.964200, 72.154600
18993600, 108.330012, 205.926412, 89.412412
18997200, 104.429988, 201.948388, 85.590388
19000800, 94.860000, 192.187000, 76.211800
19004400, 87.660000, 184.843000, 69.155800
19008000, 75.409992, 172.347992, 57.150792
19011600, 67.349988, 164.126788, 49.251988
19015200, 62.499996, 159.179796, 44.498996
19018800, 59.069988, 155.681188, 41.137588
19022400, 59.699988, 156.323788, 41.754988
19026000, 67.690008, 164.473608, 49.585208
19029600, 77.429988, 174.408388, 59.130388
19033200, 92.949984, 190.238784, 74.339984
19036800, 91.170000, 188.423200, 72.595600
19040400, 82.389996, 179.467596, 63.991196
19044000, 61.120008, 157.772208, 43.146608
19047600, 49.690008, 146.113608, 31.945208
19051200, 37.559988, 133.740988, 20.057788
19054800, 24.300000, 120.215800, 7.063000
19058400, 17.420000, 113.198200, 0.320600
19062000, 22.129999, 118.002399, 4.936399
19065600, 40.590000, 136.831600, 23.027200
19069200, 58.520016, 155.120216, 40.598616
19072800, 81.950004, 179.018804, 63.560004
19076400, 91.910016, 189.178016, 73.320816
19080000, 119.250000, 217.064800, 100.114000
19083600, 97.430004, 194.808404, 78.730404
19087200, 80.939988, 177.988588, 62.570188
19090800, 74.779992, 171.705392, 56.533392
19094400, 63.270000, 159.965200, 45.253600
19098000, 42.599988, 138.881788, 24.996988
19101600, 22.619999, 118.502199, 5.416599
19105200, 26.399999, 122.357799, 9.120999
19108800, 30.980002, 127.029402, 13.609402
19112400, 25.340000, 121.276600, 8.082200
19116000, 48.039984, 144.430584, 30.328184
19119600, 51.000012, 147.449812, 33.229012
19123200, 45.889992, 142.237592, 28.221192
19126800, 29.170001, 125.183201, 11.835601
19130400, 6.980000, 102.549400, 0.000000
19134000, 0.100000, 95.531800, 0.000000
19137600, -0.360000, 95.062600, 0.000000
19141200, -0.690000, 94.726000, 0.000000
19144800, -1.860000, 93.532600, 0.000000
19148400, -3.320000, 92.043400, 0.000000
19152000, -4.790002, 90.543998, 0.000000
19155600, 1.790000, 97.255600, 0.000000
19159200, 41.069988, 137.321188, 23.497588
19162800, 79.930008, 176.958408, 61.580408
19166400, 107.859996, 205.446996, 88.951796
19170000, 110.319984, 207.956184, 91.362584
19173600, 105.210000, 202.744000, 86.354800
19177200, 89.070012, 186.281212, 70.537612
19180800, 73.670004, 170.573204, 55.445604
19184400, 69.750000, 166.574800, 51.604000
19188000, 63.190008, 159.883608, 45.175208
19191600, 60.649992, 157.292792, 42.685992
19195200, 58.179996, 154.773396, 40.265396
19198800, 61.279992, 157.935392, 43.303392
19202400, 65.499984, 162.239784, 47.438984
19206000, 56.919996, 153.488196, 39.030596
19209600, 30.579998, 126.621398, 13.217398
19213200, 0.210000, 95.644000, 0.000000
19216800, -2.990000, 92.380000, 0.000000
19220400, -12.179999, 83.006201, 0.000000
19224000, -22.470001, 72.510399, 0.000000
19227600, -51.509988, 42.889612, 0.000000
19231200, -58.010004, 36.259596, 0.000000
19234800, -29.700000, 65.135800, 0.000000
19238400, -9.659999, 85.576601, 0.000000
19242000, -0.850000, 94.562800, 0.000000
19245600, 48.949992, 145.358792, 31.219992
19249200, 97.880004, 195.267404, 79.171404
19252800, 106.729992, 204.294392, 87.844392
19256400, 108.640008, 206.242608, 89.716208
19260000, 107.640000, 205.222600, 88.736200
19263600, 98.499996, 195.899796, 79.778996
19267200, 85.309992, 182.445992, 66.852792
19270800, 82.109988, 179.181988, 63.716788
19274400, 83.670012, 180.773212, 65.245612
19278000, 78.909984, 175.917984, 60.580784
19281600, 80.489988, 177.529588, 62.129188
19285200, 79.549992, 176.570792, 61.207992
19288800, 85.389984, 182.527584, 66.931184
19292400, 72.780012, 169.665412, 54.573412
19296000, 22.510001, 118.390001, 5.308801
19299600, 0.000000, 95.429800, 0.000000
19303200, -5.000000, 90.329800, 0.000000
19306800, -14.969999, 80.160401, 0.000000
19310400, -32.010001, 62.779599, 0.000000
19314000, -59.879988, 34.352212, 0.000000
19317600, -50.069988, 44.358412, 0.000000
19321200, -31.290001, 63.513999, 0.000000
19324800, -5.190001, 90.135999, 0.000000
19328400, 1.020000, 96.470200, 0.000000
19332000, 69.890004, 166.717604, 51.741204
19335600, 101.000016, 198.449816, 82.229016
19339200, 109.530000, 207.150400, 90.588400
19342800, 100.400004, 197.837804, 81.641004
19346400, 87.400008, 184.577808, 68.901008
19350000, 78.620004, 175.622204, 60.296604
19353600, 74.639988, 171.562588, 56.396188
19357200, 62.970012, 159.659212, 44.959612
19360800, 51.919992, 148.388192, 34.130592
19364400, 52.809984, 149.295984, 35.002784
19368000, 53.859996, 150.366996, 36.031796
19371600, 42.440004, 138.718604, 24.840204
19375200, 57.679992, 154.263392, 39.775392
19378800, 66.449988, 163.208788, 48.369988
19382400, 71.439984, 168.298584, 53.260184
19386000, 53.219988, 149.714188, 35.404588
19389600, 40.119984, 136.352184, 22.566584
19393200, 16.040002, 111.790602, 0.000000
19396800, 7.719998, 103.304198, 0.000000
19400400, 4.650001, 100.172801, 0.000000
19404000, 11.319998, 106.976198, 0.000000
19407600, 23.350000, 119.246800, 6.132000
19411200, 48.039984, 144.430584, 30.328184
19414800, 85.420008, 182.558208, 66.960608
19418400, 107.219988, 204.794188, 88.324588
19422000, 162.560016, 261.241016, 142.557816
19425600, 175.939992, 274.888592, 155.670192
19429200, 129.369996, 227.387196, 110.031596
19432800, 107.229996, 204.804396, 88.334396
19436400, 100.050012, 197.480812, 81.298012
19440000, 99.640008, 197.062608, 80.896208
19443600, 87.919992, 185.108192, 69.410592
19447200, 76.600008, 173.561808, 58.317008
19450800, 75.840012, 172.786612, 57.572212
19454400, 75.589992, 172.531592, 57.327192
19458000, 85.899996, 183.047796, 67.430996
19461600, 111.530016, 209.190416, 92.548416
19465200, 124.040016, 221.950616, 104.808216
19468800, 117.889992, 215.677592, 98.781192
19472400, 94.770000, 192.095200, 76.123600
19476000, 70.740000, 167.584600, 52.574200
19479600, 56.880000, 153.447400, 38.991400
19483200, 44.600004, 140.921804, 26.957004
19486800, 41.690016, 137.953616, 24.105216
19490400, 49.060008, 145.471008, 31.327808
19494000, 65.070000, 161.801200, 47.017600
19497600, 82.379988, 179.457388, 63.981388
19501200, 93.939984, 191.248584, 75.310184
19504800, 107.169984, 204.743184, 88.275584
19508400, 149.780016, 248.205416, 130.033416
19512000, 154.599984, 253.121784, 134.756984
19515600, 114.879996, 212.607396, 95.831396
19519200, 112.420008, 210.098208, 93.420608
19522800, 103.899996, 201.407796, 85.070996
19526400, 88.030008, 185.220408, 69.518408
19530000, 84.849984, 181.976784, 66.401984
19533600, 82.339992, 179.416592, 63.942192
19537200, 78.800004, 175.805804, 60.473004
19540800, 82.260000, 179.335000, 63.863800
19544400, 88.229988, 185.424388, 69.714388
19548000, 104.379984, 201.897384, 85.541384
19551600, 118.209996, 216.003996, 99.094796
19555200, 117.709992, 215.493992, 98.604792
19558800, 105.509988, 203.049988, 86.648788
19562400, 85.849992, 182.996792, 67.381992
19566000, 82.299996, 179.375796, 63.902996
19569600, 77.450004, 174.428804, 59.150004
19573200, 76.330008, 173.286408, 58.052408
19576800, 75.020004, 171.950204, 56.768604
19580400, 73.010016, 169.900016, 54.798816
19584000, 81.219996, 178.274196, 62.844596
19587600, 86.739984, 183.904584, 68.254184
19591200, 110.430000, 208.068400, 91.470400
19594800, 132.540012, 230.620612, 113.138212
19598400, 149.280012, 247.695412, 129.543412
19602000, 126.789984, 224.755584, 107.503184
19605600, 112.910004, 210.598004, 93.900804
19609200, 100.080000, 197.511400, 81.327400
19612800, 84.999996, 182.129796, 66.548996
19616400, 78.410016, 175.408016, 60.090816
19620000, 74.210004, 171.124004, 55.974804
19623600, 70.710012, 167.554012, 52.544812
19627200, 64.389996, 161.107596, 46.351196
19630800, 72.129996, 169.002396, 53.936396
19634400, 78.429996, 175.428396, 60.110396
19638000, 82.770012, 179.855212, 64.363612
19641600, 73.050012, 169.940812, 54.838012
19645200, 48.669984, 145.073184, 30.945584
19648800, 33.059999, 129.150999, 15.647799
19652400, 12.960000, 108.649000, 0.000000
19656000, 10.019999, 105.650199, 0.000000
19659600, 0.300000, 95.735800, 0.000000
19663200, 0.110000, 95.542000, 0.000000
19666800, 0.340000, 95.776600, 0.000000
19670400, 2.050000, 97.520800, 0.000000
19674000, 16.809998, 112.575998, 0.000000
19677600, 51.879996, 148.347396, 34.091396
19681200, 82.649988, 179.732788, 64.245988
19684800, 102.890016, 200.377616, 84.081216
19688400, 100.000008, 197.429808, 81.249008
19692000, 102.780000, 200.265400, 83.973400
19695600, 88.620012, 185.822212, 70.096612
19699200, 78.919992, 175.928192, 60.590592
19702800, 71.060004, 167.911004, 52.887804
19706400, 74.090016, 171.001616, 55.857216
19710000, 71.460000, 168.319000, 53.279800
19713600, 68.940000, 165.748600, 50.810200
19717200, 75.620016, 172.562216, 57.356616
19720800, 85.550004, 182.690804, 67.088004
19724400, 96.909984, 194.277984, 78.220784
19728000, 102.430008, 199.908408, 83.630408
19731600, 86.100012, 183.251812, 67.627012
19735200, 83.829996, 180.936396, 65.402396
19738800, 69.710004, 166.534004, 51.564804
19742400, 61.290000, 157.945600, 43.313200
19746000, 52.650000, 149.132800, 34.846000
19749600, 48.729996, 145.134396, 31.004396
19753200, 54.569988, 151.091188, 36.727588
19756800, 67.510008, 164.290008, 49.408808
19760400, 75.970008, 172.919208, 57.699608
19764000, 88.660008, 185.863008, 70.135808
19767600, 146.289996, 244.645596, 126.613196
19771200, 153.560016, 252.061016, 133.737816
19774800, 133.170012, 231.263212, 113.755612
19778400, 124.670016, 222.593216, 105.425616
19782000, 116.139996, 213.892596, 97.066196
19785600, 106.989984, 204.559584, 88.099184
19789200, 97.020000, 194.390200, 78.328600
19792800, 94.799988, 192.125788, 76.152988
19796400, 88.560000, 185.761000, 70.037800
19800000, 84.290004, 181.405604, 65.853204
19803600, 84.610008, 181.732008, 66.166808
19807200, 85.899996, 183.047796, 67.430996
19810800, 83.729988, 180.834388, 65.304388
19814400, 90.470016, 187.709216, 71.909616
19818000, 75.859992, 172.806992, 57.591792
19821600, 68.469984, 165.269184, 50.349584
19825200, 51.429996, 147.888396, 33.650396
19828800, 41.209992, 137.463992, 23.634792
19832400, 35.089999, 131.221599, 17.637199
19836000, 30.830000, 126.876400, 13.462400
19839600, 35.269999, 131.405199, 17.813599
19843200, 50.450004, 146.888804, 32.690004
19846800, 75.089988, 172.021588, 56.837188
19850400, 87.500016, 184.679816, 68.999016
19854000, 105.369984, 202.907184, 86.511584
19857600, 119.070000, 216.881200, 99.937600
19861200, 118.159992, 215.952992, 99.045792
19864800, 114.320016, 212.036216, 95.282616
19868400, 105.249996, 202.784796, 86.393996
19872000, 94.929984, 192.258384, 76.280384
19875600, 88.639992, 185.842592, 70.116192
19879200, 83.279988, 180.375388, 64.863388
19882800, 77.940000, 174.928600, 59.630200
19886400, 74.850012, 171.776812, 56.602012
19890000, 72.349992, 169.226792, 54.151992
19893600, 73.000008, 169.889808, 54.789008
19897200, 69.050016, 165.860816, 50.918016
19900800, 69.869988, 166.697188, 51.721588
19904400, 53.160012, 149.653012, 35.345812
19908000, 32.000000, 128.069800, 14.609000
19911600, 20.380000, 116.217400, 3.221400
19915200, 18.200002, 113.993802, 1.085002
19918800, 8.780000, 104.385400, 0.000000
19922400, 0.380000, 95.817400, 0.000000
19926000, -5.479999, 89.840201, 0.000000
19929600, -0.380000, 95.042200, 0.000000
19933200, 32.190001, 128.263601, 14.795201
19936800, 57.949992, 154.538792, 40.039992
19940400, 85.770000, 182.915200, 67.303600
19944000, 96.819984, 194.186184, 78.132584
19947600, 110.000016, 207.629816, 91.049016
19951200, 111.440016, 209.098616, 92.460216
19954800, 99.500004, 196.919804, 80.759004
19958400, 93.690000, 190.993600, 75.065200
19962000, 81.399996, 178.457796, 63.020996
19965600, 77.439996, 174.418596, 59.140196
19969200, 79.099992, 176.111792, 60.766992
19972800, 78.670008, 175.673208, 60.345608
19976400, 82.410012, 179.488012, 64.010812
19980000, 97.940016, 195.328616, 79.230216
19983600, 125.849988, 223.796788, 106.581988
19987200, 122.519988, 220.400188, 103.318588
19990800, 112.579992, 210.261392, 93.577392
19994400, 88.790004, 185.995604, 70.263204
19998000, 82.019988, 179.090188, 63.628588
20001600, 76.910004, 173.878004, 58.620804
20005200, 73.820016, 170.726216, 55.592616
20008800, 72.969984, 169.859184, 54.759584
20012400, 72.720000, 169.604200, 54.514600
20016000, 75.650004, 172.592804, 57.386004
20019600, 89.370000, 186.587200, 70.831600
20023200, 105.270012, 202.805212, 86.413612
20026800, 146.649996, 245.012796, 126.965996
20030400, 164.999988, 263.729788, 144.948988
20034000, 128.189988, 226.183588, 108.875188
20037600, 100.800000, 198.245800, 82.033000
20041200, 86.180004, 183.333404, 67.705404
20044800, 85.219992, 182.354192, 66.764592
20048400, 75.690000, 172.633600, 57.425200
20052000, 69.599988, 166.421788, 51.456988
20055600, 60.069996, 156.701196, 42.117596
20059200, 58.370004, 154.967204, 40.451604
20062800, 64.850004, 161.576804, 46.802004
20066400, 88.760016, 185.965016, 70.233816
20070000, 101.360016, 198.817016, 82.581816
20073600, 106.290000, 203.845600, 87.413200
20077200, 95.060016, 192.391016, 76.407816
20080800, 66.999996, 163.769796, 48.908996
20084400, 49.209984, 145.623984, 31.474784
20088000, 35.979998, 132.129398, 18.509398
20091600, 18.270000, 114.065200, 1.153600
20095200, 12.210001, 107.884001, 0.000000
20098800, 31.349999, 127.406799, 13.971999
20102400, 41.479992, 137.739392, 23.899392
20106000, 69.869988, 166.697188, 51.721588
20109600, 87.469992, 184.649192, 68.969592
20113200, 110.180016, 207.813416, 91.225416
20116800, 108.100008, 205.691808, 89.187008
20120400, 96.800004, 194.165804, 78.113004
20124000, 91.720008, 188.984208, 73.134608
20127600, 80.349984, 177.386784, 61.991984
20131200, 59.510016, 156.130016, 41.568816
20134800, 48.350016, 144.746816, 30.632016
20138400, 44.780004, 141.105404, 27.133404
20142000, 30.260002, 126.295002, 12.903802
20145600, 36.720000, 132.884200, 19.234600
20149200, 41.960016, 138.229016, 24.369816
20152800, 75.380004, 172.317404, 57.121404
20156400, 87.440004, 184.618604, 68.940204
20160000, 87.419988, 184.598188, 68.920588
20163600, 53.330004, 149.826404, 35.512404
20167200, 0.100000, 95.531800, 0.000000
20170800, -4.770000, 90.564400, 0.000000
20174400, -12.020000, 83.169400, 0.000000
20178000, -19.370002, 75.672398, 0.000000
20181600, -20.000002, 75.029798, 0.000000
20185200, -15.559999, 79.558601, 0.000000
20188800, -10.109999, 85.117601, 0.000000
20192400, 4.380001, 99.897401, 0.000000
20196000, 69.000012, 165.809812, 50.869012
20199600, 98.809992, 196.215992, 80.082792
20203200, 109.190016, 206.803616, 90.255216
20206800, 109.810008, 207.436008, 90.862808
20210400, 96.829992, 194.196392, 78.142392
20214000, 84.110004, 181.222004, 65.676804
20217600, 62.619984, 159.302184, 44.616584
20221200, 51.199992, 147.653792, 33.424992
20224800, 46.720008, 143.084208, 29.034608
20228400, 30.769999, 126.815199, 13.403599
20232000, 27.209999, 123.183999, 9.914799
20235600, 33.850001, 129.956801, 16.422001
20239200, 61.549992, 158.210792, 43.567992
20242800, 24.599999, 120.521799, 7.356999
20246400, 24.180001, 120.093401, 6.945401
20250000, -2.310000, 93.073600, 0.000000
20253600, -13.610002, 81.547598, 0.000000
20257200, -24.490001, 70.449999, 0.000000
20260800, -24.819998, 70.113402, 0.000000
20264400, -34.999999, 59.729801, 0.000000
20268000, -31.799999, 62.993801, 0.000000
20271600, -15.549998, 79.568802, 0.000000
20275200, -11.729999, 83.465201, 0.000000
20278800, -3.300000, 92.063800, 0.000000
20282400, 88.290000, 185.485600, 69.773200
20286000, 113.879988, 211.587388, 94.851388
20289600, 115.589988, 213.331588, 96.527188
20293200, 111.579984, 209.241384, 92.597384
20296800, 96.350004, 193.706804, 77.672004
20300400, 79.779996, 176.805396, 61.433396
20304000, 52.560000, 149.041000, 34.757800
20307600, 41.060016, 137.311016, 23.487816
20311200, 34.300001, 130.415801, 16.863001
20314800, 19.860001, 115.687001, 2.711801
20318400, 9.640001, 105.262601, 0.000000
20322000, 8.340001, 103.936601, 0.000000
20325600, 12.730000, 108.414400, 0.000000
20329200, 23.590001, 119.491601, 6.367201
20332800, 22.790002, 118.675602, 5.583202
20336400, 0.060000, 95.491000, 0.000000
20340000, -0.790000, 94.624000, 0.000000
20343600, -3.020000, 92.349400, 0.000000
20347200, -3.750001, 91.604799, 0.000000
20350800, -7.899998, 87.371802, 0.000000
20354400, -12.089999, 83.098001, 0.000000
20358000, -8.309999, 86.953601, 0.000000
20361600, -6.300000, 89.003800, 0.000000
20365200, 1.450000, 96.908800, 0.000000
20368800, 52.740000, 149.224600, 34.934200
20372400, 101.049984, 198.500784, 82.277984
20376000, 114.999984, 212.729784, 95.948984
20379600, 123.680016, 221.583416, 104.455416
20383200, 119.859984, 217.686984, 100.711784
20386800, 101.440008, 198.898608, 82.660208
20390400, 97.419996, 194.798196, 78.720596
20394000, 78.590016, 175.591616, 60.267216
20397600, 74.260008, 171.175008, 56.023808
20401200, 70.700004, 167.543804, 52.535004
20404800, 72.169992, 169.043192, 53.975592
20408400, 73.140012, 170.032612, 54.926212
20412000, 78.300000, 175.295800, 59.983000
20415600, 67.050000, 163.820800, 48.958000
20419200, 52.740000, 149.224600, 34.934200
20422800, 15.000001, 110.729801, 0.000000
20426400, -0.020000, 95.409400, 0.000000
20430000, -6.800000, 88.493800, 0.000000
20433600, -18.560002, 76.498598, 0.000000
20437200, -39.499992, 55.139808, 0.000000
20440800, -43.390008, 51.171992, 0.000000
20444400, -26.740001, 68.154999, 0.000000
20448000, -5.969999, 89.340401, 0.000000
20451600, -1.000000, 94.409800, 0.000000
20455200, 39.189996, 135.403596, 21.655196
20458800, 79.999992, 177.029792, 61.648992
20462400, 81.609984, 178.671984, 63.226784
20466000, 70.599996, 167.441796, 52.436996
20469600, 65.790000, 162.535600, 47.723200
20473200, 51.490008, 147.949608, 33.709208
20476800, 3.270000, 98.765200, 0.000000
20480400, 2.250000, 97.724800, 0.000000
20484000, 0.540000, 95.980600, 0.000000
20487600, -0.320000, 95.103400, 0.000000
20491200, 0.010000, 95.440000, 0.000000
20494800, 0.620000, 96.062200, 0.000000
20498400, 0.890000, 96.337600, 0.000000
20502000, 0.010000, 95.440000, 0.000000
20505600, 0.110000, 95.542000, 0.000000
20509200, -1.340000, 94.063000, 0.000000
20512800, -5.879999, 89.432201, 0.000000
20516400, -8.539999, 86.719001, 0.000000
20520000, -9.590000, 85.648000, 0.000000
20523600, -12.870000, 82.302400, 0.000000
20527200, -18.290002, 76.773998, 0.000000
20530800, -9.820001, 85.413399, 0.000000
20534400, -3.330000, 92.033200, 0.000000
20538000, -1.000000, 94.409800, 0.000000
20541600, 49.770000, 146.195200, 32.023600
20545200, 96.969996, 194.339196, 78.279596
20548800, 104.960016, 202.489016, 86.109816
20552400, 108.309996, 205.905996, 89.392796
20556000, 101.540016, 199.000616, 82.758216
20559600, 92.900016, 190.187816, 74.291016
20563200, 73.919988, 170.828188, 55.690588
20566800, 66.909996, 163.677996, 48.820796
20570400, 64.029996, 160.740396, 45.998396
20574000, 56.199996, 152.753796, 38.324996
20577600, 54.550008, 151.070808, 36.708008
20581200, 66.510000, 163.270000, 48.428800
20584800, 83.739996, 180.844596, 65.314196
20588400, 88.750008, 185.954808, 70.224008
20592000, 96.869988, 194.237188, 78.181588
20595600, 63.609984, 160.311984, 45.586784
20599200, 14.900000, 110.627800, 0.000000
20602800, 2.680000, 98.163400, 0.000000
20606400, 23.060002, 118.951002, 5.847802
20610000, 17.820000, 113.606200, 0.712600
20613600, 37.100016, 133.271816, 19.607016
20617200, 44.250012, 140.564812, 26.614012
20620800, 55.710000, 152.254000, 37.844800
20624400, 91.260000, 188.515000, 72.683800
20628000, 109.919988, 207.548188, 90.970588
20631600, 149.339988, 247.756588, 129.602188
20635200, 170.039988, 268.870588, 149.888188
20638800, 126.929988, 224.898388, 107.640388
20642400, 111.020004, 208.670204, 92.048604
20646000, 99.770004, 197.195204, 81.023604
20649600, 98.570016, 195.971216, 79.847616
20653200, 86.600016, 183.761816, 68.117016
20656800, 76.050000, 173.000800, 57.778000
20660400, 69.390000, 166.207600, 51.251200
20664000, 63.029988, 159.720388, 45.018388
20667600, 69.289992, 166.105592, 51.153192
20671200, 90.309996, 187.545996, 71.752796
20674800, 102.759984, 200.244984, 83.953784
20678400, 99.249984, 196.664784, 80.513984
20682000, 82.569996, 179.651196, 64.167596
20685600, 62.359992, 159.036992, 44.361792
20689200, 28.820002, 124.826202, 11.492602
20692800, 4.920001, 100.448201, 0.000000
20696400, 1.330000, 96.786400, 0.000000
20700000, 2.060000, 97.531000, 0.000000
20703600, 24.549998, 120.470798, 7.307998
20707200, 50.270004, 146.705204, 32.513604
20710800, 87.339996, 184.516596, 68.842196
20714400, 113.850000, 211.556800, 94.822000
20718000, 170.409996, 269.247996, 150.250796
20721600, 164.729988, 263.454388, 144.684388
20725200, 120.949992, 218.798792, 101.779992
20728800, 105.890004, 203.437604, 87.021204
20732400, 93.250008, 190.544808, 74.634008
20736000, 91.180008, 188.433408, 72.605408
20739600, 91.779984, 189.045384, 73.193384
20743200, 87.199992, 184.373792, 68.704992
20746800, 87.109992, 184.281992, 68.616792
20750400, 84.849984, 181.976784, 66.401984
20754000, 88.380000, 185.577400, 69.861400
20757600, 105.900012, 203.447812, 87.031012
20761200, 126.129996, 224.082396, 106.856396
20764800, 120.759984, 218.604984, 101.593784
20768400, 105.570000, 203.111200, 86.707600
20772000, 88.380000, 185.577400, 69.861400
20775600, 69.999984, 166.829784, 51.848984
20779200, 36.730008, 132.894408, 19.244408
20782800, 12.660001, 108.343001, 0.000000
20786400, 10.109999, 105.741999, 0.000000
20790000, 55.209996, 151.743996, 37.354796
20793600, 79.530012, 176.550412, 61.188412
20797200, 91.649988, 188.912788, 73.065988
20800800, 105.000012, 202.529812, 86.149012
20804400, 153.979992, 252.489392, 134.149392
20808000, 158.469984, 257.069184, 138.549584
20811600, 125.359992, 223.296992, 106.101792
20815200, 112.680000, 210.363400, 93.675400
20818800, 100.800000, 198.245800, 82.033000
20822400, 94.259988, 191.574988, 75.623788
20826000, 94.470012, 191.789212, 75.829612
20829600, 89.409996, 186.627996, 70.870796
20833200, 88.920000, 186.128200, 70.390600
20836800, 89.640000, 186.862600, 71.096200
20840400, 97.430004, 194.808404, 78.730404
20844000, 110.149992, 207.782792, 91.195992
20847600, 128.430000, 226.428400, 109.110400
20851200, 126.240012, 224.194612, 106.964212
20854800, 108.730008, 206.334408, 89.804408
20858400, 92.260008, 189.535008, 73.663808
20862000, 84.530016, 181.650416, 66.088416
20865600, 66.110004, 162.862004, 48.036804
20869200, 45.830016, 142.176416, 28.162416
20872800, 52.599996, 149.081796, 34.796996
20876400, 79.859988, 176.886988, 61.511788
20880000, 89.910000, 187.138000, 71.360800
20883600, 104.000004, 201.509804, 85.169004
20887200, 114.689988, 212.413588, 95.645188
20890800, 164.090016, 262.801616, 144.057216
20894400, 199.890000, 299.317600, 179.141200
20898000, 148.539996, 246.940596, 128.818196
20901600, 124.400016, 222.317816, 105.161016
20905200, 107.399988, 204.977788, 88.500988
20908800, 105.239988, 202.774588, 86.384188
20912400, 95.050008, 192.380808, 76.398008
20916000, 92.189988, 189.463588, 73.595188
20919600, 84.780000, 181.905400, 66.333400
20923200, 83.049984, 180.140784, 64.637984
20926800, 89.989992, 187.219592, 71.439192
20930400, 108.249984, 205.844784, 89.333984
20934000, 125.309988, 223.245988, 106.052788
20937600, 128.000016, 225.989816, 108.689016
20941200, 113.699988, 211.403788, 94.674988
20944800, 98.280000, 195.675400, 79.563400
20948400, 89.979984, 187.209384, 71.429384
20952000, 86.349996, 183.506796, 67.871996
20955600, 80.480016, 177.519416, 62.119416
20959200, 79.179984, 176.193384, 60.845384
20962800, 82.329984, 179.406384, 63.932384
20966400, 86.180004, 183.333404, 67.705404
20970000, 100.199988, 197.633788, 81.444988
20973600, 115.499988, 213.239788, 96.438988
20977200, 133.459992, 231.558992, 114.039792
20980800, 119.109996, 216.921996, 99.976796
20984400, 107.750016, 205.334816, 88.844016
20988000, 96.860016, 194.227016, 78.171816
20991600, 95.500008, 192.839808, 76.839008
20995200, 105.699996, 203.243796, 86.834996
20998800, 92.450016, 189.728816, 73.850016
21002400, 88.430004, 185.628404, 69.910404
21006000, 81.979992, 179.049392, 63.589392
21009600, 74.139984, 171.052584, 55.906184
21013200, 76.740012, 173.704612, 58.454212
21016800, 80.589996, 177.631596, 62.227196
21020400, 83.639988, 180.742588, 65.216188
21024000, 90.789984, 188.035584, 72.223184
21027600, 84.920004, 182.048204, 66.470604
21031200, 60.130008, 156.762408, 42.176408
21034800, 18.339998, 114.136598, 1.222198
21038400, -10.000001, 85.229799, 0.000000
21042000, -14.900000, 80.231800, 0.000000
21045600, -18.259999, 76.804601, 0.000000
21049200, -14.690002, 80.445998, 0.000000
21052800, 19.170000, 114.983200, 2.035600
21056400, 73.990008, 170.899608, 55.759208
21060000, 109.280016, 206.895416, 90.343416
21063600, 126.039996, 223.990596, 106.768196
21067200, 123.360012, 221.257012, 104.141812
21070800, 107.709984, 205.293984, 88.804784
21074400, 100.100016, 197.531816, 81.347016
21078000, 89.430012, 186.648412, 70.890412
21081600, 93.930012, 191.238412, 75.300412
21085200, 85.989996, 183.139596, 67.519196
21088800, 80.370000, 177.407200, 62.011600
21092400, 74.189988, 171.103588, 55.955188
21096000, 68.220000, 165.014200, 50.104600
21099600, 65.720016, 162.464216, 47.654616
21103200, 65.859984, 162.606984, 47.791784
21106800, 64.609992, 161.331992, 46.566792
21110400, 60.599988, 157.241788, 42.636988
21114000, 41.270004, 137.525204, 23.693604
21117600, 12.730000, 108.414400, 0.000000
21121200, -3.500000, 91.859800, 0.000000
21124800, -28.019999, 66.849401, 0.000000
21128400, -53.610012, 40.747588, 0.000000
21132000, -31.399999, 63.401801, 0.000000
21135600, -10.720001, 84.495399, 0.000000
21139200, 25.380000, 121.317400, 8.121400
21142800, 78.500016, 175.499816, 60.179016
21146400, 104.559984, 202.080984, 85.717784
21150000, 127.019988, 224.990188, 107.728588
21153600, 124.750008, 222.674808, 105.504008
21157200, 108.709992, 206.313992, 89.784792
21160800, 103.489992, 200.989592, 84.669192
21164400, 91.109988, 188.361988, 72.536788
21168000, 91.779984, 189.045384, 73.193384
21171600, 94.899996, 192.227796, 76.250996
21175200, 92.419992, 189.698192, 73.820592
21178800, 92.530008, 189.810408, 73.928408
21182400, 89.510004, 186.730004, 70.968804
21186000, 97.319988, 194.696188, 78.622588
21189600, 107.790012, 205.375612, 88.883212
21193200, 127.630008, 225.612408, 108.326408
21196800, 131.519988, 229.580188, 112.138588
21200400, 122.640012, 220.522612, 103.436212
21204000, 102.830004, 200.316404, 84.022404
21207600, 90.870012, 188.117212, 72.301612
21211200, 85.250016, 182.384816, 66.794016
21214800, 81.399996, 178.457796, 63.020996
21218400, 83.930004, 181.038404, 65.500404
21222000, 89.179992, 186.393392, 70.645392
21225600, 94.070016, 191.381216, 75.437616
21229200, 106.189992, 203.743592, 87.315192
21232800, 127.760004, 225.745004, 108.453804
21236400, 186.480000, 285.639400, 165.999400
21240000, 171.810000, 270.676000, 151.622800
21243600, 132.980004, 231.069404, 113.569404
21247200, 115.239996, 212.974596, 96.184196
21250800, 104.209992, 201.723992, 85.374792
21254400, 99.560016, 196.981016, 80.817816
21258000, 92.300004, 189.575804, 73.703004
21261600, 91.069992, 188.321192, 72.497592
21265200, 90.079992, 187.311392, 71.527392
21268800, 91.339992, 188.596592, 72.762192
21272400, 97.779996, 195.165396, 79.073396
21276000, 116.200008, 213.953808, 97.125008
21279600, 135.799992, 233.945792, 116.332992
21283200, 133.949988, 232.058788, 114.519988
21286800, 115.980012, 213.729412, 96.909412
21290400, 98.880012, 196.287412, 80.151412
21294000, 90.020016, 187.250216, 71.468616
21297600, 84.870000, 181.997200, 66.421600
21301200, 82.829988, 179.916388, 64.422388
21304800, 84.319992, 181.436192, 65.882592
21308400, 86.789988, 183.955588, 68.303188
21312000, 91.900008, 189.167808, 73.311008
21315600, 106.779996, 204.345396, 87.893396
21319200, 156.399984, 254.957784, 136.520984
21322800, 268.940016, 369.748616, 246.810216
21326400, 249.419988, 349.838188, 227.680588
21330000, 165.769992, 264.515192, 145.703592
21333600, 129.210012, 227.224012, 109.874812
21337200, 116.079984, 213.831384, 97.007384
21340800, 108.259992, 205.854992, 89.343792
21344400, 97.909992, 195.297992, 79.200792
21348000, 94.389984, 191.707584, 75.751184
21351600, 90.870012, 188.117212, 72.301612
21355200, 86.919984, 184.088184, 68.430584
21358800, 96.019992, 193.370192, 77.348592
21362400, 121.150008, 219.002808, 101.976008
21366000, 146.790000, 245.155600, 127.103200
21369600, 139.290012, 237.505612, 119.753212
21373200, 123.040008, 220.930608, 103.828208
21376800, 107.210016, 204.784016, 88.314816
21380400, 95.960016, 193.309016, 77.289816
21384000, 92.090016, 189.361616, 73.497216
21387600, 90.529992, 187.770392, 71.968392
21391200, 89.470008, 186.689208, 70.929608
21394800, 92.610000, 189.892000, 74.006800
21398400, 96.969996, 194.339196, 78.279596
21402000, 111.300012, 208.955812, 92.323012
21405600, 140.960016, 239.209016, 121.389816
21409200, 209.580012, 309.201412, 188.637412
21412800, 149.860008, 248.287008, 130.111808
21416400, 126.770004, 224.735204, 107.483604
21420000, 109.680012, 207.303412, 90.735412
21423600, 100.640016, 198.082616, 81.876216
21427200, 101.270016, 198.725216, 82.493616
21430800, 94.600008, 191.921808, 75.957008
21434400, 90.000000, 187.229800, 71.449000
21438000, 87.109992, 184.281992, 68.616792
21441600, 79.369992, 176.387192, 61.031592
21445200, 82.410012, 179.488012, 64.010812
21448800, 96.199992, 193.553792, 77.524992
21452400, 113.000004, 210.689804, 93.989004
21456000, 119.040012, 216.850612, 99.908212
21459600, 97.679988, 195.063388, 78.975388
21463200, 90.000000, 187.229800, 71.449000
21466800, 68.670000, 165.473200, 50.545600
21470400, 63.950004, 160.658804, 45.920004
21474000, 45.810000, 142.156000, 28.142800
21477600, 59.640012, 156.262612, 41.696212
21481200, 45.830016, 142.176416, 28.162416
21484800, 55.000008, 151.529808, 37.149008
21488400, 85.370004, 182.507204, 66.911604
21492000, 87.660000, 184.843000, 69.155800
21495600, 106.329996, 203.886396, 87.452396
21499200, 105.810012, 203.356012, 86.942812
21502800, 95.000004, 192.329804, 76.349004
21506400, 85.039992, 182.170592, 66.588192
21510000, 79.539984, 176.560584, 61.198184
21513600, 69.040008, 165.850608, 50.908208
21517200, 60.980004, 157.629404, 43.009404
21520800, 50.979996, 147.429396, 33.209396
21524400, 49.140000, 145.552600, 31.406200
21528000, 58.280004, 154.875404, 40.363404
21531600, 69.999984, 166.829784, 51.848984
21535200, 91.230012, 188.484412, 72.654412
21538800, 117.339984, 215.116584, 98.242184
21542400, 119.430000, 217.248400, 100.290400
21546000, 105.030000, 202.560400, 86.178400
21549600, 100.599984, 198.041784, 81.836984
21553200, 98.100000, 195.491800, 79.387000
21556800, 75.530016, 172.470416, 57.268416
21560400, 72.889992, 169.777592, 54.681192
21564000, 32.000000, 128.069800, 14.609000
21567600, 50.550012, 146.990812, 32.788012
21571200, 76.070016, 173.021216, 57.797616
21574800, 89.899992, 187.127792, 71.350992
21578400, 96.680016, 194.043416, 77.995416
21582000, 113.870016, 211.577216, 94.841616
21585600, 123.170004, 221.063204, 103.955604
21589200, 100.609992, 198.051992, 81.846792
21592800, 95.720004, 193.064204, 77.054604
21596400, 92.980008, 190.269408, 74.369408
21600000, 99.630000, 197.052400, 80.886400
21603600, 93.920004, 191.228204, 75.290604
21607200, 83.109996, 180.201996, 64.696796
21610800, 73.109988, 170.001988, 54.896788
21614400, 70.440012, 167.278612, 52.280212
21618000, 73.490004, 170.389604, 55.269204
21621600, 79.700004, 176.723804, 61.355004
21625200, 84.980016, 182.109416, 66.529416
21628800, 92.890008, 190.177608, 74.281208
21632400, 83.409984, 180.507984, 64.990784
21636000, 51.519996, 147.980196, 33.738596
21639600, 14.360000, 110.077000, 0.000000
21643200, 5.479999, 101.019399, 0.000000
21646800, 1.020000, 96.470200, 0.000000
21650400, 0.440000, 95.878600, 0.000000
21654000, 8.550000, 104.150800, 0.000000
21657600, 41.259996, 137.514996, 23.683796
21661200, 71.740008, 168.604608, 53.554208
21664800, 100.919988, 198.368188, 82.150588
21668400, 137.400012, 235.577812, 117.901012
21672000, 115.260012, 212.995012, 96.203812
21675600, 93.909996, 191.217996, 75.280796
21679200, 86.990004, 184.159604, 68.499204
21682800, 89.340012, 186.556612, 70.802212
21686400, 92.199996, 189.473796, 73.604996
21690000, 81.240012, 178.294612, 62.864212
21693600, 71.930016, 168.798416, 53.740416
21697200, 59.150016, 155.762816, 41.216016
21700800, 48.809988, 145.215988, 31.082788
21704400, 44.750016, 141.074816, 27.104016
21708000, 48.780000, 145.185400, 31.053400
21711600, 42.810012, 139.096012, 25.202812
21715200, 46.519992, 142.880192, 28.838592
21718800, 26.420000, 122.378200, 9.140600
21722400, 8.290001, 103.885601, 0.000000
21726000, 0.440000, 95.878600, 0.000000
21729600, 0.040000, 95.470600, 0.000000
21733200, 0.000000, 95.429800, 0.000000
21736800, -0.550000, 94.868800, 0.000000
21740400, 1.670000, 97.133200, 0.000000
21744000, 33.170000, 129.263200, 15.755600
21747600, 45.460008, 141.799008, 27.799808
21751200, 68.360004, 165.157004, 50.241804
21754800, 94.399992, 191.717792, 75.760992
21758400, 111.160008, 208.813008, 92.185808
21762000, 94.830012, 192.156412, 76.182412
21765600, 90.439992, 187.678592, 71.880192
21769200, 87.670008, 184.853208, 69.165608
21772800, 70.070004, 166.901204, 51.917604
21776400, 69.869988, 166.697188, 51.721588
21780000, 58.179996, 154.773396, 40.265396
21783600, 68.799996, 165.605796, 50.672996
21787200, 59.450004, 156.068804, 41.510004
21790800, 72.699984, 169.583784, 54.494984
21794400, 90.730008, 187.974408, 72.164408
21798000, 129.999996, 228.029796, 110.648996
21801600, 148.399992, 246.797792, 128.680992
21805200, 104.929992, 202.458392, 86.080392
21808800, 85.179996, 182.313396, 66.725396
21812400, 63.960012, 160.669012, 45.929812
21816000, 55.109988, 151.641988, 37.256788
21819600, 48.110004, 144.502004, 30.396804
21823200, 34.920000, 131.048200, 17.470600
21826800, 38.940012, 135.148612, 21.410212
21830400, 37.630008, 133.812408, 20.126408
21834000, 44.150004, 140.462804, 26.516004
21837600, 89.449992, 186.668792, 70.909992
21841200, 115.350012, 213.086812, 96.292012
21844800, 112.290012, 209.965612, 93.293212
21848400, 96.130008, 193.482408, 77.456408
21852000, 88.049988, 185.240788, 69.537988
21855600, 79.869996, 176.897196, 61.521596
21859200, 67.920012, 164.708212, 49.810612
21862800, 62.870004, 159.557204, 44.861604
21866400, 60.639984, 157.282584, 42.676184
21870000, 54.299988, 150.815788, 36.462988
21873600, 39.719988, 135.944188, 22.174588
21877200, 46.069992, 142.421192, 28.397592
21880800, 68.220000, 165.014200, 50.104600
21884400, 96.310008, 193.666008, 77.632808
21888000, 97.729992, 195.114392, 79.024392
21891600, 77.140008, 174.112608, 58.846208
21895200, 52.599996, 149.081796, 34.796996
21898800, 10.519999, 106.160199, 0.000000
21902400, 1.920000, 97.388200, 0.000000
21906000, 1.060000, 96.511000, 0.000000
21909600, 1.820000, 97.286200, 0.000000
21913200, -0.010000, 95.419600, 0.000000
21916800, 0.950000, 96.398800, 0.000000
21920400, 24.860002, 120.787002, 7.611802
21924000, 66.089988, 162.841588, 48.017188
21927600, 90.500004, 187.739804, 71.939004
21931200, 93.300012, 190.595812, 74.683012
21934800, 81.020016, 178.070216, 62.648616
21938400, 82.929996, 180.018396, 64.520396
21942000, 67.780008, 164.565408, 49.673408
21945600, 30.620002, 126.662202, 13.256602
21949200, 19.390000, 115.207600, 2.251200
21952800, 29.409998, 125.427998, 12.070798
21956400, 19.800000, 115.625800, 2.653000
21960000, 27.439999, 123.418599, 10.140199
21963600, 26.880001, 122.847401, 9.591401
21967200, 79.449984, 176.468784, 61.109984
21970800, 95.889996, 193.237596, 77.221196
21974400, 104.979996, 202.509396, 86.129396
21978000, 95.919984, 193.268184, 77.250584
21981600, 73.400004, 170.297804, 55.181004
21985200, 42.840000, 139.126600, 25.232200
21988800, 30.970001, 127.019201, 13.599601
21992400, 17.500000, 113.279800, 0.399000
21996000, -0.220000, 95.205400, 0.000000
21999600, 41.169996, 137.423196, 23.595596
22003200, 55.190016, 151.723616, 37.335216
22006800, 76.060008, 173.011008, 57.787808
22010400, 97.769988, 195.155188, 79.063588
22014000, 120.759984, 218.604984, 101.593784
22017600, 124.189992, 222.103592, 104.955192
22021200, 106.959996, 204.528996, 88.069796
22024800, 100.299996, 197.735796, 81.542996
22028400, 96.810012, 194.176012, 78.122812
22032000, 74.660004, 171.583004, 56.415804
22035600, 70.430004, 167.268404, 52.270404
22039200, 77.159988, 174.132988, 58.865788
22042800, 66.129984, 162.882384, 48.056384
22046400, 56.850012, 153.416812, 38.962012
22050000, 73.019988, 169.910188, 54.808588
22053600, 95.270004, 192.605204, 76.613604
22057200, 123.549984, 221.450784, 104.327984
22060800, 127.770012, 225.755212, 108.463612
22064400, 103.449996, 200.948796, 84.629996
22068000, 84.759984, 181.884984, 66.313784
22071600, 66.189996, 162.943596, 48.115196
22075200, 68.119992, 164.912192, 50.006592
22078800, 62.049996, 158.720796, 44.057996
22082400, 55.170000, 151.703200, 37.315600
22086000, 46.029996, 142.380396, 28.358396
22089600, 47.070000, 143.441200, 29.377600
22093200, 62.280000, 158.955400, 44.283400
22096800, 92.030004, 189.300404, 73.438404
22100400, 163.419984, 262.118184, 143.400584
22104000, 155.949984, 254.498784, 136.079984
22107600, 109.149984, 206.762784, 90.215984
22111200, 96.239988, 193.594588, 77.564188
22114800, 89.499996, 186.719796, 70.958996
22118400, 87.729984, 184.914384, 69.224384
22122000, 75.639996, 172.582596, 57.376196
22125600, 64.170000, 160.883200, 46.135600
22129200, 43.539984, 139.840584, 25.918184
22132800, 39.449988, 135.668788, 21.909988
22136400, 62.499996, 159.179796, 44.498996
22140000, 87.490008, 184.669608, 68.989208
22143600, 112.870008, 210.557208, 93.861608
22147200, 124.809984, 222.735984, 105.562784
22150800, 113.490000, 211.189600, 94.469200
22154400, 76.669992, 173.633192, 58.385592
22158000, 73.599984, 170.501784, 55.376984
22161600, 26.269999, 122.225199, 8.993599
22165200, 20.499998, 116.339798, 3.338998
22168800, 7.269998, 102.845198, 0.000000
22172400, 32.050001, 128.120801, 14.658001
22176000, 61.880004, 158.547404, 43.891404
22179600, 67.970016, 164.759216, 49.859616
22183200, 89.570016, 186.791216, 71.027616
22186800, 100.040004, 197.470604, 81.288204
22190400, 99.299988, 196.715788, 80.562988
22194000, 90.770004, 188.015204, 72.203604
22197600, 84.300012, 181.415812, 65.863012
22201200, 77.500008, 174.479808, 59.199008
22204800, 79.250004, 176.264804, 60.914004
22208400, 73.019988, 169.910188, 54.808588
22212000, 66.510000, 163.270000, 48.428800
22215600, 62.939988, 159.628588, 44.930188
22219200, 62.989992, 159.679592, 44.979192
22222800, 57.260016, 153.835016, 39.363816
22226400, 65.450016, 162.188816, 47.390016
22230000, 81.020016, 178.070216, 62.648616
22233600, 87.459984, 184.638984, 68.959784
22237200, 73.940004, 170.848604, 55.710204
22240800, 42.819984, 139.106184, 25.212584
22244400, 8.230000, 103.824400, 0.000000
22248000, 1.400000, 96.857800, 0.000000
22251600, 0.440000, 95.878600, 0.000000
22255200, 0.070000, 95.501200, 0.000000
22258800, 1.020000, 96.470200, 0.000000
22262400, 11.160000, 106.813000, 0.000000
22266000, 56.840004, 153.406604, 38.952204
22269600, 91.260000, 188.515000, 72.683800
22273200, 107.089992, 204.661592, 88.197192
22276800, 116.160012, 213.913012, 97.085812
22280400, 90.479988, 187.719388, 71.919388
22284000, 91.050012, 188.300812, 72.478012
22287600, 85.680000, 182.823400, 67.215400
22291200, 76.209984, 173.163984, 57.934784
22294800, 69.260004, 166.075004, 51.123804
22298400, 63.110016, 159.802016, 45.096816
22302000, 62.650008, 159.332808, 44.646008
22305600, 59.270004, 155.885204, 41.333604
22309200, 61.599996, 158.261796, 43.616996
22312800, 65.189988, 161.923588, 47.135188
22316400, 81.429984, 178.488384, 63.050384
22320000, 75.530016, 172.470416, 57.268416
22323600, 34.769999, 130.895199, 17.323599
22327200, 10.919999, 106.568199, 0.000000
22330800, 0.070000, 95.501200, 0.000000
22334400, 0.000000, 95.429800, 0.000000
22338000, -0.010000, 95.419600, 0.000000
22341600, -0.390000, 95.032000, 0.000000
22345200, -0.130000, 95.297200, 0.000000
22348800, 10.400000, 106.037800, 0.000000
22352400, 44.340012, 140.656612, 26.702212
22356000, 83.990016, 181.099616, 65.559216
22359600, 101.990016, 199.459616, 83.199216
22363200, 101.990016, 199.459616, 83.199216
22366800, 93.449988, 190.748788, 74.829988
22370400, 86.820012, 183.986212, 68.332612
22374000, 78.080004, 175.071404, 59.767404
22377600, 68.180004, 164.973404, 50.065404
22381200, 50.389992, 146.827592, 32.631192
22384800, 47.149992, 143.522792, 29.455992
22388400, 51.940008, 148.408608, 34.150208
22392000, 48.489984, 144.889584, 30.769184
22395600, 45.720000, 142.064200, 28.054600
22399200, 78.930000, 175.938400, 60.600400
22402800, 118.000008, 215.789808, 98.889008
22406400, 138.530016, 236.730416, 119.008416
22410000, 115.189992, 212.923592, 96.135192
22413600, 90.339984, 187.576584, 71.782184
22417200, 78.999984, 176.009784, 60.668984
22420800, 69.699996, 166.523796, 51.554996
22424400, 67.389984, 164.167584, 49.291184
22428000, 54.879984, 151.407384, 37.031384
22431600, 50.670000, 147.113200, 32.905600
22435200, 51.900012, 148.367812, 34.111012
22438800, 39.359988, 135.576988, 21.821788
22442400, 65.049984, 161.780784, 46.997984
22446000, 84.359988, 181.476988, 65.921788
22449600, 98.269992, 195.665192, 79.553592
22453200, 73.739988, 170.644588, 55.514188
22456800, 71.499996, 168.359796, 53.318996
22460400, 69.639984, 166.462584, 51.496184
22464000, 73.630008, 170.532408, 55.406408
22467600, 66.359988, 163.116988, 48.281788
22471200, 63.270000, 159.965200, 45.253600
22474800, 66.139992, 162.892592, 48.066192
22478400, 64.490004, 161.209604, 46.449204
22482000, 66.780000, 163.545400, 48.693400
22485600, 85.150008, 182.282808, 66.696008
22489200, 86.360004, 183.517004, 67.881804
22492800, 90.190008, 187.423608, 71.635208
22496400, 90.200016, 187.433816, 71.645016
22500000, 67.520016, 164.300216, 49.418616
22503600, 57.420000, 153.998200, 39.520600
22507200, 41.799996, 138.065796, 24.212996
22510800, 25.639999, 121.582599, 8.376199
22514400, 7.449998, 103.028798, 0.000000
22518000, 26.799998, 122.765798, 9.512998
22521600, 52.340004, 148.816604, 34.542204
22525200, 68.680008, 165.483408, 50.555408
22528800, 71.229996, 168.084396, 53.054396
22532400, 89.470008, 186.689208, 70.929608
22536000, 78.189984, 175.183584, 59.875184
22539600, 69.789996, 166.615596, 51.643196
22543200, 75.899988, 172.847788, 57.630988
22546800, 68.500008, 165.299808, 50.379008
22550400, 74.239992, 171.154592, 56.004192
22554000, 75.380004, 172.317404, 57.121404
22557600, 74.999988, 171.929788, 56.748988
22561200, 70.700004, 167.543804, 52.535004
22564800, 68.590008, 165.391608, 50.467208
22568400, 78.869988, 175.877188, 60.541588
22572000, 84.200004, 181.313804, 65.765004
22575600, 111.549996, 209.210796, 92.567996
22579200, 114.680016, 212.403416, 95.635416
22582800, 96.050016, 193.400816, 77.378016
22586400, 77.019984, 173.990184, 58.728584
22590000, 43.890012, 140.197612, 26.261212
22593600, 5.490000, 101.029600, 0.000000
22597200, 0.000000, 95.429800, 0.000000
22600800, -0.040000, 95.389000, 0.000000
22604400, 0.690000, 96.133600, 0.000000
22608000, 32.950001, 129.038801, 15.540001
22611600, 74.260008, 171.175008, 56.023808
22615200, 106.700004, 204.263804, 87.815004
22618800, 124.359984, 222.276984, 105.121784
22622400, 108.240012, 205.834612, 89.324212
22626000, 85.410000, 182.548000, 66.950800
22629600, 77.529996, 174.510396, 59.228396
22633200, 69.850008, 166.676808, 51.702008
22636800, 68.000004, 164.789804, 49.889004
22640400, 59.420016, 156.038216, 41.480616
22644000, 74.239992, 171.154592, 56.004192
22647600, 72.029988, 168.900388, 53.838388
22651200, 52.800012, 149.285812, 34.993012
22654800, 68.649984, 165.452784, 50.525984
22658400, 88.179984, 185.373384, 69.665384
22662000, 112.899996, 210.587796, 93.890996
22665600, 108.810000, 206.416000, 89.882800
22669200, 91.789992, 189.055592, 73.203192
22672800, 74.810016, 171.736016, 56.562816
22676400, 43.179984, 139.473384, 25.565384
22680000, 4.970002, 100.499202, 0.000000
22683600, -0.050000, 95.378800, 0.000000
22687200, -0.090000, 95.338000, 0.000000
22690800, 3.800002, 99.305802, 0.000000
22694400, 47.660004, 144.043004, 29.955804
22698000, 78.140016, 175.132616, 59.826216
22701600, 98.150004, 195.542804, 79.436004
22705200, 123.189984, 221.083584, 103.975184
22708800, 113.060016, 210.751016, 94.047816
22712400, 89.989992, 187.219592, 71.439192
22716000, 88.970004, 186.179204, 70.439604
22719600, 78.869988, 175.877188, 60.541588
22723200, 55.490004, 152.029604, 37.629204
22726800, 53.859996, 150.366996, 36.031796
22730400, 63.219996, 159.914196, 45.204596
22734000, 67.340016, 164.116616, 49.242216
22737600, 67.600008, 164.381808, 49.497008
22741200, 72.640008, 169.522608, 54.436208
22744800, 83.819988, 180.926188, 65.392588
22748400, 113.320008, 211.016208, 94.302608
22752000, 101.689992, 199.153592, 82.905192
22755600, 88.920000, 186.128200, 70.390600
22759200, 62.049996, 158.720796, 44.057996
22762800, 24.689999, 120.613599, 7.445199
22766400, 8.880001, 104.487401, 0.000000
22770000, 0.020000, 95.450200, 0.000000
22773600, 0.070000, 95.501200, 0.000000
22777200, 9.119999, 104.732199, 0.000000
22780800, 44.610012, 140.932012, 26.966812
22784400, 80.780004, 177.825404, 62.413404
22788000, 104.749992, 202.274792, 85.903992
22791600, 127.209996, 225.183996, 107.914796
22795200, 108.839988, 206.446588, 89.912188
22798800, 90.990000, 188.239600, 72.419200
22802400, 87.760008, 184.945008, 69.253808
22806000, 79.560000, 176.581000, 61.217800
22809600, 79.009992, 176.019992, 60.678792
22813200, 75.459996, 172.398996, 57.199796
22816800, 71.550000, 168.410800, 53.368000
22820400, 65.379996, 162.117396, 47.321396
22824000, 56.400012, 152.957812, 38.521012
22827600, 57.449988, 154.028788, 39.549988
22831200, 74.490012, 171.409612, 56.249212
22834800, 72.110016, 168.982016, 53.916816
22838400, 58.500000, 155.099800, 40.579000
22842000, 59.109984, 155.721984, 41.176784
22845600, 22.000000, 117.869800, 4.809000
22849200, 3.150000, 98.642800, 0.000000
22852800, 0.000000, 95.429800, 0.000000
22856400, -3.360000, 92.002600, 0.000000
22860000, -3.949999, 91.400801, 0.000000
22863600, 1.090000, 96.541600, 0.000000
22867200, 39.890016, 136.117616, 22.341216
22870800, 79.830000, 176.856400, 61.482400
22874400, 94.119984, 191.432184, 75.486584
22878000, 109.190016, 206.803616, 90.255216
22881600, 97.390008, 194.767608, 78.691208
22885200, 59.420016, 156.038216, 41.480616
22888800, 74.660004, 171.583004, 56.415804
22892400, 78.009984, 174.999984, 59.698784
22896000, 86.730012, 183.894412, 68.244412
22899600, 85.129992, 182.262392, 66.676392
22903200, 72.259992, 169.134992, 54.063792
22906800, 59.299992, 155.915792, 41.362992
22910400, 56.149992, 152.702792, 38.275992
22914000, 58.010004, 154.600004, 40.098804
22917600, 64.329984, 161.046384, 46.292384
22921200, 61.490016, 158.149616, 43.509216
22924800, 80.499996, 177.539796, 62.138996
22928400, 62.790012, 159.475612, 44.783212
22932000, 26.269999, 122.225199, 8.993599
22935600, 12.250001, 107.924801, 0.000000
22939200, 14.990000, 110.719600, 0.000000
22942800, 0.260000, 95.695000, 0.000000
22946400, 0.010000, 95.440000, 0.000000
22950000, 9.659999, 105.282999, 0.000000
22953600, 55.180008, 151.713408, 37.325408
22957200, 64.029996, 160.740396, 45.998396
22960800, 98.139996, 195.532596, 79.426196
22964400, 135.299988, 233.435788, 115.842988
22968000, 120.520008, 218.360208, 101.358608
22971600, 101.149992, 198.602792, 82.375992
22975200, 96.300000, 193.655800, 77.623000
22978800, 92.000016, 189.269816, 73.409016
22982400, 63.780012, 160.485412, 45.753412
22986000, 59.109984, 155.721984, 41.176784
22989600, 58.280004, 154.875404, 40.363404
22993200, 55.500012, 152.039812, 37.639012
22996800, 51.649992, 148.112792, 33.865992
23000400, 70.530012, 167.370412, 52.368412
23004000, 88.850016, 186.056816, 70.322016
23007600, 161.629992, 260.292392, 141.646392
23011200, 134.700012, 232.823812, 115.255012
23014800, 103.839984, 201.346584, 85.012184
23018400, 93.359988, 190.656988, 74.741788
23022000, 75.620016, 172.562216, 57.356616
23025600, 69.879996, 166.707396, 51.731396
23029200, 60.980004, 157.629404, 43.009404
23032800, 49.970016, 146.399216, 32.219616
23036400, 42.170004, 138.443204, 24.575604
23040000, 54.330012, 150.846412, 36.492412
23043600, 77.420016, 174.398216, 59.120616
23047200, 139.209984, 237.423984, 119.674784
23050800, 200.440008, 299.878608, 179.680208
23054400, 134.709984, 232.833984, 115.264784
23058000, 79.070004, 176.081204, 60.737604
23061600, 63.699984, 160.403784, 45.674984
23065200, 63.219996, 159.914196, 45.204596
23068800, 70.710012, 167.554012, 52.544812
23072400, 61.400016, 158.057816, 43.421016
23076000, 54.399996, 150.917796, 36.560996
23079600, 50.490000, 146.929600, 32.729200
23083200, 42.109992, 138.381992, 24.516792
23086800, 56.059992, 152.610992, 38.187792
23090400, 74.750004, 171.674804, 56.504004
23094000, 118.839996, 216.646596, 99.712196
23097600, 115.629984, 213.372384, 96.566384
23101200, 77.609988, 174.591988, 59.306788
23104800, 61.229988, 157.884388, 43.254388
23108400, 59.259996, 155.874996, 41.323796
23112000, 64.959984, 161.688984, 46.909784
23115600, 55.929996, 152.478396, 38.060396
23119200, 51.090012, 147.541612, 33.317212
23122800, 44.679996, 141.003396, 27.035396
23126400, 50.940000, 147.388600, 33.170200
23130000, 48.899988, 145.307788, 31.170988
23133600, 96.779988, 194.145388, 78.093388
23137200, 124.599996, 222.521796, 105.356996
23140800, 102.629988, 200.112388, 83.826388
23144400, 80.439984, 177.478584, 62.080184
23148000, 75.700008, 172.643808, 57.435008
23151600, 62.960004, 159.649004, 44.949804
23155200, 55.149984, 151.682784, 37.295984
23158800, 56.289996, 152.845596, 38.413196
23162400, 47.700000, 144.083800, 29.995000
23166000, 41.370012, 137.627212, 23.791612
23169600, 52.340004, 148.816604, 34.542204
23173200, 56.679984, 153.243384, 38.795384
23176800, 67.330008, 164.106408, 49.232408
23180400, 87.680016, 184.863416, 69.175416
23184000, 91.869984, 189.137184, 73.281584
23187600, 77.500008, 174.479808, 59.199008
23191200, 63.460008, 160.159008, 45.439808
23194800, 54.479988, 150.999388, 36.639388
23198400, 51.609996, 148.071996, 33.826796
23202000, 48.039984, 144.430584, 30.328184
23205600, 61.279992, 157.935392, 43.303392
23209200, 76.290012, 173.245612, 58.013212
23212800, 81.299988, 178.355788, 62.922988
23216400, 97.130016, 194.502416, 78.436416
23220000, 139.910004, 238.138004, 120.360804
23223600, 149.429988, 247.848388, 129.690388
23227200, 98.129988, 195.522388, 79.416388
23230800, 87.779988, 184.965388, 69.273388
23234400, 84.290004, 181.405604, 65.853204
23238000, 76.200012, 173.153812, 57.925012
23241600, 53.809992, 150.315992, 35.982792
23245200, 44.870004, 141.197204, 27.221604
23248800, 41.019984, 137.270184, 23.448584
23252400, 38.000016, 134.189816, 20.489016
23256000, 34.459999, 130.578999, 17.019799
23259600, 38.760012, 134.965012, 21.233812
23263200, 61.880004, 158.547404, 43.891404
23266800, 80.300016, 177.335816, 61.943016
23270400, 80.290008, 177.325608, 61.933208
23274000, 63.500004, 160.199804, 45.479004
23277600, 43.660008, 139.963008, 26.035808
23281200, 31.619999, 127.682199, 14.236599
23284800, 16.999999, 112.769799, 0.000000
23288400, 11.819999, 107.486199, 0.000000
23292000, 11.480000, 107.139400, 0.000000
23295600, 27.259999, 123.234999, 9.963799
23299200, 42.390000, 138.667600, 24.791200
23302800, 56.949984, 153.518784, 39.059984
23306400, 74.520000, 171.440200, 56.278600
23310000, 84.110004, 181.222004, 65.676804
23313600, 76.070016, 173.021216, 57.797616
23317200, 59.289984, 155.905584, 41.353184
23320800, 51.279984, 147.735384, 33.503384
23324400, 36.299988, 132.455788, 18.822988
23328000, 0.180000, 95.613400, 0.000000
23331600, -0.090000, 95.338000, 0.000000
23335200, -1.090000, 94.318000, 0.000000
23338800, -0.370000, 95.052400, 0.000000
23342400, -5.980000, 89.330200, 0.000000
23346000, -1.100000, 94.307800, 0.000000
23349600, 1.700000, 97.163800, 0.000000
23353200, 27.519998, 123.500198, 10.218598
23356800, 40.619988, 136.862188, 23.056588
23360400, 7.780000, 103.365400, 0.000000
23364000, -0.600000, 94.817800, 0.000000
23367600, -1.620000, 93.777400, 0.000000
23371200, -2.320000, 93.063400, 0.000000
23374800, -3.060000, 92.308600, 0.000000
23378400, -0.040000, 95.389000, 0.000000
23382000, 0.280000, 95.715400, 0.000000
23385600, 4.479998, 99.999398, 0.000000
23389200, 38.649996, 134.852796, 21.125996
23392800, 60.850008, 157.496808, 42.882008
23396400, 69.739992, 166.564592, 51.594192
23400000, 65.689992, 162.433592, 47.625192
23403600, 38.530008, 134.730408, 21.008408
23407200, 32.839999, 128.926599, 15.432199
23410800, 25.700000, 121.643800, 8.435000
23414400, 1.770000, 97.235200, 0.000000
23418000, 3.030000, 98.520400, 0.000000
23421600, 3.290000, 98.785600, 0.000000
23425200, 3.160000, 98.653000, 0.000000
23428800, 3.270000, 98.765200, 0.000000
23432400, 4.150001, 99.662801, 0.000000
23436000, 11.959999, 107.628999, 0.000000
23439600, 27.920002, 123.908202, 10.610602
23443200, 31.020001, 127.070201, 13.648601
23446800, 25.960000, 121.909000, 8.689800
23450400, 10.000001, 105.629801, 0.000000
23454000, 3.920000, 99.428200, 0.000000
23457600, 0.670000, 96.113200, 0.000000
23461200, 0.000000, 95.429800, 0.000000
23464800, 0.000000, 95.429800, 0.000000
23468400, 0.060000, 95.491000, 0.000000
23472000, 9.839999, 105.466599, 0.000000
23475600, 55.350000, 151.886800, 37.492000
23479200, 81.529992, 178.590392, 63.148392
23482800, 115.250004, 212.984804, 96.194004
23486400, 109.860012, 207.487012, 90.911812
23490000, 88.520004, 185.720204, 69.998604
23493600, 84.510000, 181.630000, 66.068800
23497200, 79.840008, 176.866608, 61.492208
23500800, 74.940012, 171.868612, 56.690212
23504400, 65.139984, 161.872584, 47.086184
23508000, 52.449984, 148.928784, 34.649984
23511600, 54.389988, 150.907588, 36.551188
23515200, 46.749996, 143.114796, 29.063996
23518800, 42.770016, 139.055216, 25.163616
23522400, 48.099996, 144.491796, 30.386996
23526000, 61.999992, 158.669792, 44.008992
23529600, 61.660008, 158.323008, 43.675808
23533200, 37.720008, 133.904208, 20.214608
23536800, 1.330000, 96.786400, 0.000000
23540400, 0.000000, 95.429800, 0.000000
23544000, -0.010000, 95.419600, 0.000000
23547600, -0.500000, 94.919800, 0.000000
23551200, -0.450000, 94.970800, 0.000000
23554800, 0.000000, 95.429800, 0.000000
23558400, 20.630002, 116.472402, 3.466402
23562000, 52.359984, 148.836984, 34.561784
23565600, 74.599992, 171.521792, 56.356992
23569200, 103.020012, 200.510212, 84.208612
23572800, 69.469992, 166.289192, 51.329592
23576400, 65.080008, 161.811408, 47.027408
23580000, 64.090008, 160.801608, 46.057208
23583600, 37.320012, 133.496212, 19.822612
23587200, 12.930001, 108.618401, 0.000000
23590800, 5.420002, 100.958202, 0.000000
23594400, 4.000000, 99.509800, 0.000000
23598000, 2.600000, 98.081800, 0.000000
23601600, 2.770000, 98.255200, 0.000000
23605200, 8.349998, 103.946798, 0.000000
23608800, 34.700000, 130.823800, 17.255000
23612400, 50.209992, 146.643992, 32.454792
23616000, 69.500016, 166.319816, 51.359016
23619600, 43.040016, 139.330616, 25.428216
23623200, 18.380002, 114.177402, 1.261402
23626800, 8.640000, 104.242600, 0.000000
23630400, 4.129999, 99.642399, 0.000000
23634000, 0.910000, 96.358000, 0.000000
23637600, 5.410001, 100.948001, 0.000000
23641200, 10.900001, 106.547801, 0.000000
23644800, 22.090000, 117.961600, 4.897200
23648400, 34.070000, 130.181200, 16.637600
23652000, 34.009999, 130.119999, 16.578799
23655600, 63.050004, 159.740804, 45.038004
23659200, 44.079984, 140.391384, 26.447384
23662800, 23.900000, 119.807800, 6.671000
23666400, 20.279999, 116.115399, 3.123399
23670000, 9.839999, 105.466599, 0.000000
23673600, 3.210000, 98.704000, 0.000000
23677200, 0.070000, 95.501200, 0.000000
23680800, 0.050000, 95.480800, 0.000000
23684400, 0.020000, 95.450200, 0.000000
23688000, 0.090000, 95.521600, 0.000000
23691600, 2.850000, 98.336800, 0.000000
23695200, 55.010016, 151.540016, 37.158816
23698800, 103.060008, 200.551008, 84.247808
23702400, 114.840000, 212.566600, 95.792200
23706000, 100.180008, 197.613408, 81.425408
23709600, 76.320000, 173.276200, 58.042600
23713200, 68.619996, 165.422196, 50.496596
23716800, 58.719996, 155.324196, 40.794596
23720400, 55.530000, 152.070400, 37.668400
23724000, 56.379996, 152.937396, 38.501396
23727600, 59.699988, 156.323788, 41.754988
23731200, 73.540008, 170.440608, 55.318208
23734800, 89.920008, 187.148208, 71.370608
23738400, 116.089992, 213.841592, 97.017192
23742000, 140.900004, 239.147804, 121.331004
23745600, 119.869992, 217.697192, 100.721592
23749200, 92.729988, 190.014388, 74.124388
23752800, 91.419984, 188.678184, 72.840584
23756400, 76.209984, 173.163984, 57.934784
23760000, 85.309992, 182.445992, 66.852792
23763600, 76.960008, 173.929008, 58.669808
23767200, 76.389984, 173.347584, 58.111184
23770800, 74.170008, 171.083208, 55.935608
23774400, 74.090016, 171.001616, 55.857216
23778000, 80.100000, 177.131800, 61.747000
23781600, 97.869996, 195.257196, 79.161596
23785200, 119.459988, 217.278988, 100.319788
23788800, 128.949984, 226.958784, 109.619984
23792400, 112.659984, 210.342984, 93.655784
23796000, 96.019992, 193.370192, 77.348592
23799600, 91.879992, 189.147392, 73.291392
23803200, 88.899984, 186.107784, 70.370984
23806800, 82.299996, 179.375796, 63.902996
23810400, 77.590008, 174.571608, 59.287208
23814000, 77.760000, 174.745000, 59.453800
23817600, 76.290012, 173.245612, 58.013212
23821200, 88.660008, 185.863008, 70.135808
23824800, 115.980012, 213.729412, 96.909412
23828400, 134.899992, 233.027792, 115.450992
23832000, 116.499996, 214.259796, 97.418996
23835600, 97.440012, 194.818612, 78.740212
23839200, 93.459996, 190.758996, 74.839796
23842800, 84.999996, 182.129796, 66.548996
23846400, 62.600004, 159.281804, 44.597004
23850000, 51.050016, 147.500816, 33.278016
23853600, 55.280016, 151.815416, 37.423416
23857200, 43.059996, 139.350996, 25.447796
23860800, 37.640016, 133.822616, 20.136216
23864400, 52.790004, 149.275604, 34.983204
23868000, 71.210016, 168.064016, 53.034816
23871600, 91.540008, 188.800608, 72.958208
23875200, 99.010008, 196.420008, 80.278808
23878800, 83.009988, 180.099988, 64.598788
23882400, 66.530016, 163.290416, 48.448416
23886000, 56.959992, 153.528992, 39.069792
23889600, 43.059996, 139.350996, 25.447796
23893200, 35.190000, 131.323600, 17.735200
23896800, 37.149984, 133.322784, 19.655984
23900400, 43.729992, 140.034392, 26.104392
23904000, 58.389984, 154.987584, 40.471184
23907600, 69.819984, 166.646184, 51.672584
23911200, 109.940004, 207.568604, 90.990204
23914800, 127.580004, 225.561404, 108.277404
23918400, 120.939984, 218.788584, 101.770184
23922000, 100.959984, 198.408984, 82.189784
23925600, 92.739996, 190.024596, 74.134196
23929200, 84.949992, 182.078792, 66.499992
23932800, 74.329992, 171.246392, 56.092392
23936400, 72.519984, 169.400184, 54.318584
23940000, 74.000016, 170.909816, 55.769016
23943600, 75.330000, 172.266400, 57.072400
23947200, 72.330012, 169.206412, 54.132412
23950800, 77.100012, 174.071812, 58.807012
23954400, 102.999996, 200.489796, 84.188996
23958000, 127.350000, 225.326800, 108.052000
23961600, 141.400008, 239.657808, 121.821008
23965200, 116.499996, 214.259796, 97.418996
23968800, 100.140012, 197.572612, 81.386212
23972400, 79.859988, 176.886988, 61.511788
23976000, 71.210016, 168.064016, 53.034816
23979600, 64.940004, 161.668604, 46.890204
23983200, 60.289992, 156.925592, 42.333192
23986800, 61.099992, 157.751792, 43.126992
23990400, 70.700004, 167.543804, 52.535004
23994000, 90.900000, 188.147800, 72.331000
23997600, 113.259996, 210.954996, 94.243796
24001200, 142.059996, 240.330996, 122.467796
24004800, 123.699996, 221.603796, 104.474996
24008400, 99.900000, 197.327800, 81.151000
24012000, 99.900000, 197.327800, 81.151000
24015600, 90.000000, 187.229800, 71.449000
24019200, 93.099996, 190.391796, 74.486996
24022800, 84.639996, 181.762596, 66.196196
24026400, 81.399996, 178.457796, 63.020996
24030000, 75.539988, 172.480588, 57.278188
24033600, 75.719988, 172.664188, 57.454588
24037200, 79.819992, 176.846192, 61.472592
24040800, 86.199984, 183.353784, 67.724984
24044400, 100.400004, 197.837804, 81.641004
24048000, 110.000016, 207.629816, 91.049016
24051600, 94.989996, 192.319596, 76.339196
24055200, 67.669992, 164.453192, 49.565592
24058800, 47.210004, 143.584004, 29.514804
24062400, 32.510002, 128.590002, 15.108802
24066000, 26.719999, 122.684199, 9.434599
24069600, 6.800000, 102.365800, 0.000000
24073200, 29.520000, 125.540200, 12.178600
24076800, 44.560008, 140.881008, 26.917808
24080400, 69.570000, 166.391200, 51.427600
24084000, 93.859992, 191.166992, 75.231792
24087600, 109.860012, 207.487012, 90.911812
24091200, 100.280016, 197.715416, 81.523416
24094800, 83.549988, 180.650788, 65.127988
24098400, 78.599988, 175.601788, 60.276988
24102000, 66.999996, 163.769796, 48.908996
24105600, 55.350000, 151.886800, 37.492000
24109200, 44.219988, 140.534188, 26.584588
24112800, 40.320000, 136.556200, 22.762600
24116400, 31.860000, 127.927000, 14.471800
24120000, 28.370002, 124.367202, 11.051602
24123600, 28.710000, 124.714000, 11.384800
24127200, 31.749998, 127.814798, 14.363998
24130800, 35.470001, 131.609201, 18.009601
24134400, 37.800000, 133.985800, 20.293000
24138000, 33.310001, 129.406001, 15.892801
24141600, 33.790000, 129.895600, 16.363200
24145200, 16.679999, 112.443399, 0.000000
24148800, 5.249999, 100.784799, 0.000000
24152400, -0.010000, 95.419600, 0.000000
24156000, -0.010000, 95.419600, 0.000000
24159600, 0.200000, 95.633800, 0.000000
24163200, 48.399984, 144.797784, 30.680984
24166800, 50.010012, 146.440012, 32.258812
24170400, 65.630016, 162.372416, 47.566416
24174000, 77.180004, 174.153404, 58.885404
24177600, 81.920016, 178.988216, 63.530616
24181200, 64.360008, 161.077008, 46.321808
24184800, 60.789996, 157.435596, 42.823196
24188400, 52.329996, 148.806396, 34.532396
24192000, 34.580002, 130.701402, 17.137402
24195600, 35.340001, 131.476601, 17.882201
24199200, 33.250000, 129.344800, 15.834000
24202800, 29.480000, 125.499400, 12.139400
24206400, 31.880002, 127.947402, 14.491402
24210000, 41.349996, 137.606796, 23.771996
24213600, 57.139992, 153.712592, 39.246192
24217200, 91.839996, 189.106596, 73.252196
24220800, 108.320004, 205.916204, 89.402604
24224400, 91.800000, 189.065800, 73.213000
24228000, 66.049992, 162.800792, 47.977992
24231600, 60.210000, 156.844000, 42.254800
24235200, 56.019996, 152.570196, 38.148596
24238800, 43.290000, 139.585600, 25.673200
24242400, 55.000008, 151.529808, 37.149008
24246000, 57.600000, 154.181800, 39.697000
24249600, 81.159984, 178.212984, 62.785784
24253200, 104.540004, 202.060604, 85.698204
24256800, 159.199992, 257.813792, 139.264992
24260400, 149.410008, 247.828008, 129.670808
24264000, 121.489992, 219.349592, 102.309192
24267600, 90.000000, 187.229800, 71.449000
24271200, 90.439992, 187.678592, 71.880192
24274800, 77.180004, 174.153404, 58.885404
24278400, 64.980000, 161.709400, 46.929400
24282000, 57.859992, 154.446992, 39.951792
24285600, 53.730000, 150.234400, 35.904400
24289200, 47.520000, 143.900200, 29.818600
24292800, 47.049984, 143.420784, 29.357984
24296400, 56.890008, 153.457608, 39.001208
24300000, 77.770008, 174.755208, 59.463608
24303600, 88.239996, 185.434596, 69.724196
24307200, 100.000008, 197.429808, 81.249008
24310800, 84.920004, 182.048204, 66.470604
24314400, 74.599992, 171.521792, 56.356992
24318000, 68.820012, 165.626212, 50.692612
24321600, 60.559992, 157.200992, 42.597792
24325200, 63.860004, 160.567004, 45.831804
24328800, 68.100012, 164.891812, 49.987012
24332400, 68.370012, 165.167212, 50.251612
24336000, 76.349988, 173.306788, 58.071988
24339600, 54.039996, 150.550596, 36.208196
24343200, 98.970012, 196.379212, 80.239612
24346800, 115.470000, 213.209200, 96.409600
24350400, 86.850000, 184.016800, 68.362000
24354000, 69.590016, 166.411616, 51.447216
24357600, 57.420000, 153.998200, 39.520600
24361200, 50.000004, 146.429804, 32.249004
24364800, 37.559988, 133.740988, 20.057788
24368400, 27.330001, 123.306401, 10.032401
24372000, 25.040002, 120.970602, 7.788202
24375600, 22.870001, 118.757201, 5.661601
24379200, 24.120000, 120.032200, 6.886600
24382800, 34.330000, 130.446400, 16.892400
24386400, 70.800012, 167.645812, 52.633012
24390000, 67.790016, 164.575616, 49.683216
24393600, 78.890004, 175.897604, 60.561204
24397200, 79.340004, 176.356604, 61.002204
24400800, 62.660016, 159.343016, 44.655816
24404400, 52.599996, 149.081796, 34.796996
24408000, 53.759988, 150.264988, 35.933788
24411600, 52.319988, 148.796188, 34.522588
24415200, 61.279992, 157.935392, 43.303392
24418800, 73.620000, 170.522200, 55.396600
24422400, 61.120008, 157.772208, 43.146608
24426000, 79.999992, 177.029792, 61.648992
24429600, 115.390008, 213.127608, 96.331208
24433200, 126.799992, 224.765792, 107.512992
24436800, 109.260000, 206.875000, 90.323800
24440400, 93.390012, 190.687612, 74.771212
24444000, 92.220012, 189.494212, 73.624612
24447600, 75.380004, 172.317404, 57.121404
24451200, 53.840016, 150.346616, 36.012216
24454800, 27.990000, 123.979600, 10.679200
24458400, 25.920000, 121.868200, 8.650600
24462000, 25.830000, 121.776400, 8.562400
24465600, 13.870001, 109.577201, 0.000000
24469200, 16.359998, 112.116998, 0.000000
24472800, 40.610016, 136.852016, 23.046816
24476400, 76.420008, 173.378208, 58.140608
24480000, 80.460000, 177.499000, 62.099800
24483600, 67.500000, 164.279800, 49.399000
24487200, 52.009992, 148.479992, 34.218792
24490800, 38.930004, 135.138404, 21.400404
24494400, 21.890002, 117.757602, 4.701202
24498000, 15.950002, 111.698802, 0.000000
24501600, 20.009999, 115.839999, 2.858799
24505200, 38.369988, 134.567188, 20.851588
24508800, 57.660012, 154.243012, 39.755812
24512400, 85.680000, 182.823400, 67.215400
24516000, 102.110004, 199.582004, 83.316804
24519600, 134.989992, 233.119592, 115.539192
24523200, 110.869992, 208.517192, 91.901592
24526800, 90.410004, 187.648004, 71.850804
24530400, 89.120016, 186.332216, 70.586616
24534000, 76.050000, 173.000800, 57.778000
24537600, 81.339984, 178.396584, 62.962184
24541200, 75.600000, 172.541800, 57.337000
24544800, 74.639988, 171.562588, 56.396188
24548400, 67.910004, 164.698004, 49.800804
24552000, 68.799996, 165.605796, 50.672996
24555600, 75.089988, 172.021588, 56.837188
24559200, 99.950004, 197.378804, 81.200004
24562800, 140.410008, 238.648008, 120.850808
24566400, 155.490012, 254.029612, 135.629212
24570000, 110.009988, 207.639988, 91.058788
24573600, 90.000000, 187.229800, 71.449000
24577200, 72.349992, 169.226792, 54.151992
24580800, 61.650000, 158.312800, 43.666000
24584400, 57.170016, 153.743216, 39.275616
24588000, 59.559984, 156.180984, 41.617784
24591600, 66.949992, 163.718792, 48.859992
24595200, 76.299984, 173.255784, 58.022984
24598800, 89.529984, 186.750384, 70.988384
24602400, 123.030000, 220.920400, 103.818400
24606000, 162.609984, 261.291984, 142.606784
24609600, 114.210000, 211.924000, 95.174800
24613200, 97.170012, 194.543212, 78.475612
24616800, 97.729992, 195.114392, 79.024392
24620400, 87.980004, 185.169404, 69.469404
24624000, 87.109992, 184.281992, 68.616792
24627600, 77.490000, 174.469600, 59.189200
24631200, 73.140012, 170.032612, 54.926212
24634800, 71.820000, 168.686200, 53.632600
24638400, 68.990004, 165.799604, 50.859204
24642000, 67.320000, 164.096200, 49.222600
24645600, 70.030008, 166.860408, 51.878408
24649200, 79.400016, 176.417816, 61.061016
24652800, 79.539984, 176.560584, 61.198184
24656400, 76.749984, 173.714784, 58.463984
24660000, 69.379992, 166.197392, 51.241392
24663600, 56.419992, 152.978192, 38.540592
24667200, 42.239988, 138.514588, 24.644188
24670800, 26.750002, 122.714802, 9.464002
24674400, 23.339999, 119.236599, 6.122199
24678000, 46.350000, 142.706800, 28.672000
24681600, 61.549992, 158.210792, 43.567992
24685200, 77.379984, 174.357384, 59.081384
24688800, 83.379996, 180.477396, 64.961396
24692400, 80.370000, 177.407200, 62.011600
24696000, 60.750000, 157.394800, 42.784000
24699600, 45.420012, 141.758212, 27.760612
24703200, 34.870000, 130.997200, 17.421600
24706800, 25.369999, 121.307199, 8.111599
24710400, 0.000000, 95.429800, 0.000000
24714000, -0.010000, 95.419600, 0.000000
24717600, -0.070000, 95.358400, 0.000000
24721200, -0.370000, 95.052400, 0.000000
24724800, -0.510000, 94.909600, 0.000000
24728400, -0.090000, 95.338000, 0.000000
24732000, -0.130000, 95.297200, 0.000000
24735600, 0.630000, 96.072400, 0.000000
24739200, 16.620001, 112.382201, 0.000000
24742800, 4.810000, 100.336000, 0.000000
24746400, 1.730000, 97.194400, 0.000000
24750000, -0.120000, 95.307400, 0.000000
24753600, -3.830000, 91.523200, 0.000000
24757200, -3.790001, 91.563999, 0.000000
24760800, -3.939998, 91.411002, 0.000000
24764400, 3.420000, 98.918200, 0.000000
24768000, 10.789999, 106.435599, 0.000000
24771600, 44.259984, 140.574984, 26.623784
24775200, 73.350000, 170.246800, 55.132000
24778800, 90.000000, 187.229800, 71.449000
24782400, 72.290016, 169.165616, 54.093216
24786000, 65.149992, 161.882792, 47.095992
24789600, 63.280008, 159.975408, 45.263408
24793200, 60.500016, 157.139816, 42.539016
24796800, 61.359984, 158.016984, 43.381784
24800400, 51.500016, 147.959816, 33.719016
24804000, 52.400016, 148.877816, 34.601016
24807600, 50.450004, 146.888804, 32.690004
24811200, 48.890016, 145.297616, 31.161216
24814800, 62.200008, 158.873808, 44.205008
24818400, 98.730000, 196.134400, 80.004400
24822000, 121.349988, 219.206788, 102.171988
24825600, 146.729988, 245.094388, 127.044388
24829200, 125.579988, 223.521388, 106.317388
24832800, 102.999996, 200.489796, 84.188996
24836400, 97.220016, 194.594216, 78.524616
24840000, 91.559988, 188.820988, 72.977788
24843600, 86.960016, 184.129016, 68.469816
24847200, 74.160000, 171.073000, 55.925800
24850800, 86.400000, 183.557800, 67.921000
24854400, 96.410016, 193.768016, 77.730816
24858000, 137.120004, 235.292204, 117.626604
24861600, 202.399992, 301.877792, 181.600992
24865200, 226.019988, 325.970188, 204.748588
24868800, 158.000004, 256.589804, 138.089004
24872400, 110.990016, 208.639616, 92.019216
24876000, 99.659988, 197.082988, 80.915788
24879600, 94.799988, 192.125788, 76.152988
24883200, 84.409992, 181.527992, 65.970792
24886800, 82.019988, 179.090188, 63.628588
24890400, 79.160004, 176.173004, 60.825804
24894000, 75.960000, 172.909000, 57.689800
24897600, 68.330016, 165.126416, 50.212416
24901200, 74.679984, 171.603384, 56.435384
24904800, 84.989988, 182.119588, 66.539188
24908400, 131.270004, 229.325204, 111.893604
24912000, 146.000016, 244.349816, 126.329016
24915600, 110.520000, 208.160200, 91.558600
24919200, 92.739996, 190.024596, 74.134196
24922800, 83.049984, 180.140784, 64.637984
24926400, 78.469992, 175.469192, 60.149592
24930000, 70.779996, 167.625396, 52.613396
24933600, 68.169996, 164.963196, 50.055596
24937200, 73.400004, 170.297804, 55.181004
24940800, 73.789992, 170.695592, 55.563192
24944400, 86.879988, 184.047388, 68.391388
24948000, 103.730004, 201.234404, 84.904404
24951600, 101.720016, 199.184216, 82.934616
24955200, 69.980004, 166.809404, 51.829404
24958800, 57.710016, 154.294016, 39.804816
24962400, 60.019992, 156.650192, 42.068592
24966000, 42.919992, 139.208192, 25.310592
24969600, 26.520001, 122.480201, 9.238601
24973200, 12.800002, 108.485802, 0.000000
24976800, 5.299999, 100.835799, 0.000000
24980400, 3.610001, 99.112001, 0.000000
24984000, 2.690000, 98.173600, 0.000000
24987600, 9.079999, 104.691399, 0.000000
24991200, 43.089984, 139.381584, 25.477184
24994800, 51.260004, 147.715004, 33.483804
24998400, 66.520008, 163.280208, 48.438608
25002000, 54.290016, 150.805616, 36.453216
25005600, 26.680000, 122.643400, 9.395400
25009200, 14.159999, 109.872999, 0.000000
25012800, 4.090000, 99.601600, 0.000000
25016400, 2.040000, 97.510600, 0.000000
25020000, 4.000000, 99.509800, 0.000000
25023600, 14.180000, 109.893400, 0.000000
25027200, 40.320000, 136.556200, 22.762600
25030800, 67.140000, 163.912600, 49.046200
25034400, 84.240000, 181.354600, 65.804200
25038000, 89.420004, 186.638204, 70.880604
25041600, 63.529992, 160.230392, 45.508392
25045200, 54.190008, 150.703608, 36.355208
25048800, 35.140000, 131.272600, 17.686200
25052400, 26.539999, 122.500599, 9.258199
25056000, 17.039999, 112.810599, 0.000000
25059600, 12.150000, 107.822800, 0.000000
25063200, 10.480000, 106.119400, 0.000000
25066800, 5.609999, 101.151999, 0.000000
25070400, 10.010002, 105.640002, 0.000000
25074000, 26.390002, 122.347602, 9.111202
25077600, 66.290004, 163.045604, 48.213204
25081200, 91.149984, 188.402784, 72.575984
25084800, 90.380016, 187.617416, 71.821416
25088400, 87.459984, 184.638984, 68.959784
25092000, 81.000000, 178.049800, 62.629000
25095600, 72.119988, 168.992188, 53.926588
25099200, 65.999988, 162.749788, 47.928988
25102800, 65.540016, 162.280616, 47.478216
25106400, 69.469992, 166.289192, 51.329592
25110000, 74.739996, 171.664596, 56.494196
25113600, 92.940012, 190.228612, 74.330212
25117200, 115.599996, 213.341796, 96.536996
25120800, 151.319988, 249.776188, 131.542588
25124400, 153.960012, 252.469012, 134.129812
25128000, 109.490004, 207.109604, 90.549204
25131600, 96.519996, 193.880196, 77.838596
25135200, 90.000000, 187.229800, 71.449000
25138800, 90.000000, 187.229800, 71.449000
25142400, 83.030004, 180.120404, 64.618404
25146000, 83.030004, 180.120404, 64.618404
25149600, 85.920012, 183.068212, 67.450612
25153200, 78.500016, 175.499816, 60.179016
25156800, 81.870012, 178.937212, 63.481612
25160400, 84.009996, 181.119996, 65.578796
25164000, 93.870000, 191.177200, 75.241600
25167600, 127.010016, 224.980016, 107.718816
25171200, 148.500000, 246.899800, 128.779000
25174800, 116.070012, 213.821212, 96.997612
25178400, 103.449996, 200.948796, 84.629996
25182000, 91.000008, 188.249808, 72.429008
25185600, 93.700008, 191.003808, 75.075008
25189200, 85.489992, 182.629592, 67.029192
25192800, 90.529992, 187.770392, 71.968392
25196400, 84.480012, 181.599412, 66.039412
25200000, 95.199984, 192.533784, 76.544984
25203600, 122.180004, 220.053404, 102.985404
25207200, 163.140012, 261.832612, 143.126212
25210800, 142.599996, 240.881796, 122.996996
25214400, 103.250016, 200.744816, 84.434016
25218000, 96.840000, 194.206600, 78.152200
25221600, 100.599984, 198.041784, 81.836984
25225200, 85.610016, 182.752016, 67.146816
25228800, 87.860016, 185.047016, 69.351816
25232400, 84.639996, 181.762596, 66.196196
25236000, 81.330012, 178.386412, 62.952412
25239600, 76.290012, 173.245612, 58.013212
25243200, 77.550012, 174.530812, 59.248012
25246800, 78.040008, 175.030608, 59.728208
25250400, 80.409996, 177.447996, 62.050796
25254000, 65.940012, 162.688612, 47.870212
25257600, 94.200012, 191.513812, 75.565012
25261200, 76.439988, 173.398588, 58.160188
25264800, 64.029996, 160.740396, 45.998396
25268400, 56.710008, 153.274008, 38.824808
25272000, 51.680016, 148.143416, 33.895416
25275600, 42.950016, 139.238816, 25.340016
25279200, 41.199984, 137.453784, 23.624984
25282800, 46.149984, 142.502784, 28.475984
25286400, 57.070008, 153.641208, 39.177608
25290000, 69.999984, 166.829784, 51.848984
25293600, 93.890016, 191.197616, 75.261216
25297200, 96.689988, 194.053588, 78.005188
25300800, 84.350016, 181.466816, 65.912016
25304400, 75.800016, 172.745816, 57.533016
25308000, 78.810012, 175.816012, 60.482812
25311600, 73.329984, 170.226384, 55.112384
25315200, 47.329992, 143.706392, 29.632392
25318800, 43.110000, 139.402000, 25.496800
25322400, 42.900012, 139.187812, 25.291012
25326000, 38.639988, 134.842588, 21.116188
25329600, 39.610008, 135.832008, 22.066808
25333200, 41.519988, 137.780188, 23.938588
25336800, 38.649996, 134.852796, 21.125996
25340400, 44.719992, 141.044192, 27.074592
25344000, 42.930000, 139.218400, 25.320400
25347600, 30.769999, 126.815199, 13.403599
25351200, 6.369998, 101.927198, 0.000000
25354800, 0.080000, 95.511400, 0.000000
25358400, 0.000000, 95.429800, 0.000000
25362000, -0.980000, 94.430200, 0.000000
25365600, -2.010000, 93.379600, 0.000000
25369200, 0.000000, 95.429800, 0.000000
25372800, 2.750000, 98.234800, 0.000000
25376400, 35.250001, 131.384801, 17.794001
25380000, 41.259996, 137.514996, 23.683796
25383600, 46.490004, 142.849604, 28.809204
25387200, 35.529998, 131.670398, 18.068398
25390800, 22.500000, 118.379800, 5.299000
25394400, 13.150001, 108.842801, 0.000000
25398000, 2.090000, 97.561600, 0.000000
25401600, 0.350000, 95.786800, 0.000000
25405200, -0.030000, 95.399200, 0.000000
25408800, -0.080000, 95.348200, 0.000000
25412400, -0.040000, 95.389000, 0.000000
25416000, 0.090000, 95.521600, 0.000000
25419600, 5.910001, 101.458001, 0.000000
25423200, 44.880012, 141.207412, 27.231412
25426800, 96.170004, 193.523204, 77.495604
25430400, 120.309984, 218.145984, 101.152784
25434000, 103.899996, 201.407796, 85.070996
25437600, 89.629992, 186.852392, 71.086392
25441200, 82.569996, 179.651196, 64.167596
25444800, 75.819996, 172.766196, 57.552596
25448400, 81.600012, 178.661812, 63.217012
25452000, 81.439992, 178.498592, 63.060192
25455600, 83.090016, 180.181616, 64.677216
25459200, 91.490004, 188.749604, 72.909204
25462800, 106.189992, 203.743592, 87.315192
25466400, 148.799988, 247.205788, 129.072988
25470000, 170.799984, 269.645784, 150.632984
25473600, 119.490012, 217.309612, 100.349212
25477200, 91.779984, 189.045384, 73.193384
25480800, 97.729992, 195.114392, 79.024392
25484400, 92.970000, 190.259200, 74.359600
25488000, 82.440000, 179.518600, 64.040200
25491600, 78.720012, 175.724212, 60.394612
25495200, 76.200012, 173.153812, 57.925012
25498800, 78.999984, 176.009784, 60.668984
25502400, 76.700016, 173.663816, 58.415016
25506000, 77.990004, 174.979604, 59.679204
25509600, 85.690008, 182.833608, 67.225208
25513200, 123.599988, 221.501788, 104.376988
25516800, 141.580008, 239.841408, 121.997408
25520400, 113.060016, 210.751016, 94.047816
25524000, 98.840016, 196.246616, 80.112216
25527600, 88.819992, 186.026192, 70.292592
25531200, 77.799996, 174.785796, 59.492996
25534800, 70.880004, 167.727404, 52.711404
25538400, 64.749996, 161.474796, 46.703996
25542000, 66.960000, 163.729000, 48.869800
25545600, 74.549988, 171.470788, 56.307988
25549200, 88.760016, 185.965016, 70.233816
25552800, 126.900000, 224.867800, 107.611000
25556400, 158.460012, 257.059012, 138.539812
25560000, 112.550004, 210.230804, 93.548004
25563600, 99.640008, 197.062608, 80.896208
25567200, 95.739984, 193.084584, 77.074184
25570800, 88.350012, 185.546812, 69.832012
25574400, 80.849988, 177.896788, 62.481988
25578000, 83.080008, 180.171408, 64.667408
25581600, 81.600012, 178.661812, 63.217012
25585200, 82.490004, 179.569604, 64.089204
25588800, 72.560016, 169.441016, 54.357816
25592400, 75.960000, 172.909000, 57.689800
25596000, 93.890016, 191.197616, 75.261216
25599600, 120.700008, 218.543808, 101.535008
25603200, 151.499988, 249.959788, 131.718988
25606800, 120.690000, 218.533600, 101.525200
25610400, 92.779992, 190.065392, 74.173392
25614000, 89.020008, 186.230208, 70.488608
25617600, 79.629984, 176.652384, 61.286384
25621200, 74.229984, 171.144384, 55.994384
25624800, 72.659988, 169.542988, 54.455788
25628400, 80.769996, 177.815196, 62.403596
25632000, 79.170012, 176.183212, 60.835612
25635600, 100.559988, 198.000988, 81.797788
25639200, 146.679984, 245.043384, 126.995384
25642800, 164.000016, 262.709816, 143.969016
25646400, 113.519988, 211.220188, 94.498588
25650000, 98.229996, 195.624396, 79.514396
25653600, 101.180016, 198.633416, 82.405416
25657200, 93.160008, 190.453008, 74.545808
25660800, 83.329992, 180.426392, 64.912392
25664400, 78.140016, 175.132616, 59.826216
25668000, 75.840012, 172.786612, 57.572212
25671600, 71.730000, 168.594400, 53.544400
25675200, 72.600012, 169.481812, 54.397012
25678800, 77.749992, 174.734792, 59.443992
25682400, 83.620008, 180.722208, 65.196608
25686000, 106.719984, 204.284184, 87.834584
25689600, 140.969988, 239.219188, 121.399588
25693200, 105.999984, 203.549784, 87.128984
25696800, 95.389992, 192.727592, 76.731192
25700400, 86.429988, 183.588388, 67.950388
25704000, 77.130000, 174.102400, 58.836400
25707600, 71.949996, 168.818796, 53.759996
25711200, 71.079984, 167.931384, 52.907384
25714800, 81.219996, 178.274196, 62.844596
25718400, 79.200000, 176.213800, 60.865000
25722000, 91.689984, 188.953584, 73.105184
25725600, 107.319996, 204.896196, 88.422596
25729200, 116.449992, 214.208792, 97.369992
25732800, 90.600012, 187.841812, 72.037012
25736400, 92.900016, 190.187816, 74.291016
25740000, 96.050016, 193.400816, 77.378016
25743600, 81.039996, 178.090596, 62.668196
25747200, 68.929992, 165.738392, 50.800392
25750800, 59.659992, 156.282992, 41.715792
25754400, 71.660016, 168.523016, 53.475816
25758000, 62.840016, 159.526616, 44.832216
25761600, 52.999992, 149.489792, 35.188992
25765200, 63.900000, 160.607800, 45.871000
25768800, 74.289996, 171.205596, 56.053196
25772400, 86.519988, 183.680188, 68.038588
25776000, 105.170004, 202.703204, 86.315604
25779600, 99.039996, 196.450596, 80.308196
25783200, 87.320016, 184.496216, 68.822616
25786800, 79.999992, 177.029792, 61.648992
25790400, 71.510004, 168.370004, 53.328804
25794000, 64.959984, 161.688984, 46.909784
25797600, 64.789992, 161.515592, 46.743192
25801200, 67.770000, 164.555200, 49.663600
25804800, 75.179988, 172.113388, 56.925388
25808400, 99.830016, 197.256416, 81.082416
25812000, 137.999988, 236.189788, 118.488988
25815600, 137.599992, 235.781792, 118.096992
25819200, 111.920004, 209.588204, 92.930604
25822800, 98.650008, 196.052808, 79.926008
25826400, 94.079988, 191.391388, 75.447388
25830000, 101.270016, 198.725216, 82.493616
25833600, 88.020000, 185.210200, 69.508600
25837200, 78.969996, 175.979196, 60.639596
25840800, 74.170008, 171.083208, 55.935608
25844400, 72.780012, 169.665412, 54.573412
25848000, 67.730004, 164.514404, 49.624404
25851600, 69.429996, 166.248396, 51.290396
25855200, 76.979988, 173.949388, 58.689388
25858800, 85.640004, 182.782604, 67.176204
25862400, 100.000008, 197.429808, 81.249008
25866000, 104.119992, 201.632192, 85.286592
25869600, 75.189996, 172.123596, 56.935196
25873200, 60.459984, 157.098984, 42.499784
25876800, 56.750004, 153.314804, 38.864004
25880400, 57.849984, 154.436784, 39.941984
25884000, 61.310016, 157.966016, 43.332816
25887600, 72.249984, 169.124784, 54.053984
25891200, 76.140000, 173.092600, 57.866200
25894800, 94.870008, 192.197208, 76.221608
25898400, 117.360000, 215.137000, 98.261800
25902000, 107.529984, 205.110384, 88.628384
25905600, 90.309996, 187.545996, 71.752796
25909200, 91.490004, 188.749604, 72.909204
25912800, 92.469996, 189.749196, 73.869596
25916400, 78.019992, 175.010192, 59.708592
25920000, 91.019988, 188.270188, 72.448588
25923600, 102.989988, 200.479588, 84.179188
25927200, 83.900016, 181.007816, 65.471016
25930800, 82.230012, 179.304412, 63.834412
25934400, 80.430012, 177.468412, 62.070412
25938000, 67.950000, 164.738800, 49.840000
25941600, 68.820012, 165.626212, 50.692612
25945200, 79.040016, 176.050616, 60.708216
25948800, 86.439996, 183.598596, 67.960196
25952400, 87.770016, 184.955216, 69.263616
25956000, 83.869992, 180.977192, 65.441592
25959600, 66.150000, 162.902800, 48.076000
25963200, 54.720000, 151.244200, 36.874600
25966800, 42.500016, 138.779816, 24.899016
25970400, 39.989988, 136.219588, 22.439188
25974000, 39.999996, 136.229796, 22.448996
25977600, 62.759988, 159.444988, 44.753788
25981200, 94.470012, 191.789212, 75.829612
25984800, 113.479992, 211.179392, 94.459392
25988400, 124.850016, 222.776816, 105.602016
25992000, 141.779988, 240.045388, 122.193388
25995600, 129.319992, 227.336192, 109.982592
25999200, 116.489988, 214.249588, 97.409188
26002800, 110.999988, 208.649788, 92.028988
26006400, 107.600004, 205.181804, 88.697004
26010000, 92.189988, 189.463588, 73.595188
26013600, 85.250016, 182.384816, 66.794016
26017200, 80.619984, 177.662184, 62.256584
26020800, 75.800016, 172.745816, 57.533016
26024400, 78.860016, 175.867016, 60.531816
26028000, 89.690004, 186.913604, 71.145204
26031600, 97.499988, 194.879788, 78.798988
26035200, 98.989992, 196.399592, 80.259192
26038800, 106.710012, 204.274012, 87.824812
26042400, 94.989996, 192.319596, 76.339196
26046000, 91.640016, 188.902616, 73.056216
26049600, 91.410012, 188.668012, 72.830812
26053200, 88.499988, 185.699788, 69.978988
26056800, 93.859992, 191.166992, 75.231792
26060400, 104.839992, 202.366592, 85.992192
26064000, 113.739984, 211.444584, 94.714184
26067600, 101.139984, 198.592584, 82.366184
26071200, 125.430012, 223.368412, 106.170412
26074800, 149.590008, 248.011608, 129.847208
26078400, 138.290004, 236.485604, 118.773204
26082000, 119.769984, 217.595184, 100.623584
26085600, 113.839992, 211.546592, 94.812192
26089200, 107.520012, 205.100212, 88.618612
26092800, 99.789984, 197.215584, 81.043184
26096400, 95.069988, 192.401188, 76.417588
26100000, 93.210012, 190.504012, 74.594812
26103600, 90.370008, 187.607208, 71.811608
26107200, 88.490016, 185.689616, 69.969216
26110800, 89.979984, 187.209384, 71.429384
26114400, 102.279996, 199.755396, 83.483396
26118000, 115.130016, 212.862416, 96.076416
26121600, 122.799996, 220.685796, 103.592996
26125200, 139.860000, 238.087000, 120.311800
26128800, 125.269992, 223.205192, 106.013592
26132400, 117.510012, 215.290012, 98.408812
26136000, 109.519992, 207.140192, 90.578592
26139600, 103.079988, 200.571388, 84.267388
26143200, 110.869992, 208.517192, 91.901592
26146800, 124.220016, 222.134216, 104.984616
26150400, 144.519984, 242.840184, 124.878584
26154000, 126.249984, 224.204784, 106.973984
26157600, 178.260012, 277.255012, 157.943812
26161200, 205.040016, 304.570616, 184.188216
26164800, 170.769996, 269.615196, 150.603596
26168400, 120.700008, 218.543808, 101.535008
26172000, 116.660016, 214.423016, 97.575816
26175600, 110.679984, 208.323384, 91.715384
26179200, 95.850000, 193.196800, 77.182000
26182800, 93.700008, 191.003808, 75.075008
26186400, 91.410012, 188.668012, 72.830812
26190000, 89.219988, 186.434188, 70.684588
26193600, 87.459984, 184.638984, 68.959784
26197200, 88.560000, 185.761000, 70.037800
26200800, 95.590008, 192.931608, 76.927208
26204400, 112.240008, 209.914608, 93.244208
26208000, 113.479992, 211.179392, 94.459392
26211600, 127.370016, 225.347216, 108.071616
26215200, 116.370000, 214.127200, 97.291600
26218800, 104.310000, 201.826000, 85.472800
26222400, 100.190016, 197.623616, 81.435216
26226000, 95.420016, 192.758216, 76.760616
26229600, 98.930016, 196.338416, 80.200416
26233200, 101.540016, 199.000616, 82.758216
26236800, 113.259996, 210.954996, 94.243796
26240400, 142.290000, 240.565600, 122.693200
26244000, 152.049996, 250.520796, 132.257996
26247600, 168.450012, 267.248812, 148.330012
26251200, 149.420016, 247.838216, 129.680616
26254800, 116.979984, 214.749384, 97.889384
26258400, 110.959992, 208.608992, 91.989792
26262000, 107.920008, 205.508208, 89.010608
26265600, 106.409988, 203.967988, 87.530788
26269200, 99.640008, 197.062608, 80.896208
26272800, 93.589992, 190.891592, 74.967192
26276400, 91.749996, 189.014796, 73.163996
26280000, 89.809992, 187.035992, 71.262792
26283600, 91.959984, 189.228984, 73.369784
26287200, 96.620004, 193.982204, 77.936604
26290800, 113.619996, 211.322196, 94.596596
26294400, 124.940016, 222.868616, 105.690216
26298000, 130.600008, 228.641808, 111.237008
26301600, 118.649988, 216.452788, 99.525988
26305200, 102.250008, 199.724808, 83.454008
26308800, 95.770008, 193.115208, 77.103608
26312400, 88.909992, 186.117992, 70.380792
26316000, 91.239984, 188.494584, 72.664184
26319600, 96.900012, 194.267812, 78.211012
26323200, 107.880012, 205.467412, 88.971412
26326800, 121.299984, 219.155784, 102.122984
26330400, 129.489984, 227.509584, 110.149184
26334000, 134.359992, 232.476992, 114.921792
26337600, 125.060004, 222.991004, 105.807804
26341200, 110.000016, 207.629816, 91.049016
26344800, 106.999992, 204.569792, 88.108992
26348400, 116.520012, 214.280212, 97.438612
26352000, 107.960004, 205.549004, 89.049804
26355600, 94.280004, 191.595404, 75.643404
26359200, 87.590016, 184.771616, 69.087216
26362800, 79.809984, 176.835984, 61.462784
26366400, 72.630000, 169.512400, 54.426400
26370000, 67.870008, 164.657208, 49.761608
26373600, 71.650008, 168.512808, 53.466008
26377200, 79.329996, 176.346396, 60.992396
26380800, 86.040000, 183.190600, 67.568200
26384400, 85.320000, 182.456200, 66.862600
26388000, 87.199992, 184.373792, 68.704992
26391600, 79.470000, 176.489200, 61.129600
26395200, 64.760004, 161.485004, 46.713804
26398800, 60.440004, 157.078604, 42.480204
26402400, 65.630016, 162.372416, 47.566416
26406000, 83.520000, 180.620200, 65.098600
26409600, 98.610012, 196.012012, 79.886812
26413200, 116.719992, 214.484192, 97.634592
26416800, 122.799996, 220.685796, 103.592996
26420400, 127.410012, 225.388012, 108.110812
26424000, 119.120004, 216.932204, 99.986604
26427600, 114.360012, 212.077012, 95.321812
26431200, 105.549984, 203.090784, 86.687984
26434800, 100.910016, 198.358016, 82.140816
26438400, 96.140016, 193.492616, 77.466216
26442000, 96.030000, 193.380400, 77.358400
26445600, 91.450008, 188.708808, 72.870008
26449200, 88.790004, 185.995604, 70.263204
26452800, 86.000004, 183.149804, 67.529004
26456400, 86.850000, 184.016800, 68.362000
26460000, 89.870004, 187.097204, 71.321604
26463600, 96.099984, 193.451784, 77.426984
26467200, 100.109988, 197.541988, 81.356788
26470800, 101.160000, 198.613000, 82.385800
26474400, 97.239996, 194.614596, 78.544196
26478000, 84.999996, 182.129796, 66.548996
26481600, 88.800012, 186.005812, 70.273012
26485200, 85.489992, 182.629592, 67.029192
26488800, 86.649984, 183.812784, 68.165984
26492400, 84.200004, 181.313804, 65.765004
26496000, 95.410008, 192.748008, 76.750808
26499600, 105.109992, 202.641992, 86.256792
26503200, 126.010008, 223.960008, 106.738808
26506800, 128.090016, 226.081616, 108.777216
26510400, 122.420016, 220.298216, 103.220616
26514000, 116.370000, 214.127200, 97.291600
26517600, 110.090016, 207.721616, 91.137216
26521200, 106.279992, 203.835392, 87.403392
26524800, 100.609992, 198.051992, 81.846792
26528400, 101.189988, 198.643588, 82.415188
26532000, 95.519988, 192.860188, 76.858588
26535600, 88.250004, 185.444804, 69.734004
26539200, 85.070016, 182.201216, 66.617616
26542800, 84.930012, 182.058412, 66.480412
26546400, 85.489992, 182.629592, 67.029192
26550000, 93.219984, 190.514184, 74.604584
26553600, 95.659992, 193.002992, 76.995792
26557200, 86.100012, 183.251812, 67.627012
26560800, 81.839988, 178.906588, 63.452188
26564400, 66.480012, 163.239412, 48.399412
26568000, 57.970008, 154.559208, 40.059608
26571600, 52.629984, 149.112384, 34.826384
26575200, 56.409984, 152.967984, 38.530784
26578800, 73.100016, 169.991816, 54.887016
26582400, 88.430004, 185.628404, 69.910404
26586000, 107.820000, 205.406200, 88.912600
26589600, 121.520016, 219.380216, 102.338616
26593200, 124.369992, 222.287192, 105.131592
26596800, 119.260008, 217.075008, 100.123808
26600400, 110.919996, 208.568196, 91.950596
26604000, 102.350016, 199.826816, 83.552016
26607600, 100.800000, 198.245800, 82.033000
26611200, 94.910004, 192.238004, 76.260804
26614800, 92.040012, 189.310612, 73.448212
26618400, 89.960004, 187.189004, 71.409804
26622000, 90.069984, 187.301184, 71.517584
26625600, 88.599996, 185.801796, 70.076996
26629200, 89.669988, 186.893188, 71.125588
26632800, 96.729984, 194.094384, 78.044384
26636400, 120.520008, 218.360208, 101.358608
26640000, 130.219992, 228.254192, 110.864592
26643600, 129.999996, 228.029796, 110.648996
26647200, 119.999988, 217.829788, 100.848988
26650800, 99.820008, 197.246208, 81.072608
26654400, 91.410012, 188.668012, 72.830812
26658000, 90.000000, 187.229800, 71.449000
26661600, 90.529992, 187.770392, 71.968392
26665200, 97.670016, 195.053216, 78.965616
26668800, 125.210016, 223.144016, 105.954816
26672400, 144.439992, 242.758592, 124.800192
26676000, 196.040016, 295.390616, 175.368216
26679600, 192.459996, 291.738996, 171.859796
26683200, 155.610000, 254.152000, 135.746800
26686800, 123.000012, 220.889812, 103.789012
26690400, 113.969988, 211.679188, 94.939588
26694000, 109.969992, 207.599192, 91.019592
26697600, 100.950012, 198.398812, 82.180012
26701200, 101.220012, 198.674212, 82.444612
26704800, 93.999996, 191.309796, 75.368996
26708400, 90.680004, 187.923404, 72.115404
26712000, 90.360000, 187.597000, 71.801800
26715600, 92.790000, 190.075600, 74.183200
26719200, 98.259984, 195.654984, 79.543784
26722800, 110.769984, 208.415184, 91.803584
26726400, 131.050008, 229.100808, 111.678008
26730000, 134.870004, 232.997204, 115.421604
26733600, 118.230012, 216.024412, 99.114412
26737200, 105.869988, 203.417188, 87.001588
26740800, 95.280012, 192.615412, 76.623412
26744400, 94.920012, 192.248212, 76.270612
26748000, 99.249984, 196.664784, 80.513984
26751600, 109.000008, 206.609808, 90.069008
26755200, 129.269988, 227.285188, 109.933588
26758800, 203.079996, 302.571396, 182.267396
26762400, 325.000008, 426.929808, 301.749008
26766000, 302.450004, 403.928804, 279.650004
26769600, 247.790016, 348.175616, 226.083216
26773200, 161.510004, 260.170004, 141.528804
26776800, 126.960012, 224.929012, 107.669812
26780400, 117.770004, 215.555204, 98.663604
26784000, 110.030004, 207.660404, 91.078404
26787600, 103.550004, 201.050804, 84.728004
26791200, 99.050004, 196.460804, 80.318004
26794800, 95.349996, 192.686796, 76.691996
26798400, 94.970016, 192.299216, 76.319616
26802000, 97.599996, 194.981796, 78.896996
26805600, 101.340000, 198.796600, 82.562200
26809200, 124.040016, 221.950616, 104.808216
26812800, 174.250008, 273.164808, 154.014008
26816400, 162.810000, 261.496000, 142.802800
26820000, 132.050016, 230.120816, 112.658016
26823600, 124.179984, 222.093384, 104.945384
26827200, 121.380012, 219.237412, 102.201412
26830800, 120.330000, 218.166400, 101.172400
26834400, 123.099984, 220.991784, 103.886984
26838000, 126.879984, 224.847384, 107.591384
26841600, 155.880000, 254.427400, 136.011400
26845200, 220.219992, 320.054192, 199.064592
26848800, 345.999996, 448.349796, 322.328996
26852400, 363.110040, 465.802041, 339.096839
26856000, 252.519984, 353.000184, 230.718584
26859600, 156.399984, 254.957784, 136.520984
26863200, 126.439992, 224.398592, 107.160192
26866800, 116.240004, 213.994604, 97.164204
26870400, 110.229984, 207.864384, 91.274384
26874000, 107.300016, 204.875816, 88.403016
26877600, 100.730016, 198.174416, 81.964416
26881200, 98.169984, 195.563184, 79.455584
26884800, 96.609996, 193.971996, 77.926796
26888400, 97.390008, 194.767608, 78.691208
26892000, 100.230012, 197.664412, 81.474412
26895600, 110.589984, 208.231584, 91.627184
26899200, 149.320008, 247.736208, 129.582608
26902800, 145.890000, 244.237600, 126.221200
26906400, 136.699992, 234.863792, 117.214992
26910000, 121.929984, 219.798384, 102.740384
26913600, 116.370000, 214.127200, 97.291600
26917200, 114.770016, 212.495216, 95.723616
26920800, 122.910012, 220.798012, 103.700812
26924400, 114.069996, 211.781196, 95.037596
26928000, 139.200012, 237.413812, 119.665012
26931600, 174.780000, 273.705400, 154.533400
26935200, 233.409996, 333.507996, 211.990796
26938800, 207.600012, 307.181812, 186.697012
26942400, 156.459996, 255.018996, 136.579796
26946000, 130.259988, 228.294988, 110.903788
26949600, 114.109992, 211.821992, 95.076792
26953200, 111.859992, 209.526992, 92.871792
26956800, 100.080000, 197.511400, 81.327400
26960400, 99.579996, 197.001396, 80.837396
26964000, 98.979984, 196.389384, 80.249384
26967600, 96.300000, 193.655800, 77.623000
26971200, 95.190012, 192.523612, 76.535212
26974800, 95.630004, 192.972404, 76.966404
26978400, 97.790004, 195.175604, 79.083204
26982000, 107.110008, 204.682008, 88.216808
26985600, 126.270000, 224.225200, 106.993600
26989200, 131.339988, 229.396588, 111.962188
26992800, 125.939988, 223.888588, 106.670188
26996400, 117.339984, 215.116584, 98.242184
27000000, 110.940012, 208.588612, 91.970212
27003600, 105.590016, 203.131616, 86.727216
27007200, 106.809984, 204.375984, 87.922784
27010800, 112.529988, 210.210388, 93.528388
27014400, 123.630012, 221.532412, 104.406412
27018000, 129.060000, 227.071000, 109.727800
27021600, 129.309984, 227.325984, 109.972784
27025200, 133.220016, 231.314216, 113.804616
27028800, 127.500012, 225.479812, 108.199012
27032400, 116.049996, 213.800796, 96.977996
27036000, 109.760004, 207.385004, 90.813804
27039600, 113.000004, 210.689804, 93.989004
27043200, 104.060016, 201.571016, 85.227816
27046800, 105.099984, 202.631784, 86.246984
27050400, 99.960012, 197.389012, 81.209812
27054000, 97.999992, 195.389792, 79.288992
27057600, 96.680016, 194.043416, 77.995416
27061200, 98.409996, 195.807996, 79.690796
27064800, 100.550016, 197.990816, 81.788016
27068400, 104.310000, 201.826000, 85.472800
27072000, 109.869984, 207.497184, 90.921584
27075600, 114.099984, 211.811784, 95.066984
27079200, 114.599988, 212.321788, 95.556988
27082800, 109.969992, 207.599192, 91.019592
27086400, 106.400016, 203.957816, 87.521016
27090000, 106.880004, 204.447404, 87.991404
27093600, 108.000000, 205.589800, 89.089000
27097200, 110.180016, 207.813416, 91.225416
27100800, 118.910016, 216.718016, 99.780816
27104400, 130.740012, 228.784612, 111.374212
27108000, 137.289996, 235.465596, 117.793196
27111600, 139.529988, 237.750388, 119.988388
27115200, 137.019996, 235.190196, 117.528596
27118800, 128.319984, 226.316184, 109.002584
27122400, 117.960012, 215.749012, 98.849812
27126000, 114.530004, 212.250404, 95.488404
27129600, 110.099988, 207.731788, 91.146988
27133200, 104.990004, 202.519604, 86.139204
27136800, 102.279996, 199.755396, 83.483396
27140400, 100.810008, 198.256008, 82.042808
27144000, 98.550000, 195.950800, 79.828000
27147600, 97.859988, 195.246988, 79.151788
27151200, 98.409996, 195.807996, 79.690796
27154800, 98.870004, 196.277204, 80.141604
27158400, 102.449988, 199.928788, 83.649988
27162000, 103.299984, 200.795784, 84.482984
27165600, 110.850012, 208.496812, 91.882012
27169200, 111.809988, 209.475988, 92.822788
27172800, 110.130012, 207.762412, 91.176412
27176400, 110.919996, 208.568196, 91.950596
27180000, 107.960004, 205.549004, 89.049804
27183600, 109.820016, 207.446216, 90.872616
27187200, 109.100016, 206.711816, 90.167016
27190800, 113.199984, 210.893784, 94.184984
27194400, 130.129992, 228.162392, 110.776392
27198000, 135.759996, 233.904996, 116.293796
27201600, 132.590016, 230.671616, 113.187216
27205200, 125.309988, 223.245988, 106.052788
27208800, 115.279992, 213.015392, 96.223392
27212400, 111.099996, 208.751796, 92.126996
27216000, 108.020016, 205.610216, 89.108616
27219600, 109.479996, 207.099396, 90.539396
27223200, 103.150008, 200.642808, 84.336008
27226800, 99.839988, 197.266588, 81.092188
27230400, 94.560012, 191.881012, 75.917812
27234000, 93.039984, 190.330584, 74.428184
27237600, 92.250000, 189.524800, 73.654000
27241200, 101.300004, 198.755804, 82.523004
27244800, 111.800016, 209.465816, 92.813016
27248400, 118.689984, 216.493584, 99.565184
27252000, 123.570000, 221.471200, 104.347600
27255600, 116.499996, 214.259796, 97.418996
27259200, 102.750012, 200.234812, 83.944012
27262800, 108.969984, 206.579184, 90.039584
27266400, 113.709996, 211.413996, 94.684796
27270000, 115.200000, 212.933800, 96.145000
27273600, 120.470004, 218.309204, 101.309604
27277200, 107.510004, 205.090004, 88.608804
27280800, 123.620004, 221.522204, 104.396604
27284400, 135.299988, 233.435788, 115.842988
27288000, 125.600004, 223.541804, 106.337004
27291600, 118.749996, 216.554796, 99.623996
27295200, 108.600012, 206.201812, 89.677012
27298800, 105.339996, 202.876596, 86.482196
27302400, 103.690008, 201.193608, 84.865208
27306000, 107.700012, 205.283812, 88.795012
27309600, 101.760012, 199.225012, 82.973812
27313200, 96.090012, 193.441612, 77.417212
27316800, 87.959988, 185.148988, 69.449788
27320400, 85.219992, 182.354192, 66.764592
27324000, 99.810000, 197.236000, 81.062800
27327600, 104.349996, 201.866796, 85.511996
27331200, 111.380004, 209.037404, 92.401404
27334800, 146.340000, 244.696600, 126.662200
27338400, 128.390004, 226.387604, 109.071204
27342000, 126.370008, 224.327208, 107.091608
27345600, 111.840012, 209.506612, 92.852212
27349200, 115.999992, 213.749792, 96.928992
27352800, 122.649984, 220.532784, 103.445984
27356400, 126.510012, 224.470012, 107.228812
27360000, 147.610008, 245.992008, 127.906808
27363600, 171.929988, 270.798388, 151.740388
27367200, 198.529992, 297.930392, 177.808392
27370800, 179.120016, 278.132216, 158.786616
27374400, 153.600012, 252.101812, 133.777012
27378000, 136.749996, 234.914796, 117.263996
27381600, 124.819992, 222.746192, 105.572592
27385200, 123.819984, 221.726184, 104.592584
27388800, 115.179984, 212.913384, 96.125384
27392400, 112.809996, 210.495996, 93.802796
27396000, 108.600012, 206.201812, 89.677012
27399600, 105.639984, 203.182584, 86.776184
27403200, 104.389992, 201.907592, 85.551192
27406800, 105.890004, 203.437604, 87.021204
27410400, 112.590000, 210.271600, 93.587200
27414000, 118.699992, 216.503792, 99.574992
27417600, 146.840004, 245.206604, 127.152204
27421200, 175.140000, 274.072600, 154.886200
27424800, 174.939984, 273.868584, 154.690184
27428400, 157.410000, 255.988000, 137.510800
27432000, 145.670004, 244.013204, 126.005604
27435600, 152.579988, 251.061388, 132.777388
27439200, 148.489992, 246.889592, 128.769192
27442800, 149.540004, 247.960604, 129.798204
27446400, 146.869992, 245.237192, 127.181592
27450000, 144.479988, 242.799388, 124.839388
27453600, 168.199992, 266.993792, 148.084992
27457200, 175.520016, 274.460216, 155.258616
27460800, 161.460000, 260.119000, 141.479800
27464400, 129.769992, 227.795192, 110.423592
27468000, 117.529992, 215.310392, 98.428392
27471600, 114.850008, 212.576808, 95.802008
27475200, 107.160012, 204.733012, 88.265812
27478800, 102.330000, 199.806400, 83.532400
27482400, 100.289988, 197.725588, 81.533188
27486000, 96.379992, 193.737392, 77.701392
27489600, 92.580012, 189.861412, 73.977412
27493200, 92.049984, 189.320784, 73.457984
27496800, 93.999996, 191.309796, 75.368996
27500400, 107.390016, 204.967616, 88.491216
27504000, 117.759996, 215.544996, 98.653796
27507600, 130.240008, 228.274608, 110.884208
27511200, 127.299996, 225.275796, 108.002996
27514800, 127.900008, 225.887808, 108.591008
27518400, 127.680012, 225.663412, 108.375412
27522000, 125.600004, 223.541804, 106.337004
27525600, 128.390004, 226.387604, 109.071204
27529200, 134.589996, 232.711596, 115.147196
27532800, 143.809992, 242.115992, 124.182792
27536400, 146.790000, 245.155600, 127.103200
27540000, 157.749984, 256.334784, 137.843984
27543600, 156.359988, 254.916988, 136.481788
27547200, 149.940000, 248.368600, 130.190200
27550800, 139.340016, 237.556616, 119.802216
27554400, 129.620016, 227.642216, 110.276616
27558000, 123.120000, 221.012200, 103.906600
27561600, 112.690008, 210.373608, 93.685208
27565200, 110.990016, 208.639616, 92.019216
27568800, 106.999992, 204.569792, 88.108992
27572400, 107.210016, 204.784016, 88.314816
27576000, 103.820004, 201.326204, 84.992604
27579600, 104.600016, 202.121816, 85.757016
27583200, 109.050012, 206.660812, 90.118012
27586800, 130.209984, 228.243984, 110.854784
27590400, 146.099988, 244.451788, 126.426988
27594000, 159.159996, 257.772996, 139.225796
27597600, 147.160008, 245.533008, 127.465808
27601200, 134.110008, 232.222008, 114.676808
27604800, 129.269988, 227.285188, 109.933588
27608400, 120.930012, 218.778412, 101.760412
27612000, 120.350016, 218.186816, 101.192016
27615600, 124.380000, 222.297400, 105.141400
27619200, 127.850004, 225.836804, 108.542004
27622800, 130.140000, 228.172600, 110.786200
27626400, 137.810016, 235.996016, 118.302816
27630000, 136.659996, 234.822996, 117.175796
27633600, 131.969988, 230.039188, 112.579588
27637200, 119.520000, 217.340200, 100.378600
27640800, 117.749988, 215.534788, 98.643988
27644400, 125.600004, 223.541804, 106.337004
27648000, 118.640016, 216.442616, 99.516216
27651600, 103.340016, 200.836616, 84.522216
27655200, 98.219988, 195.614188, 79.504588
27658800, 94.610016, 191.932016, 75.966816
27662400, 92.279988, 189.555388, 73.683388
27666000, 90.709992, 187.953992, 72.144792
27669600, 90.579996, 187.821396, 72.017396
27673200, 93.989988, 191.299588, 75.359188
27676800, 104.090004, 201.601604, 85.257204
27680400, 112.700016, 210.383816, 93.695016
27684000, 115.539984, 213.280584, 96.478184
27687600, 112.119984, 209.792184, 93.126584
27691200, 105.379992, 202.917392, 86.521392
27694800, 102.999996, 200.489796, 84.188996
27698400, 99.569988, 196.991188, 80.827588
27702000, 100.000008, 197.429808, 81.249008
27705600, 105.050016, 202.580816, 86.198016
27709200, 115.279992, 213.015392, 96.223392
27712800, 126.799992, 224.765792, 107.512992
27716400, 135.470016, 233.609216, 116.009616
27720000, 136.900008, 235.067808, 117.411008
27723600, 117.000000, 214.769800, 97.909000
27727200, 103.029984, 200.520384, 84.218384
27730800, 102.229992, 199.704392, 83.434392
27734400, 95.029992, 192.360392, 76.378392
27738000, 89.229996, 186.444396, 70.694396
27741600, 81.579996, 178.641396, 63.197396
27745200, 76.629996, 173.592396, 58.346396
27748800, 63.990000, 160.699600, 45.959200
27752400, 49.029984, 145.440384, 31.298384
27756000, 43.639992, 139.942592, 26.016192
27759600, 50.299992, 146.735792, 32.542992
27763200, 66.669984, 163.433184, 48.585584
27766800, 79.589988, 176.611588, 61.247188
27770400, 88.880004, 186.087404, 70.351404
27774000, 89.849988, 187.076788, 71.301988
27777600, 101.400012, 198.857812, 82.621012
27781200, 110.300004, 207.935804, 91.343004
27784800, 107.849988, 205.436788, 88.941988
27788400, 73.260000, 170.155000, 55.043800
27792000, 103.330008, 200.826408, 84.512408
27795600, 95.839992, 193.186592, 77.172192
27799200, 118.590012, 216.391612, 99.467212
27802800, 159.980004, 258.609404, 140.029404
27806400, 162.500004, 261.179804, 142.499004
27810000, 122.460012, 220.339012, 103.259812
27813600, 118.080000, 215.871400, 98.967400
27817200, 116.529984, 214.290384, 97.448384
27820800, 98.730000, 196.134400, 80.004400
27824400, 102.300012, 199.775812, 83.503012
27828000, 91.699992, 188.963792, 73.114992
27831600, 81.939996, 179.008596, 63.550196
27835200, 67.820004, 164.606204, 49.712604
27838800, 71.229996, 168.084396, 53.054396
27842400, 84.870000, 181.997200, 66.421600
27846000, 100.670004, 198.113204, 81.905604
27849600, 124.300008, 222.215808, 105.063008
27853200, 124.260012, 222.175012, 105.023812
27856800, 121.449996, 219.308796, 102.269996
27860400, 117.690012, 215.473612, 98.585212
27864000, 111.250008, 208.904808, 92.274008
27867600, 105.050016, 202.580816, 86.198016
27871200, 109.400004, 207.017804, 90.461004
27874800, 114.570000, 212.291200, 95.527600
27878400, 125.570016, 223.511216, 106.307616
27882000, 138.840012, 237.046612, 119.312212
27885600, 155.570004, 254.111204, 135.707604
27889200, 164.980008, 263.709408, 144.929408
27892800, 155.599992, 254.141792, 135.736992
27896400, 128.810016, 226.816016, 109.482816
27900000, 118.059984, 215.850984, 98.947784
27903600, 117.159984, 214.932984, 98.065784
27907200, 108.399996, 205.997796, 89.480996
27910800, 99.569988, 196.991188, 80.827588
27914400, 93.420000, 190.718200, 74.800600
27918000, 79.850016, 176.876816, 61.502016
27921600, 69.580008, 166.401408, 51.437408
27925200, 68.839992, 165.646592, 50.712192
27928800, 55.630008, 152.172408, 37.766408
27932400, 92.160000, 189.433000, 73.565800
27936000, 114.350004, 212.066804, 95.312004
27939600, 121.619988, 219.482188, 102.436588
27943200, 129.499992, 227.519792, 110.158992
27946800, 139.629996, 237.852396, 120.086396
27950400, 138.560004, 236.761004, 119.037804
27954000, 136.050012, 234.200812, 116.578012
27957600, 131.649984, 229.712784, 112.265984
27961200, 127.990008, 225.979608, 108.679208
27964800, 123.599988, 221.501788, 104.376988
27968400, 126.979992, 224.949392, 107.689392
27972000, 136.659996, 234.822996, 117.175796
27975600, 135.240012, 233.374612, 115.784212
27979200, 126.720000, 224.684200, 107.434600
27982800, 117.190008, 214.963608, 98.095208
27986400, 108.169992, 205.763192, 89.255592
27990000, 105.770016, 203.315216, 86.903616
27993600, 90.129996, 187.362396, 71.576396
27997200, 101.199996, 198.653796, 82.424996
28000800, 91.609992, 188.871992, 73.026792
28004400, 86.810004, 183.976004, 68.322804
28008000, 81.600012, 178.661812, 63.217012
28011600, 80.319996, 177.356196, 61.962596
28015200, 90.789984, 188.035584, 72.223184
28018800, 106.099992, 203.651792, 87.226992
28022400, 127.249992, 225.224792, 107.953992
28026000, 142.869996, 241.157196, 123.261596
28029600, 139.899996, 238.127796, 120.350996
28033200, 118.019988, 215.810188, 98.908588
28036800, 108.000000, 205.589800, 89.089000
28040400, 97.750008, 195.134808, 79.044008
28044000, 97.850016, 195.236816, 79.142016
28047600, 106.400016, 203.957816, 87.521016
28051200, 126.420012, 224.378212, 107.140612
28054800, 133.650000, 231.752800, 114.226000
28058400, 142.149996, 240.422796, 122.555996
28062000, 142.800012, 241.085812, 123.193012
28065600, 140.969988, 239.219188, 121.399588
28069200, 135.979992, 234.129392, 116.509392
28072800, 125.269992, 223.205192, 106.013592
28076400, 117.500004, 215.279804, 98.399004
28080000, 103.500000, 200.999800, 84.679000
28083600, 93.960000, 191.269000, 75.329800
28087200, 90.399996, 187.637796, 71.840996
28090800, 86.799996, 183.965796, 68.312996
28094400, 84.150000, 181.262800, 65.716000
28098000, 84.229992, 181.344392, 65.794392
28101600, 93.510000, 190.810000, 74.888800
28105200, 109.400004, 207.017804, 90.461004
28108800, 123.360012, 221.257012, 104.141812
28112400, 133.850016, 231.956816, 114.422016
28116000, 135.039996, 233.170596, 115.588196
28119600, 127.440000, 225.418600, 108.140200
28123200, 115.549992, 213.290792, 96.487992
28126800, 113.699988, 211.403788, 94.674988
28130400, 121.290012, 219.145612, 102.113212
28134000, 134.399988, 232.517788, 114.960988
28137600, 144.789984, 243.115584, 125.143184
28141200, 161.229996, 259.884396, 141.254396
28144800, 169.899984, 268.727784, 149.750984
28148400, 155.900016, 254.447816, 136.031016
28152000, 148.929984, 247.338384, 129.200384
28155600, 129.080016, 227.091416, 109.747416
28159200, 121.560012, 219.421012, 102.377812
28162800, 119.999988, 217.829788, 100.848988
28166400, 106.359984, 203.916984, 87.481784
28170000, 113.299992, 210.995792, 94.282992
28173600, 102.710016, 200.194016, 83.904816
28177200, 95.000004, 192.329804, 76.349004
28180800, 88.750008, 185.954808, 70.224008
28184400, 85.849992, 182.996792, 67.381992
28188000, 91.239984, 188.494584, 72.664184
28191600, 113.580000, 211.281400, 94.557400
28195200, 134.600004, 232.721804, 115.157004
28198800, 144.039996, 242.350596, 124.408196
28202400, 140.609988, 238.851988, 121.046788
28206000, 130.830012, 228.876412, 111.462412
28209600, 116.809992, 214.575992, 97.722792
28213200, 106.449984, 204.008784, 87.569984
28216800, 95.550012, 192.890812, 76.888012
28220400, 96.680016, 194.043416, 77.995416
28224000, 109.869984, 207.497184, 90.921584
28227600, 115.070004, 212.801204, 96.017604
28231200, 130.659984, 228.702984, 111.295784
28234800, 135.510012, 233.650012, 116.048812
28238400, 132.559992, 230.640992, 113.157792
28242000, 122.860008, 220.747008, 103.651808
28245600, 107.030016, 204.600416, 88.138416
28249200, 112.389984, 210.067584, 93.391184
28252800, 125.700012, 223.643812, 106.435012
28256400, 139.039992, 237.250592, 119.508192
28260000, 97.200000, 194.573800, 78.505000
28263600, 91.080000, 188.331400, 72.507400
28267200, 84.430008, 181.548408, 65.990408
28270800, 79.679988, 176.703388, 61.335388
28274400, 85.089996, 182.221596, 66.637196
28278000, 84.660012, 181.783012, 66.215812
28281600, 91.440000, 188.698600, 72.860200
28285200, 98.510004, 195.910004, 79.788804
28288800, 85.619988, 182.762188, 67.156588
28292400, 79.080012, 176.091412, 60.747412
28296000, 69.540012, 166.360612, 51.398212
28299600, 70.340004, 167.176604, 52.182204
28303200, 68.850000, 165.656800, 50.722000
28306800, 74.869992, 171.797192, 56.621592
28310400, 90.320004, 187.556204, 71.762604
28314000, 83.959992, 181.068992, 65.529792
28317600, 95.559984, 192.900984, 76.897784
28321200, 91.280016, 188.535416, 72.703416
28324800, 78.189984, 175.183584, 59.875184
28328400, 66.890016, 163.657616, 48.801216
28332000, 54.420012, 150.938212, 36.580612
28335600, 45.140004, 141.472604, 27.486204
28339200, 22.200001, 118.073801, 5.005001
28342800, 7.850002, 103.436802, 0.000000
28346400, 3.830000, 99.336400, 0.000000
28350000, 1.820000, 97.286200, 0.000000
28353600, 0.500000, 95.939800, 0.000000
28357200, -0.040000, 95.389000, 0.000000
28360800, 0.300000, 95.735800, 0.000000
28364400, -0.220000, 95.205400, 0.000000
28368000, 2.020000, 97.490200, 0.000000
28371600, 3.320000, 98.816200, 0.000000
28375200, 5.240002, 100.774602, 0.000000
28378800, 3.960000, 99.469000, 0.000000
28382400, 3.320000, 98.816200, 0.000000
28386000, 4.430002, 99.948402, 0.000000
28389600, 3.320000, 98.816200, 0.000000
28393200, 7.300001, 102.875801, 0.000000
28396800, 11.670001, 107.333201, 0.000000
28400400, 28.810001, 124.816001, 11.482801
28404000, 39.930012, 136.158412, 22.380412
28407600, 37.249992, 133.424792, 19.753992
28411200, 38.469996, 134.669196, 20.949596
28414800, 28.370002, 124.367202, 11.051602
28418400, 16.670002, 112.433202, 0.000000
28422000, 12.970001, 108.659201, 0.000000
28425600, 7.340000, 102.916600, 0.000000
28429200, 4.610002, 100.132002, 0.000000
28432800, 3.960000, 99.469000, 0.000000
28436400, 2.690000, 98.173600, 0.000000
28440000, 1.900000, 97.367800, 0.000000
28443600, 2.910000, 98.398000, 0.000000
28447200, 3.500000, 98.999800, 0.000000
28450800, 8.349998, 103.946798, 0.000000
28454400, 61.120008, 157.772208, 43.146608
28458000, 87.760008, 184.945008, 69.253808
28461600, 89.240004, 186.454604, 70.704204
28465200, 90.110016, 187.342016, 71.556816
28468800, 91.469988, 188.729188, 72.889588
28472400, 95.000004, 192.329804, 76.349004
28476000, 81.339984, 178.396584, 62.962184
28479600, 86.919984, 184.088184, 68.430584
28483200, 104.500008, 202.019808, 85.659008
28486800, 110.520000, 208.160200, 91.558600
28490400, 132.140016, 230.212616, 112.746216
28494000, 133.580016, 231.681416, 114.157416
28497600, 120.359988, 218.196988, 101.201788
28501200, 98.600004, 196.001804, 79.877004
28504800, 85.420008, 182.558208, 66.960608
28508400, 89.709984, 186.933984, 71.164784
28512000, 72.219996, 169.094196, 54.024596
28515600, 90.669996, 187.913196, 72.105596
28519200, 79.999992, 177.029792, 61.648992
28522800, 79.480008, 176.499408, 61.139408
28526400, 71.700012, 168.563812, 53.515012
28530000, 73.410012, 170.308012, 55.190812
28533600, 82.760004, 179.845004, 64.353804
28537200, 102.030012, 199.500412, 83.238412
28540800, 143.110008, 241.402008, 123.496808
28544400, 137.840004, 236.026604, 118.332204
28548000, 127.260000, 225.235000, 107.963800
28551600, 113.649984, 211.352784, 94.625984
28555200, 104.379984, 201.897384, 85.541384
28558800, 94.200012, 191.513812, 75.565012
28562400, 102.700008, 200.183808, 83.895008
28566000, 117.000000, 214.769800, 97.909000
28569600, 121.830012, 219.696412, 102.642412
28573200, 140.000004, 238.229804, 120.449004
28576800, 151.419996, 249.878196, 131.640596
28580400, 161.200008, 259.853808, 141.225008
28584000, 153.680004, 252.183404, 133.855404
28587600, 128.099988, 226.091788, 108.786988
28591200, 119.289996, 217.105596, 100.153196
28594800, 122.979996, 220.869396, 103.769396
28598400, 113.879988, 211.587388, 94.851388
28602000, 102.899988, 200.387788, 84.090988
28605600, 101.030004, 198.480404, 82.258404
28609200, 101.970000, 199.439200, 83.179600
28612800, 97.340004, 194.716604, 78.642204
28616400, 90.550008, 187.790808, 71.988008
28620000, 102.899988, 200.387788, 84.090988
28623600, 103.050000, 200.540800, 84.238000
28627200, 122.829984, 220.716384, 103.622384
28630800, 135.550008, 233.690808, 116.088008
28634400, 111.290004, 208.945604, 92.313204
28638000, 108.399996, 205.997796, 89.480996
28641600, 102.899988, 200.387788, 84.090988
28645200, 99.900000, 197.327800, 81.151000
28648800, 102.899988, 200.387788, 84.090988
28652400, 92.419992, 189.698192, 73.820592
28656000, 97.049988, 194.420788, 78.357988
28659600, 106.470000, 204.029200, 87.589600
28663200, 114.980004, 212.709404, 95.929404
28666800, 122.820012, 220.706212, 103.612612
28670400, 123.329988, 221.226388, 104.112388
28674000, 94.070016, 191.381216, 75.437616
28677600, 84.189996, 181.303596, 65.755196
28681200, 88.099992, 185.291792, 69.586992
28684800, 91.220004, 188.474204, 72.644604
28688400, 66.390012, 163.147612, 48.311212
28692000, 90.219996, 187.454196, 71.664596
28695600, 92.379996, 189.657396, 73.781396
28699200, 39.319992, 135.536192, 21.782592
28702800, 89.240004, 186.454604, 70.704204
28706400, 71.700012, 168.563812, 53.515012
28710000, 112.089996, 209.761596, 93.097196
28713600, 144.209988, 242.523988, 124.574788
28717200, 143.690004, 241.993604, 124.065204
28720800, 140.360004, 238.597004, 120.801804
28724400, 137.499984, 235.679784, 117.998984
28728000, 110.559996, 208.200996, 91.597796
28731600, 102.219984, 199.694184, 83.424584
28735200, 100.649988, 198.092788, 81.885988
28738800, 107.830008, 205.416408, 88.922408
28742400, 117.720000, 215.504200, 98.614600
28746000, 135.169992, 233.303192, 115.715592
28749600, 150.360012, 248.797012, 130.601812
28753200, 158.230008, 256.824408, 138.314408
28756800, 154.069992, 252.581192, 134.237592
28760400, 138.899988, 237.107788, 119.370988
28764000, 128.340000, 226.336600, 109.022200
28767600, 122.159988, 220.032988, 102.965788
28771200, 112.600008, 210.281808, 93.597008
28774800, 110.300004, 207.935804, 91.343004
28778400, 107.010000, 204.580000, 88.118800
28782000, 103.470012, 200.969212, 84.649612
28785600, 100.550016, 197.990816, 81.788016
28789200, 101.109996, 198.561996, 82.336796
28792800, 109.199988, 206.813788, 90.264988
28796400, 122.910012, 220.798012, 103.700812
28800000, 142.740000, 241.024600, 123.134200
28803600, 157.309992, 255.885992, 137.412792
28807200, 145.350000, 243.686800, 125.692000
28810800, 129.120012, 227.132212, 109.786612
28814400, 116.880012, 214.647412, 97.791412
28818000, 109.800000, 207.425800, 90.853000
28821600, 104.680008, 202.203408, 85.835408
28825200, 108.100008, 205.691808, 89.187008
28828800, 117.780012, 215.565412, 98.673412
28832400, 130.370004, 228.407204, 111.011604
28836000, 140.770008, 239.015208, 121.203608
28839600, 142.279992, 240.555392, 122.683392
28843200, 132.090012, 230.161612, 112.697212
28846800, 120.639996, 218.482596, 101.476196
28850400, 113.919984, 211.628184, 94.890584
28854000, 114.009984, 211.719984, 94.978784
28857600, 103.539996, 201.040596, 84.718196
28861200, 99.730008, 197.154408, 80.984408
28864800, 92.930004, 190.218404, 74.320404
28868400, 90.259992, 187.494992, 71.703792
28872000, 87.450012, 184.628812, 68.950012
28875600, 88.790004, 185.995604, 70.263204
28879200, 90.720000, 187.964200, 72.154600
28882800, 89.259984, 186.474984, 70.723784
28886400, 103.529988, 201.030388, 84.708388
28890000, 112.889988, 210.577588, 93.881188
28893600, 107.619984, 205.202184, 88.716584
28897200, 97.179984, 194.553384, 78.485384
28900800, 86.580000, 183.741400, 68.097400
28904400, 88.110000, 185.302000, 69.596800
28908000, 90.680004, 187.923404, 72.115404
28911600, 100.000008, 197.429808, 81.249008
28915200, 116.920008, 214.688208, 97.830608
28918800, 126.029988, 223.980388, 106.758388
28922400, 137.030004, 235.200404, 117.538404
28926000, 136.479996, 234.639396, 116.999396
28929600, 131.960016, 230.029016, 112.569816
28933200, 124.509996, 222.429996, 105.268796
28936800, 115.080012, 212.811412, 96.027412
28940400, 114.779988, 212.505388, 95.733388
28944000, 106.670016, 204.233216, 87.785616
28947600, 99.659988, 197.082988, 80.915788
28951200, 90.010008, 187.240008, 71.458808
28954800, 88.139988, 185.332588, 69.626188
28958400, 85.700016, 182.843816, 67.235016
28962000, 83.859984, 180.966984, 65.431784
28965600, 82.599984, 179.681784, 64.196984
28969200, 82.299996, 179.375796, 63.902996
28972800, 89.150004, 186.362804, 70.616004
28976400, 98.830008, 196.236408, 80.102408
28980000, 94.600008, 191.921808, 75.957008
28983600, 89.300016, 186.515816, 70.763016
28987200, 82.379988, 179.457388, 63.981388
28990800, 85.250016, 182.384816, 66.794016
28994400, 83.080008, 180.171408, 64.667408
28998000, 86.810004, 183.976004, 68.322804
29001600, 102.729996, 200.214396, 83.924396
29005200, 114.710004, 212.434004, 95.664804
29008800, 118.119996, 215.912196, 99.006596
29012400, 123.590016, 221.491616, 104.367216
29016000, 113.699988, 211.403788, 94.674988
29019600, 95.159988, 192.492988, 76.505788
29023200, 87.099984, 184.271784, 68.606984
29026800, 97.700004, 195.083804, 78.995004
29030400, 84.999996, 182.129796, 66.548996
29034000, 75.880008, 172.827408, 57.611408
29037600, 66.890016, 163.657616, 48.801216
29041200, 62.190000, 158.863600, 44.195200
29044800, 47.170008, 143.543208, 29.475608
29048400, 48.980016, 145.389416, 31.249416
29052000, 68.240016, 165.034616, 50.124216
29055600, 94.079988, 191.391388, 75.447388
29059200, 127.059984, 225.030984, 107.767784
29062800, 127.540008, 225.520608, 108.238208
29066400, 124.539984, 222.460584, 105.298184
29070000, 122.050008, 219.920808, 102.858008
29073600, 116.480016, 214.239416, 97.399416
29077200, 115.459992, 213.198992, 96.399792
29080800, 125.489988, 223.429588, 106.229188
29084400, 131.950008, 230.018808, 112.560008
29088000, 140.119992, 238.352192, 120.566592
29091600, 135.000000, 233.129800, 115.549000
29095200, 141.050016, 239.300816, 121.478016
29098800, 148.830012, 247.236412, 129.102412
29102400, 140.000004, 238.229804, 120.449004
29106000, 123.040008, 220.930608, 103.828208
29109600, 114.519996, 212.240196, 95.478596
29113200, 113.569992, 211.271192, 94.547592
29116800, 103.160016, 200.653016, 84.345816
29120400, 111.279996, 208.935396, 92.303396
29124000, 103.770000, 201.275200, 84.943600
29127600, 97.359984, 194.736984, 78.661784
29131200, 96.099984, 193.451784, 77.426984
29134800, 106.369992, 203.927192, 87.491592
29138400, 111.920004, 209.588204, 92.930604
29142000, 124.139988, 222.052588, 104.906188
29145600, 146.649996, 245.012796, 126.965996
29149200, 156.639996, 255.202596, 136.756196
29152800, 152.480016, 250.959416, 132.679416
29156400, 143.799984, 242.105784, 124.172984
29160000, 140.929992, 239.178392, 121.360392
29163600, 138.179988, 236.373388, 118.665388
29167200, 143.020008, 241.310208, 123.408608
29170800, 149.119992, 247.532192, 129.386592
29174400, 160.949988, 259.598788, 140.979988
29178000, 182.160000, 281.233000, 161.765800
29181600, 206.049996, 305.600796, 185.177996
29185200, 197.880012, 297.267412, 177.171412
29188800, 189.830016, 289.056416, 169.282416
29192400, 163.320012, 262.016212, 143.302612
29196000, 152.730000, 251.214400, 132.924400
29199600, 142.080012, 240.351412, 122.487412
29203200, 130.809996, 228.855996, 111.442796
29206800, 121.050000, 218.900800, 101.878000
29210400, 116.660016, 214.423016, 97.575816
29214000, 112.790016, 210.475616, 93.783216
29217600, 109.919988, 207.548188, 90.970588
29221200, 111.110004, 208.762004, 92.136804
29224800, 118.559988, 216.360988, 99.437788
29228400, 137.490012, 235.669612, 117.989212
29232000, 175.039992, 273.970592, 154.788192
29235600, 232.639992, 332.722592, 211.236192
29239200, 224.439984, 324.358584, 203.200184
29242800, 176.420016, 275.378216, 156.140616
29246400, 170.319996, 269.156196, 150.162596
29250000, 170.330004, 269.166404, 150.172404
29253600, 164.450016, 263.168816, 144.410016
29257200, 172.490004, 271.369604, 152.289204
29260800, 182.490012, 281.569612, 162.089212
29264400, 202.320000, 301.796200, 181.522600
29268000, 247.460004, 347.839004, 225.759804
29271600, 206.669988, 306.233188, 185.785588
29275200, 182.239992, 281.314592, 161.844192
29278800, 150.649992, 249.092792, 130.885992
29282400, 131.040000, 229.090600, 111.668200
29286000, 123.400008, 221.297808, 104.181008
29289600, 112.399992, 210.077792, 93.400992
29293200, 114.770016, 212.495216, 95.723616
29296800, 105.739992, 203.284592, 86.874192
29300400, 101.769984, 199.235184, 82.983584
29304000, 97.999992, 195.389792, 79.288992
29307600, 88.940016, 186.148616, 70.410216
29311200, 90.529992, 187.770392, 71.968392
29314800, 109.040004, 206.650604, 90.108204
29318400, 120.269988, 218.105188, 101.113588
29322000, 137.459988, 235.638988, 117.959788
29325600, 131.780016, 229.845416, 112.393416
29329200, 125.970012, 223.919212, 106.699612
29332800, 111.629988, 209.292388, 92.646388
29336400, 106.549992, 204.110792, 87.667992
29340000, 105.390000, 202.927600, 86.531200
29343600, 108.450000, 206.048800, 89.530000
29347200, 108.990000, 206.599600, 90.059200
29350800, 124.639992, 222.562592, 105.396192
29354400, 129.380004, 227.397404, 110.041404
29358000, 129.999996, 228.029796, 110.648996
29361600, 119.149992, 216.962792, 100.015992
29365200, 101.909988, 199.377988, 83.120788
29368800, 83.930004, 181.038404, 65.500404
29372400, 79.959996, 176.988996, 61.609796
29376000, 47.750004, 144.134804, 30.044004
29379600, 16.279999, 112.035399, 0.000000
29383200, 9.820001, 105.446201, 0.000000
29386800, 7.629998, 103.212398, 0.000000
29390400, 5.220000, 100.754200, 0.000000
29394000, 5.500001, 101.039801, 0.000000
29397600, 13.389998, 109.087598, 0.000000
29401200, 65.109996, 161.841996, 47.056796
29404800, 97.440012, 194.818612, 78.740212
29408400, 114.069996, 211.781196, 95.037596
29412000, 118.760004, 216.565004, 99.633804
29415600, 107.769996, 205.355196, 88.863596
29419200, 102.240000, 199.714600, 83.444200
29422800, 93.390012, 190.687612, 74.771212
29426400, 102.840012, 200.326612, 84.032212
29430000, 109.000008, 206.609808, 90.069008
29433600, 118.059984, 215.850984, 98.947784
29437200, 131.280012, 229.335412, 111.903412
29440800, 142.779996, 241.065396, 123.173396
29444400, 150.419988, 248.858188, 130.660588
29448000, 141.149988, 239.402788, 121.575988
29451600, 127.460016, 225.439016, 108.159816
29455200, 117.299988, 215.075788, 98.202988
29458800, 115.769988, 213.515188, 96.703588
29462400, 99.500004, 196.919804, 80.759004
29466000, 78.950016, 175.958816, 60.620016
29469600, 73.140012, 170.032612, 54.926212
29473200, 66.229992, 162.984392, 48.154392
29476800, 52.740000, 149.224600, 34.934200
29480400, 38.099988, 134.291788, 20.586988
29484000, 36.380016, 132.537416, 18.901416
29487600, 37.249992, 133.424792, 19.753992
29491200, 42.649992, 138.932792, 25.045992
29494800, 55.299996, 151.835796, 37.442996
29498400, 60.170004, 156.803204, 42.215604
29502000, 56.970000, 153.539200, 39.079600
29505600, 55.339992, 151.876592, 37.482192
29509200, 62.129988, 158.802388, 44.136388
29512800, 62.759988, 159.444988, 44.753788
29516400, 61.160004, 157.813004, 43.185804
29520000, 67.529988, 164.310388, 49.428388
29523600, 79.859988, 176.886988, 61.511788
29527200, 82.730016, 179.814416, 64.324416
29530800, 80.660016, 177.703016, 62.295816
29534400, 79.449984, 176.468784, 61.109984
29538000, 79.089984, 176.101584, 60.757184
29541600, 75.539988, 172.480588, 57.278188
29545200, 72.249984, 169.124784, 54.053984
29548800, 64.770012, 161.495212, 46.723612
29552400, 75.089988, 172.021588, 56.837188
29556000, 68.730012, 165.534412, 50.604412
29559600, 69.329988, 166.146388, 51.192388
29563200, 64.149984, 160.862784, 46.115984
29566800, 64.109988, 160.821988, 46.076788
29570400, 69.829992, 166.656392, 51.682392
29574000, 71.280000, 168.135400, 53.103400
29577600, 71.420004, 168.278204, 53.240604
29581200, 79.999992, 177.029792, 61.648992
29584800, 89.880012, 187.107412, 71.331412
29588400, 91.749996, 189.014796, 73.163996
29592000, 96.509988, 193.869988, 77.828788
29595600, 100.649988, 198.092788, 81.885988
29599200, 99.749988, 197.174788, 81.003988
29602800, 91.220004, 188.474204, 72.644604
29606400, 100.869984, 198.317184, 82.101584
29610000, 88.419996, 185.618196, 69.900596
29613600, 99.920016, 197.348216, 81.170616
29617200, 94.060008, 191.371008, 75.427808
29620800, 92.379996, 189.657396, 73.781396
29624400, 87.590016, 184.771616, 69.087216
29628000, 86.699988, 183.863788, 68.214988
29631600, 83.900016, 181.007816, 65.471016
29635200, 72.950004, 169.838804, 54.740004
29638800, 67.230000, 164.004400, 49.134400
29642400, 51.170004, 147.623204, 33.395604
29646000, 34.279999, 130.395399, 16.843399
29649600, 29.130001, 125.142401, 11.796401
29653200, 31.100000, 127.151800, 13.727000
29656800, 61.049988, 157.700788, 43.077988
29660400, 77.709996, 174.693996, 59.404796
29664000, 113.680008, 211.383408, 94.655408
29667600, 122.910012, 220.798012, 103.700812
29671200, 122.969988, 220.859188, 103.759588
29674800, 129.539988, 227.560588, 110.198188
29678400, 125.799984, 223.745784, 106.532984
29682000, 127.190016, 225.163616, 107.895216
29685600, 119.999988, 217.829788, 100.848988
29689200, 113.360004, 211.057004, 94.341804
29692800, 116.910000, 214.678000, 97.820800
29696400, 116.439984, 214.198584, 97.360184
29700000, 122.950008, 220.838808, 103.740008
29703600, 133.859988, 231.966988, 114.431788
29707200, 128.639988, 226.642588, 109.316188
29710800, 120.449988, 218.288788, 101.289988
29714400, 102.949992, 200.438792, 84.139992
29718000, 101.620008, 199.082208, 82.836608
29721600, 94.479984, 191.799384, 75.839384
29725200, 100.000008, 197.429808, 81.249008
29728800, 91.670004, 188.933204, 73.085604
29732400, 87.840000, 185.026600, 69.332200
29736000, 84.170016, 181.283216, 65.735616
29739600, 87.320016, 184.496216, 68.822616
29743200, 88.149996, 185.342796, 69.635996
29746800, 107.110008, 204.682008, 88.216808
29750400, 123.760008, 221.665008, 104.533808
29754000, 133.830000, 231.936400, 114.402400
29757600, 145.839996, 244.186596, 126.172196
29761200, 137.530008, 235.710408, 118.028408
29764800, 137.379996, 235.557396, 117.881396
29768400, 132.599988, 230.681788, 113.196988
29772000, 137.999988, 236.189788, 118.488988
29775600, 141.279984, 239.535384, 121.703384
29779200, 149.540004, 247.960604, 129.798204
29782800, 158.209992, 256.803992, 138.294792
29786400, 160.229988, 258.864388, 140.274388
29790000, 181.000008, 280.049808, 160.629008
29793600, 176.730012, 275.694412, 156.444412
29797200, 150.999984, 249.449784, 131.228984
29800800, 129.520008, 227.540208, 110.178608
29804400, 127.680012, 225.663412, 108.375412
29808000, 121.370004, 219.227204, 102.191604
29811600, 105.369984, 202.907184, 86.511584
29815200, 104.119992, 201.632192, 85.286592
29818800, 101.970000, 199.439200, 83.179600
29822400, 100.350000, 197.786800, 81.592000
29826000, 98.200008, 195.593808, 79.485008
29829600, 107.030016, 204.600416, 88.138416
29833200, 116.399988, 214.157788, 97.320988
29836800, 149.600016, 248.021816, 129.857016
29840400, 235.000008, 335.129808, 213.549008
29844000, 261.879984, 362.547384, 239.891384
29847600, 237.139992, 337.312592, 215.646192
29851200, 241.049988, 341.300788, 219.477988
29854800, 244.040004, 344.350604, 222.408204
29858400, 244.730016, 345.054416, 223.084416
29862000, 266.330016, 367.086416, 244.252416
29865600, 284.519988, 385.640188, 262.078588
29869200, 319.690008, 421.513608, 296.545208
29872800, 348.900012, 451.307812, 325.171012
29876400, 310.020012, 411.650212, 287.068612
29880000, 278.349984, 379.346784, 256.031984
29883600, 186.660000, 285.823000, 166.175800
29887200, 161.100000, 259.751800, 141.127000
29890800, 150.000012, 248.429812, 130.249012
29894400, 136.019988, 234.170188, 116.548588
29898000, 122.240016, 220.114616, 103.044216
29901600, 115.300008, 213.035808, 96.243008
29905200, 109.959984, 207.588984, 91.009784
29908800, 107.349984, 204.926784, 88.451984
29912400, 112.510008, 210.190008, 93.508808
29916000, 122.040000, 219.910600, 102.848200
29919600, 150.170004, 248.603204, 130.415604
29923200, 258.040008, 358.630608, 236.128208
29926800, 389.149920, 492.362718, 364.615922
29930400, 399.999960, 503.429759, 375.248961
29934000, 363.369960, 466.067159, 339.351561
29937600, 328.830012, 430.836412, 305.502412
29941200, 293.069988, 394.361188, 270.457588
29944800, 318.549996, 420.350796, 295.427996
29948400, 352.890000, 455.377600, 329.081200
29952000, 475.909920, 580.857918, 449.640722
29955600, 551.000160, 657.449963, 523.229157
29959200, 565.459920, 672.198918, 537.399722
29962800, 433.069920, 537.161118, 407.657522
29966400, 375.030000, 477.960400, 350.778400
29970000, 241.610004, 341.872004, 220.026804
29973600, 169.400016, 268.217816, 149.261016
29977200, 150.000012, 248.429812, 130.249012
29980800, 134.750016, 232.874816, 115.304016
29984400, 130.070016, 228.101216, 110.717616
29988000, 122.900004, 220.787804, 103.691004
29991600, 118.969992, 216.779192, 99.839592
29995200, 114.950016, 212.678816, 95.900016
29998800, 115.639992, 213.382592, 96.576192
30002400, 123.140016, 221.032616, 103.926216
30006000, 143.949996, 242.258796, 124.319996
30009600, 186.400008, 285.557808, 165.921008
30013200, 253.000008, 353.489808, 231.189008
30016800, 245.739996, 346.084596, 224.074196
30020400, 208.419984, 308.018184, 187.500584
30024000, 174.099996, 273.011796, 153.866996
30027600, 165.840012, 264.586612, 145.772212
30031200, 164.999988, 263.729788, 144.948988
30034800, 184.500000, 283.619800, 164.059000
30038400, 214.740000, 314.464600, 193.694200
30042000, 245.430000, 345.768400, 223.770400
30045600, 284.209992, 385.323992, 261.774792
30049200, 259.999992, 360.629792, 238.048992
30052800, 225.600012, 325.541812, 204.337012
30056400, 174.999996, 273.929796, 154.748996
30060000, 146.220012, 244.574212, 126.544612
30063600, 135.090000, 233.221600, 115.637200
30067200, 116.520012, 214.280212, 97.438612
30070800, 116.939988, 214.708588, 97.850188
30074400, 111.359988, 209.016988, 92.381788
30078000, 108.039996, 205.630596, 89.128196
30081600, 99.020016, 196.430216, 80.288616
30085200, 93.440016, 190.738616, 74.820216
30088800, 91.550016, 188.810816, 72.968016
30092400, 93.229992, 190.524392, 74.614392
30096000, 102.700008, 200.183808, 83.895008
30099600, 114.260004, 211.975004, 95.223804
30103200, 125.359992, 223.296992, 106.101792
30106800, 121.500000, 219.359800, 102.319000
30110400, 109.130004, 206.742404, 90.196404
30114000, 110.009988, 207.639988, 91.058788
30117600, 107.949996, 205.538796, 89.039996
30121200, 104.069988, 201.581188, 85.237588
30124800, 103.669992, 201.173192, 84.845592
30128400, 112.290012, 209.965612, 93.293212
30132000, 123.879996, 221.787396, 104.651396
30135600, 129.499992, 227.519792, 110.158992
30139200, 126.299988, 224.255788, 107.022988
30142800, 110.289996, 207.925596, 91.333196
30146400, 114.480000, 212.199400, 95.439400
30150000, 124.689996, 222.613596, 105.445196
30153600, 104.990004, 202.519604, 86.139204
30157200, 86.720004, 183.884204, 68.234604
30160800, 79.049988, 176.060788, 60.717988
30164400, 73.659996, 170.562996, 55.435796
30168000, 65.890008, 162.637608, 47.821208
30171600, 56.549988, 153.110788, 38.667988
30175200, 54.630000, 151.152400, 36.786400
30178800, 48.449988, 144.848788, 30.729988
30182400, 57.489984, 154.069584, 39.589184
30186000, 67.439988, 164.218588, 49.340188
30189600, 78.120000, 175.112200, 59.806600
30193200, 75.690000, 172.633600, 57.425200
30196800, 74.999988, 171.929788, 56.748988
30200400, 85.060008, 182.191008, 66.607808
30204000, 90.000000, 187.229800, 71.449000
30207600, 80.219988, 177.254188, 61.864588
30211200, 76.539996, 173.500596, 58.258196
30214800, 99.960012, 197.389012, 81.209812
30218400, 113.019984, 210.710184, 94.008584
30222000, 146.390004, 244.747604, 126.711204
30225600, 112.200012, 209.873812, 93.205012
30229200, 95.640012, 192.982612, 76.976212
30232800, 99.519984, 196.940184, 80.778584
30236400, 76.370004, 173.327204, 58.091604
30240000, 50.000004, 146.429804, 32.249004
30243600, 8.210002, 103.804002, 0.000000
30247200, 9.209999, 104.823999, 0.000000
30250800, 9.850000, 105.476800, 0.000000
30254400, 6.130001, 101.682401, 0.000000
30258000, 5.839999, 101.386599, 0.000000
30261600, 10.300000, 105.935800, 0.000000
30265200, 22.569998, 118.451198, 5.367598
30268800, 102.350016, 199.826816, 83.552016
30272400, 111.800016, 209.465816, 92.813016
30276000, 125.129988, 223.062388, 105.876388
30279600, 120.710016, 218.554016, 101.544816
30283200, 107.709984, 205.293984, 88.804784
30286800, 100.000008, 197.429808, 81.249008
30290400, 92.070000, 189.341200, 73.477600
30294000, 87.729984, 184.914384, 69.224384
30297600, 106.189992, 203.743592, 87.315192
30301200, 119.999988, 217.829788, 100.848988
30304800, 119.999988, 217.829788, 100.848988
30308400, 140.709996, 238.953996, 121.144796
30312000, 138.420000, 236.618200, 118.900600
30315600, 125.539992, 223.480592, 106.278192
30319200, 119.999988, 217.829788, 100.848988
30322800, 138.139992, 236.332592, 118.626192
30326400, 118.019988, 215.810188, 98.908588
30330000, 45.740016, 142.084616, 28.074216
30333600, 65.700000, 162.443800, 47.635000
30337200, 68.339988, 165.136588, 50.222188
30340800, 47.900016, 144.287816, 30.191016
30344400, 65.490012, 162.229612, 47.429212
30348000, 62.439984, 159.118584, 44.440184
30351600, 92.000016, 189.269816, 73.409016
30355200, 107.470008, 205.049208, 88.569608
30358800, 116.899992, 214.667792, 97.810992
30362400, 121.100004, 218.951804, 101.927004
30366000, 109.590012, 207.211612, 90.647212
30369600, 102.510000, 199.990000, 83.708800
30373200, 102.819996, 200.306196, 84.012596
30376800, 106.319988, 203.876188, 87.442588
30380400, 109.929996, 207.558396, 90.980396
30384000, 116.520012, 214.280212, 97.438612
30387600, 113.619996, 211.322196, 94.596596
30391200, 125.560008, 223.501008, 106.297808
30394800, 122.559984, 220.440984, 103.357784
30398400, 108.849996, 206.456796, 89.921996
30402000, 100.130004, 197.562404, 81.376404
30405600, 96.500016, 193.859816, 77.819016
30409200, 92.750004, 190.034804, 74.144004
30412800, 72.129996, 169.002396, 53.936396
30416400, 68.540004, 165.340604, 50.418204
30420000, 52.319988, 148.796188, 34.522588
30423600, 43.830000, 140.136400, 26.202400
30427200, 38.319984, 134.516184, 20.802584
30430800, 24.750000, 120.674800, 7.504000
30434400, 31.650001, 127.712801, 14.266001
30438000, 47.030004, 143.400404, 29.338404
30441600, 60.159996, 156.792996, 42.205796
30445200, 77.900004, 174.887804, 59.591004
30448800, 76.690008, 173.653608, 58.405208
30452400, 68.619996, 165.422196, 50.496596
30456000, 67.119984, 163.892184, 49.026584
30459600, 68.320008, 165.116208, 50.202608
30463200, 68.000004, 164.789804, 49.889004
30466800, 68.940000, 165.748600, 50.810200
30470400, 67.179996, 163.953396, 49.085396
30474000, 65.049984, 161.780784, 46.997984
30477600, 77.159988, 174.132988, 58.865788
30481200, 78.159996, 175.152996, 59.845796
30484800, 76.430016, 173.388416, 58.150416
30488400, 71.039988, 167.890588, 52.868188
30492000, 59.199984, 155.813784, 41.264984
30495600, 47.930004, 144.318404, 30.220404
30499200, 26.910000, 122.878000, 9.620800
30502800, 15.739999, 111.484599, 0.000000
30506400, 16.400002, 112.157802, 0.000000
30510000, 6.919999, 102.488199, 0.000000
30513600, 2.880000, 98.367400, 0.000000
30517200, 1.190000, 96.643600, 0.000000
30520800, 1.760000, 97.225000, 0.000000
30524400, 8.500000, 104.099800, 0.000000
30528000, 58.659984, 155.262984, 40.735784
30531600, 79.710012, 176.734012, 61.364812
30535200, 94.939992, 192.268592, 76.290192
30538800, 84.269988, 181.385188, 65.833588
30542400, 79.639992, 176.662592, 61.296192
30546000, 74.639988, 171.562588, 56.396188
30549600, 73.559988, 170.460988, 55.337788
30553200, 72.500004, 169.379804, 54.299004
30556800, 76.240008, 173.194608, 57.964208
30560400, 87.230016, 184.404416, 68.734416
30564000, 105.030000, 202.560400, 86.178400
30567600, 106.710012, 204.274012, 87.824812
30571200, 91.540008, 188.800608, 72.958208
30574800, 81.259992, 178.314992, 62.883792
30578400, 76.110012, 173.062012, 57.836812
30582000, 75.120012, 172.052212, 56.866612
30585600, 60.300000, 156.935800, 42.343000
30589200, 49.709988, 146.133988, 31.964788
30592800, 33.320002, 129.416202, 15.902602
30596400, 21.340001, 117.196601, 4.162201
30600000, 18.960001, 114.769001, 1.829801
30603600, 24.530000, 120.450400, 7.288400
30607200, 49.709988, 146.133988, 31.964788
30610800, 72.569988, 169.451188, 54.367588
30614400, 110.040012, 207.670612, 91.088212
30618000, 131.969988, 230.039188, 112.579588
30621600, 123.180012, 221.073412, 103.965412
30625200, 110.999988, 208.649788, 92.028988
30628800, 98.430012, 195.828412, 79.710412
30632400, 88.499988, 185.699788, 69.978988
30636000, 84.830004, 181.956404, 66.382404
30639600, 89.409996, 186.627996, 70.870796
30643200, 100.059984, 197.490984, 81.307784
30646800, 106.020000, 203.570200, 87.148600
30650400, 110.440008, 208.078608, 91.480208
30654000, 102.340008, 199.816608, 83.542208
30657600, 100.000008, 197.429808, 81.249008
30661200, 91.040004, 188.290604, 72.468204
30664800, 73.140012, 170.032612, 54.926212
30668400, 70.520004, 167.360204, 52.358604
30672000, 58.389984, 154.987584, 40.471184
30675600, 29.750000, 125.774800, 12.404000
30679200, 24.509999, 120.429999, 7.268799
30682800, 23.580000, 119.481400, 6.357400
30686400, 19.410001, 115.228001, 2.270801
30690000, 18.110002, 113.902002, 0.996802
30693600, 24.000001, 119.909801, 6.769001
30697200, 33.289999, 129.385599, 15.873199
30700800, 33.270001, 129.365201, 15.853601
30704400, 39.459996, 135.678996, 21.919796
30708000, 45.770004, 142.115204, 28.103604
30711600, 45.590004, 141.931604, 27.927204
30715200, 36.879984, 133.047384, 19.391384
30718800, 34.639999, 130.762599, 17.196199
30722400, 33.040001, 129.130601, 15.628201
30726000, 31.020001, 127.070201, 13.648601
30729600, 33.930000, 130.038400, 16.500400
30733200, 35.700001, 131.843801, 18.235001
30736800, 43.179984, 139.473384, 25.565384
30740400, 47.440008, 143.818608, 29.740208
30744000, 41.079996, 137.331396, 23.507396
30747600, 26.889998, 122.857598, 9.601198
30751200, 13.000000, 108.689800, 0.000000
30754800, 10.820002, 106.466202, 0.000000
30758400, 7.049999, 102.620799, 0.000000
30762000, 5.050001, 100.580801, 0.000000
30765600, 3.780000, 99.285400, 0.000000
30769200, 2.280000, 97.755400, 0.000000
30772800, 1.240000, 96.694600, 0.000000
30776400, 0.090000, 95.521600, 0.000000
30780000, 0.770000, 96.215200, 0.000000
30783600, 1.200000, 96.653800, 0.000000
30787200, 4.650001, 100.172801, 0.000000
30790800, 9.249998, 104.864798, 0.000000
30794400, 23.990000, 119.899600, 6.759200
30798000, 21.780000, 117.645400, 4.593400
30801600, 24.220001, 120.134201, 6.984601
30805200, 23.749999, 119.654799, 6.523999
30808800, 23.130000, 119.022400, 5.916400
30812400, 27.820001, 123.806201, 10.512601
30816000, 39.999996, 136.229796, 22.448996
30819600, 49.479984, 145.899384, 31.739384
30823200, 74.909988, 171.837988, 56.660788
30826800, 75.330000, 172.266400, 57.072400
30830400, 68.960016, 165.769016, 50.829816
30834000, 55.000008, 151.529808, 37.149008
30837600, 42.270012, 138.545212, 24.673612
30841200, 39.279996, 135.495396, 21.743396
30844800, 27.670000, 123.653200, 10.365600
30848400, 18.749999, 114.554799, 1.623999
30852000, 12.730000, 108.414400, 0.000000
30855600, 10.850000, 106.496800, 0.000000
30859200, 7.610000, 103.192000, 0.000000
30862800, 6.310001, 101.866001, 0.000000
30866400, 6.660000, 102.223000, 0.000000
30870000, 20.160000, 115.993000, 3.005800
30873600, 55.929996, 152.478396, 38.060396
30877200, 67.709988, 164.493988, 49.604788
30880800, 67.359996, 164.136996, 49.261796
30884400, 57.849984, 154.436784, 39.941984
30888000, 56.739996, 153.304596, 38.854196
30891600, 58.479984, 155.079384, 40.559384
30895200, 59.209992, 155.823992, 41.274792
30898800, 65.999988, 162.749788, 47.928988
30902400, 77.609988, 174.591988, 59.306788
30906000, 100.500012, 197.939812, 81.739012
30909600, 113.979996, 211.689396, 94.949396
30913200, 119.710008, 217.534008, 100.564808
30916800, 139.320000, 237.536200, 119.782600
30920400, 132.030000, 230.100400, 112.638400
30924000, 109.879992, 207.507392, 90.931392
30927600, 105.819984, 203.366184, 86.952584
30931200, 110.059992, 207.690992, 91.107792
30934800, 86.029992, 183.180392, 67.558392
30938400, 82.839996, 179.926596, 64.432196
30942000, 81.889992, 178.957592, 63.501192
30945600, 78.000012, 174.989812, 59.689012
30949200, 78.779988, 175.785388, 60.453388
30952800, 80.600004, 177.641804, 62.237004
30956400, 85.070016, 182.201216, 66.617616
30960000, 100.829988, 198.276388, 82.062388
30963600, 115.089984, 212.821584, 96.037184
30967200, 120.949992, 218.798792, 101.779992
30970800, 119.999988, 217.829788, 100.848988
30974400, 118.159992, 215.952992, 99.045792
30978000, 117.489996, 215.269596, 98.389196
30981600, 115.380000, 213.117400, 96.321400
30985200, 117.979992, 215.769392, 98.869392
30988800, 119.499984, 217.319784, 100.358984
30992400, 120.210012, 218.044012, 101.054812
30996000, 118.000008, 215.789808, 98.889008
30999600, 110.980008, 208.629408, 92.009408
31003200, 105.660000, 203.203000, 86.795800
31006800, 102.560004, 200.041004, 83.757804
31010400, 94.629996, 191.952396, 75.986396
31014000, 99.039996, 196.450596, 80.308196
31017600, 90.000000, 187.229800, 71.449000
31021200, 91.370016, 188.627216, 72.791616
31024800, 86.439996, 183.598596, 67.960196
31028400, 85.070016, 182.201216, 66.617616
31032000, 80.809992, 177.855992, 62.442792
31035600, 75.989988, 172.939588, 57.719188
31039200, 80.809992, 177.855992, 62.442792
31042800, 83.009988, 180.099988, 64.598788
31046400, 84.939984, 182.068584, 66.490184
31050000, 90.209988, 187.443988, 71.654788
31053600, 99.240012, 196.654612, 80.504212
31057200, 93.560004, 190.861004, 74.937804
31060800, 92.549988, 189.830788, 73.947988
31064400, 94.410000, 191.728000, 75.770800
31068000, 91.019988, 188.270188, 72.448588
31071600, 96.400008, 193.757808, 77.721008
31075200, 107.740008, 205.324608, 88.834208
31078800, 115.610004, 213.352004, 96.546804
31082400, 120.520008, 218.360208, 101.358608
31086000, 119.090016, 216.901616, 99.957216
31089600, 117.990000, 215.779600, 98.879200
31093200, 118.310004, 216.106004, 99.192804
31096800, 113.010012, 210.700012, 93.998812
31100400, 114.069996, 211.781196, 95.037596
31104000, 104.630004, 202.152404, 85.786404
31107600, 102.170016, 199.643216, 83.375616
31111200, 95.060016, 192.391016, 76.407816
31114800, 94.610016, 191.932016, 75.966816
31118400, 89.640000, 186.862600, 71.096200
31122000, 90.870012, 188.117212, 72.301612
31125600, 95.100012, 192.431812, 76.447012
31129200, 99.000000, 196.409800, 80.269000
31132800, 112.629996, 210.312396, 93.626396
31136400, 119.289996, 217.105596, 100.153196
31140000, 118.230012, 216.024412, 99.114412
31143600, 113.249988, 210.944788, 94.233988
31147200, 106.009992, 203.559992, 87.138792
31150800, 107.709984, 205.293984, 88.804784
31154400, 103.899996, 201.407796, 85.070996
31158000, 109.640016, 207.262616, 90.696216
31161600, 120.750012, 218.594812, 101.584012
31165200, 128.090016, 226.081616, 108.777216
31168800, 137.900016, 236.087816, 118.391016
31172400, 138.049992, 236.240792, 118.537992
31176000, 135.709992, 233.853992, 116.244792
31179600, 129.129984, 227.142384, 109.796384
31183200, 120.849984, 218.696784, 101.681984
31186800, 123.500016, 221.399816, 104.279016
31190400, 116.979984, 214.749384, 97.889384
31194000, 106.790004, 204.355604, 87.903204
31197600, 101.520000, 198.980200, 82.738600
31201200, 101.030004, 198.480404, 82.258404
31204800, 99.740016, 197.164616, 80.994216
31208400, 99.579996, 197.001396, 80.837396
31212000, 106.200000, 203.753800, 87.325000
31215600, 115.700004, 213.443804, 96.635004
31219200, 124.290000, 222.205600, 105.053200
31222800, 131.850000, 229.916800, 112.462000
31226400, 130.150008, 228.182808, 110.796008
31230000, 120.099996, 217.931796, 100.946996
31233600, 107.939988, 205.528588, 89.030188
31237200, 107.809992, 205.395992, 88.902792
31240800, 107.939988, 205.528588, 89.030188
31244400, 118.910016, 216.718016, 99.780816
31248000, 131.069988, 229.121188, 111.697588
31251600, 142.359984, 240.636984, 122.761784
31255200, 151.310016, 249.766016, 131.532816
31258800, 158.400000, 256.997800, 138.481000
31262400, 146.430000, 244.788400, 126.750400
31266000, 133.139988, 231.232588, 113.726188
31269600, 125.420004, 223.358204, 106.160604
31273200, 126.759996, 224.724996, 107.473796
31276800, 114.000012, 211.709812, 94.969012
31280400, 126.399996, 224.357796, 107.120996
31284000, 116.629992, 214.392392, 97.546392
31287600, 110.149992, 207.782792, 91.195992
31291200, 105.919992, 203.468192, 87.050592
31294800, 102.930012, 200.418412, 84.120412
31298400, 105.580008, 203.121408, 86.717408
31302000, 109.710000, 207.334000, 90.764800
31305600, 124.239996, 222.154596, 105.004196
31309200, 128.000016, 225.989816, 108.689016
31312800, 128.300004, 226.295804, 108.983004
31316400, 122.829984, 220.716384, 103.622384
31320000, 113.400000, 211.097800, 94.381000
31323600, 108.969984, 206.579184, 90.039584
31327200, 110.009988, 207.639988, 91.058788
31330800, 116.920008, 214.688208, 97.830608
31334400, 132.019992, 230.090192, 112.628592
31338000, 137.599992, 235.781792, 118.096992
31341600, 146.070000, 244.421200, 126.397600
31345200, 147.870000, 246.257200, 128.161600
31348800, 141.099984, 239.351784, 121.526984
31352400, 129.769992, 227.795192, 110.423592
31356000, 125.899992, 223.847792, 106.630992
31359600, 121.250016, 219.104816, 102.074016
31363200, 115.059996, 212.790996, 96.007796
31366800, 127.389996, 225.367596, 108.091196
31370400, 114.090012, 211.801612, 95.057212
31374000, 107.709984, 205.293984, 88.804784
31377600, 101.700000, 199.163800, 82.915000
31381200, 97.729992, 195.114392, 79.024392
31384800, 98.610012, 196.012012, 79.886812
31388400, 98.160012, 195.553012, 79.445812
31392000, 102.710016, 200.194016, 83.904816
31395600, 110.710008, 208.354008, 91.744808
31399200, 116.319996, 214.076196, 97.242596
31402800, 122.600016, 220.481816, 103.397016
31406400, 115.679988, 213.423388, 96.615388
31410000, 114.599988, 212.321788, 95.556988
31413600, 113.529996, 211.230396, 94.508396
31417200, 115.229988, 212.964388, 96.174388
31420800, 116.179992, 213.933392, 97.105392
31424400, 123.599988, 221.501788, 104.376988
31428000, 135.579996, 233.721396, 116.117396
31431600, 135.519984, 233.660184, 116.058584
31435200, 139.799988, 238.025788, 120.252988
31438800, 130.240008, 228.274608, 110.884208
31442400, 104.990004, 202.519604, 86.139204
31446000, 101.959992, 199.428992, 83.169792
31449600, 87.840000, 185.026600, 69.332200
31453200, 89.039988, 186.250588, 70.508188
31456800, 86.590008, 183.751608, 68.107208
31460400, 79.899984, 176.927784, 61.550984
31464000, 56.540016, 153.100616, 38.658216
31467600, 49.399992, 145.817792, 31.660992
31471200, 77.969988, 174.959188, 59.659588
31474800, 85.520016, 182.660216, 67.058616
31478400, 96.130008, 193.482408, 77.456408
31482000, 111.880008, 209.547408, 92.891408
31485600, 119.430000, 217.248400, 100.290400
31489200, 117.500004, 215.279804, 98.399004
31492800, 112.100004, 209.771804, 93.107004
31496400, 103.129992, 200.622392, 84.316392
31500000, 98.930016, 196.338416, 80.200416
31503600, 102.300012, 199.775812, 83.503012
31507200, 109.080000, 206.691400, 90.147400
31510800, 132.099984, 230.171784, 112.706984
31514400, 131.130000, 229.182400, 111.756400
31518000, 122.590008, 220.471608, 103.387208
31521600, 116.409996, 214.167996, 97.330796
31525200, 108.180000, 205.773400, 89.265400
31528800, 100.260000, 197.695000, 81.503800
31532400, 99.190008, 196.603608, 80.455208
