#1
# Mass flow rate for Beobooster in kg/s
double data(8760,2)
0 	0.0
3600 	0.0
7200 	0.0
10800 	0.014722221633333334
14400 	0.16194445033333332
18000 	0.48583340399999997
21600 	0.9937499346333335
25200 	1.1188888777000001
28800 	0.28815860263333337
32400 	0.0588888883
36000 	0.014722221633333334
39600 	0.058888900666666674
43200 	0.02944444326666667
46800 	0.04416667196666667
50400 	0.029444450333333337
54000 	0.5594443973333334
57600 	0.3386111046333334
61200 	0.8391666719666667
64800 	1.1188887116333335
68400 	0.9863888953666666
72000 	0.10305556026666668
75600 	0.14722221633333332
79200 	0.014722221633333334
82800 	0.0
86400 	0.0
90000 	0.0
93600 	0.058888900666666674
97200 	0.0
100800 	0.04416667196666667
104400 	0.058888883
108000 	0.7287500583
111600 	0.5821371246666667
115200 	0.6993056309333333
118800 	0.9483008782
122400 	0.5152777872000001
126000 	0.3312500565333334
129600 	0.31652773066666673
133200 	0.9127777660000003
136800 	0.4858333209666667
140400 	0.5152778419666666
144000 	0.16194445033333332
147600 	0.3974999399333333
151200 	0.1619444309
154800 	0.3888191035
158400 	0.12513889536666667
162000 	0.3974999982333333
165600 	0.007361111700000001
169200 	0.0
172800 	0.0
176400 	0.02944444326666667
180000 	0.0
183600 	0.0
187200 	0.029444450333333337
190800 	0.10305555496666664
194400 	0.8244443973333334
198000 	1.2735026807333336
201600 	0.7582538050333334
205200 	0.7361111064
208800 	0.3680554913666667
212400 	0.7323999669
216000 	0.058888893600000006
219600 	0.39750000529999996
223200 	0.6330554489666665
226800 	0.0441666649
230400 	0.2649999523
234000 	0.5888890102
237600 	0.058888900666666674
241200 	0.31652783666666673
244800 	0.2208333333333333
248400 	0.4095271539666667
252000 	0.0
255600 	0.0
259200 	0.20611110993333334
262800 	0.0
266400 	0.029444450333333337
270000 	0.0
273600 	0.0588888883
277200 	0.41222223929999996
280800 	1.1188889059666665
284400 	1.0820834163666666
288000 	0.5962500688999999
291600 	0.07960819773333333
295200 	0.16194445033333332
298800 	0.029444450333333337
302400 	0.09569444503333334
306000 	0.014722221633333334
309600 	0.02944444326666667
313200 	0.45638877699999997
316800 	0.5527661535333332
320400 	0.7802778119333332
324000 	1.0673611806
327600 	0.42694450863333333
331200 	0.07361112229999998
334800 	0.058888900666666674
338400 	0.029444450333333337
342000 	0.0
345600 	0.0
349200 	0.0
352800 	0.0
356400 	0.029444450333333337
360000 	0.029444450333333337
363600 	0.2355556203333333
367200 	0.6330556203333333
370800 	1.2145834269666669
374400 	0.8023611682333335
378000 	0.23555556733333333
381600 	0.014722221633333334
385200 	0.06625001236666668
388800 	0.029444450333333337
392400 	0.0
396000 	0.25027784196666664
399600 	0.13975288923333332
403200 	0.6330556733333333
406800 	1.0305555549666667
410400 	0.60361117
414000 	0.6183332856333333
417600 	0.2650000035333333
421200 	0.15458335806666668
424800 	0.0
428400 	0.02944444503333334
432000 	0.0
435600 	0.0
439200 	0.029444450333333337
442800 	0.0
446400 	0.058888900666666674
450000 	0.38277783666666665
453600 	0.5299999876333333
457200 	1.3544443143
460800 	0.5014192358999999
464400 	0.44902772536666674
468000 	0.13249998763333334
471600 	0.16899275073333336
475200 	0.0515277766
478800 	0.04416667196666667
482400 	0.08833335100000002
486000 	0.25763883000000004
489600 	0.014722221633333334
493200 	0.8686112336
496800 	0.5152777819
500400 	0.6109722781666667
504000 	0.6349048026999999
507600 	0.08833333333333333
511200 	0.11777778366666666
514800 	0.0
518400 	0.0
522000 	0.0
525600 	0.0
529200 	0.029444450333333337
532800 	0.029444450333333337
536400 	0.41222216333333334
540000 	1.1041666543
543600 	0.9274999929333335
547200 	0.39013882293333335
550800 	0.19138889360000003
554400 	0.0
558000 	0.25027783666666664
561600 	0.0588888936
565200 	0.073611117
568800 	0.0588888936
572400 	0.2572327705
576000 	0.08833333863333334
579600 	0.3827777836666667
583200 	0.9716667956333332
586800 	1.2072224053666665
590400 	0.08097222693333332
594000 	0.125138883
597600 	0.014722221633333334
601200 	0.0
604800 	0.0
608400 	0.0
612000 	0.0
615600 	0.0
619200 	0.0
622800 	0.35333333333333333
626400 	1.501666543
630000 	0.6477778313666667
633600 	0.5520832626666667
637200 	0.16194445563333335
640800 	0.08833333333333333
644400 	0.04416667196666667
648000 	0.029444450333333337
651600 	0.22083339163333335
655200 	0.2509296836666667
658800 	0.10305556026666668
662400 	0.0
666000 	0.7655556132666667
669600 	0.9495832856333334
673200 	0.2061111099333333
676800 	0.4269445634
680400 	0.30916673733333333
684000 	0.04416667373333334
687600 	0.0
691200 	0.0
694800 	0.0
698400 	0.058888883
702000 	0.0
705600 	0.0
709200 	0.4195833333333332
712800 	0.7581943849666667
716400 	1.0431367073333335
720000 	0.7023737073
723600 	0.41958328033333336
727200 	0.4122222781666665
730800 	0.2502777713
734400 	0.11777778366666666
738000 	0.4343055143333333
741600 	0.42694452099999997
745200 	0.41222229759999995
748800 	0.28708333333333336
752400 	1.3986113519666665
756000 	0.15082375536666665
759600 	0.1251388883
763200 	0.1325000159
766800 	0.05149290436666667
770400 	0.0
774000 	0.0
777600 	0.0
781200 	0.0
784800 	0.0
788400 	0.029444450333333337
792000 	0.0
795600 	0.14722222163333332
799200 	0.7950001236666666
802800 	1.4133335029333334
806400 	0.37541670200000005
810000 	0.4160160517333333
813600 	0.8980556856999999
817200 	0.37496749696666665
820800 	0.08833335100000002
824400 	0.29444445033333333
828000 	0.9274999523
831600 	0.0
835200 	0.264999947
838800 	0.42694433196666665
842400 	0.6183333439333334
846000 	0.25763889360000003
849600 	0.3091667426333333
853200 	0.0588888936
856800 	0.0
860400 	0.0
864000 	0.0
867600 	0.0
871200 	0.014722221633333334
874800 	0.0
878400 	0.029444450333333337
882000 	0.6183333386333333
885600 	0.9201390243333333
889200 	1.1483333510000002
892800 	0.6408089726666666
896400 	0.265
900000 	0.014722221633333334
903600 	0.2502777236
907200 	0.007361111700000001
910800 	0.2797221668666667
914400 	0.014722221633333334
918000 	0.23555549666666667
921600 	0.22083333863333338
925200 	0.2649999399333334
928800 	0.6036111223
932400 	0.4490277960333333
936000 	0.47111110993333344
939600 	0.3091666189666667
943200 	0.0
946800 	0.02944444326666667
950400 	0.0
954000 	0.0
957600 	0.0
961200 	0.0
964800 	0.058888900666666674
968400 	0.8833335099999999
972000 	0.8244445086333335
975600 	0.9863889413000002
979200 	0.22822560196666666
982800 	0.07361111523333333
986400 	0.0441666649
990000 	0.0
993600 	0.03680556203333334
997200 	0.22083333863333338
1000800 	0.31652771123333334
1004400 	0.35333333333333333
1008000 	0.2797221686333333
1011600 	0.26500005829999995
1015200 	0.7066667479333333
1018800 	0.5962498887000001
1022400 	0.30916665960000006
1026000 	0.4416666666666666
1029600 	0.029444450333333337
1033200 	0.0
1036800 	0.0
1040400 	0.0
1044000 	0.0
1047600 	0.0
1051200 	0.04416667196666667
1054800 	0.0
1058400 	1.3544445033333332
1062000 	0.7508333863333333
1065600 	0.7893752319
1069200 	0.13783518493333333
1072800 	0.03680556203333334
1076400 	0.05888889006666668
1080000 	0.0
1083600 	0.2355556150333333
1087200 	0.25763888830000004
1090800 	0.20611105163333338
1094400 	0.0588888936
1098000 	0.8097222799333333
1101600 	0.758194521
1105200 	0.6660204525666668
1108800 	0.1251388936
1112400 	0.22083333863333338
1116000 	0.058888900666666674
1119600 	0.0
1123200 	0.0
1126800 	0.0
1130400 	0.0
1134000 	0.0
1137600 	0.08833334393333334
1141200 	0.8833333386333334
1144800 	0.7729166666666667
1148400 	0.9699482476666665
1152000 	0.3085915919333333
1155600 	0.36069438319999997
1159200 	0.10305557263333331
1162800 	0.0441666649
1166400 	0.0
1170000 	0.1913888883
1173600 	0.2208333333333333
1177200 	0.5152777766000001
1180800 	0.10305557263333331
1184400 	0.22083333156666674
1188000 	1.0747221103333333
1191600 	0.2061111152333334
1195200 	0.4269444503333333
1198800 	0.04416667196666667
1202400 	0.0
1206000 	0.0
1209600 	0.0
1213200 	0.0
1216800 	0.058888900666666674
1220400 	0.0
1224000 	0.014722221633333334
1227600 	0.6330554436666667
1231200 	0.5741667196666667
1234800 	1.258749982333333
1238400 	0.734871924
1242000 	0.0441666649
1245600 	0.014722223400000001
1249200 	0.04416667373333334
1252800 	0.23555556733333333
1256400 	0.029444450333333337
1260000 	0.20611105163333338
1263600 	0.014722221633333334
1267200 	1.1630555549666668
1270800 	0.3680556079666667
1274400 	0.3533333969333334
1278000 	0.2061111293666667
1281600 	0.46374999999999994
1285200 	0.1325000053
1288800 	0.0
1292400 	0.0
1296000 	0.014722221633333334
1299600 	0.0
1303200 	0.0
1306800 	0.014722221633333334
1310400 	0.029444450333333337
1314000 	0.4931945563333333
1317600 	0.9197647489333333
1321200 	0.9201388936000001
1324800 	0.9354188713333333
1328400 	0.8538890755666666
1332000 	0.3975
1335600 	0.08833333156666666
1339200 	0.0336139727
1342800 	0.5300000459333333
1346400 	0.8538888299999999
1350000 	0.07361110993333332
1353600 	0.2797221686333333
1357200 	0.2797222869999999
1360800 	0.10305556026666668
1364400 	0.3974999629000001
1368000 	0.2525415532333333
1371600 	0.06624999470000001
1375200 	0.029444450333333337
1378800 	0.02944444326666667
1382400 	0.0
1386000 	0.0
1389600 	0.0
1393200 	0.0
1396800 	0.1325000053
1400400 	0.6183332626666668
1404000 	0.8906944503333334
1407600 	1.0158332732666666
1411200 	0.5373611046333333
1414800 	0.5005555549666668
1418400 	0.6124994148666667
1422000 	0.13924954823333333
1425600 	0.5520834623
1429200 	0.6772223276333332
1432800 	0.6036109933333333
1436400 	0.029444450333333337
1440000 	0.07361112229999998
1443600 	0.07361111523333333
1447200 	0.25027778896666664
1450800 	0.36069445033333336
1454400 	0.07361112229999998
1458000 	0.07361112406666669
1461600 	0.02944444326666667
1465200 	0.0
1468800 	0.17666668433333335
1472400 	0.0
1476000 	0.0
1479600 	0.029444450333333337
1483200 	0.04416667196666667
1486800 	1.2366664900000002
1490400 	0.7643755506000001
1494000 	0.8833334623000001
1497600 	0.3459722216333334
1501200 	0.03680556203333334
1504800 	0.022083333333333333
1508400 	0.04416667196666667
1512000 	0.014722221633333334
1515600 	0.44902784903333326
1519200 	0.4269444609333334
1522800 	0.36069450333333336
1526400 	0.0441666649
1530000 	0.08833335100000002
1533600 	0.8128451706666667
1537200 	0.35333326620000005
1540800 	0.4999724966666667
1544400 	0.07361112406666669
1548000 	0.24291666666666664
1551600 	0.014722223400000001
1555200 	0.058888900666666674
1558800 	0.0
1562400 	0.0
1566000 	0.0
1569600 	0.014722221633333334
1573200 	0.8686109403333335
1576800 	0.7876388476666666
1580400 	1.0231943973333335
1584000 	0.17142067366666663
1587600 	0.08833335100000002
1591200 	0.0
1594800 	0.0588888936
1598400 	0.2797222216333333
1602000 	0.1913888883
1605600 	0.6477778349
1609200 	0.23555555496666672
1612800 	0.17666667196666666
1616400 	0.44991517326666675
1620000 	0.22083334039999997
1623600 	0.7876390102
1627200 	0.33861112230000007
1630800 	0.014722221633333334
1634400 	0.014722223400000001
1638000 	0.0
1641600 	0.0
1645200 	0.02944444326666667
1648800 	0.0
1652400 	0.0
1656000 	0.02944444326666667
1659600 	0.5815278366666667
1663200 	0.8612500106000001
1666800 	0.36805555496666675
1670400 	0.2576388883
1674000 	0.2355556203333333
1677600 	0.0
1681200 	0.2355556203333333
1684800 	0.04416667196666667
1688400 	0.007361111700000001
1692000 	0.4858333916333333
1695600 	0.28777366363333334
1699200 	0.6625
1702800 	0.7066666136666667
1706400 	0.6919443355
1710000 	0.33124994700000004
1713600 	0.15458333863333334
1717200 	0.3386110463333334
1720800 	0.02944444326666667
1724400 	0.0
1728000 	0.0
1731600 	0.0
1735200 	0.0
1738800 	0.0
1742400 	0.17666668433333335
1746000 	0.39750000529999996
1749600 	0.6845833563
1753200 	0.7802316259666667
1756800 	0.5310440434666667
1760400 	0.022083333333333333
1764000 	0.265
1767600 	0.04416667196666667
1771200 	0.20611116999999998
1774800 	0.029444450333333337
1778400 	0.41222230466666665
1782000 	0.08097221633333333
1785600 	0.1913889006666666
1789200 	0.1766666896333333
1792800 	1.4354164917666663
1796400 	0.3533333386333334
1800000 	0.43430550196666673
1803600 	0.11280821569999998
1807200 	0.0
1810800 	0.014722223400000001
1814400 	0.029444450333333337
1818000 	0.02944444326666667
1821600 	0.0
1825200 	0.0
1828800 	0.16194443796666666
1832400 	0.5447222923
1836000 	0.8170832803333333
1839600 	0.9716666136666666
1843200 	0.18287451956666664
1846800 	0.1251388883
1850400 	0.20611105163333338
1854000 	0.0
1857600 	0.30180551433333336
1861200 	0.05152778366666667
1864800 	0.036115867733333334
1868400 	0.47111111699999997
1872000 	0.4122221686333333
1875600 	0.9275000636
1879200 	0.9385035667333332
1882800 	0.5520833368666666
1886400 	0.07361111523333333
1890000 	0.0
1893600 	0.0
1897200 	0.014722221633333334
1900800 	0.02944444326666667
1904400 	0.0
1908000 	0.0
1911600 	0.0
1915200 	0.0
1918800 	0.7361111152333332
1922400 	1.1777778772999998
1926000 	0.9240072169666668
1929600 	0.45685120023333325
1933200 	0.4343056203333333
1936800 	0.26500001766666664
1940400 	0.5741666543000001
1944000 	0.10305557263333331
1947600 	0.30916666666666665
1951200 	0.4858333315666667
1954800 	0.0441666649
1958400 	0.6625001236666666
1962000 	0.4122221739333334
1965600 	0.48583334216666657
1969200 	0.147222234
1972800 	0.27972216333333333
1976400 	0.1472222269333333
1980000 	0.14722221633333332
1983600 	0.0
1987200 	0.02944444326666667
1990800 	0.0
1994400 	0.02944444326666667
1998000 	0.0
2001600 	0.0
2005200 	0.25027783666666664
2008800 	0.8391666472333332
2012400 	1.7298611700000002
2016000 	0.7979275186
2019600 	0.6919444856666667
2023200 	0.8686109862666667
2026800 	0.2355555373
2030400 	0.22819438496666672
2034000 	0.1913889059666667
2037600 	0.6404166083666667
2041200 	0.47111111699999997
2044800 	0.338611117
2048400 	0.029444450333333337
2052000 	0.10305557263333333
2055600 	0.20611112760000003
2059200 	0.2732060836333334
2062800 	0.2541598994
2066400 	0.0
2070000 	0.0
2073600 	0.0
2077200 	0.0
2080800 	0.0
2084400 	0.029444450333333337
2088000 	0.014722221633333334
2091600 	0.3754167249666666
2095200 	0.9201389359999999
2098800 	1.5531946093333335
2102400 	0.5887944794
2106000 	0.22083327326666674
2109600 	0.04416667196666667
2113200 	0.04416667196666667
2116800 	0.05152777836666667
2120400 	0.04416666666666667
2124000 	0.02910018
2127600 	0.2944443832
2131200 	0.47111110993333327
2134800 	1.0894442666
2138400 	0.2208333333333333
2142000 	0.21347222870000002
2145600 	0.2355555620333333
2149200 	0.04416667196666667
2152800 	0.11777778366666666
2156400 	0.0
2160000 	0.0
2163600 	0.0
2167200 	0.0
2170800 	0.029444450333333337
2174400 	0.04416667196666667
2178000 	0.3975000105999999
2181600 	1.03791649
2185200 	1.3544442736666666
2188800 	0.7581944503333333
2192400 	0.07361112229999998
2196000 	0.0588888936
2199600 	0.07361110993333332
2203200 	0.0
2206800 	0.05888888653333334
2210400 	0.059179317700000005
2214000 	0.02944444326666667
2217600 	0.6772221103333333
2221200 	0.6919445669333334
2224800 	0.5888887699333334
2228400 	0.46375001059999993
2232000 	0.014722221633333334
2235600 	0.2208333315666667
2239200 	0.15458333333333332
2242800 	0.0
2246400 	0.0
2250000 	0.0
2253600 	0.0
2257200 	0.014722221633333334
2260800 	0.029444450333333337
2264400 	0.5079166666666667
2268000 	0.7950001289666667
2271600 	0.8686111806000001
2275200 	0.7581943266666666
2278800 	0.30916666666666665
2282400 	0.04416667196666667
2286000 	0.022083333333333333
2289600 	0.264999947
2293200 	0.029444450333333337
2296800 	0.04416667196666667
2300400 	0.02944444326666667
2304000 	0.24153791936666663
2307600 	0.5300000106
2311200 	0.5962499470000001
2314800 	0.7361111682333333
2318400 	0.08097222693333332
2322000 	0.10305554966666668
2325600 	0.0
2329200 	0.0
2332800 	0.058888900666666674
2336400 	0.0
2340000 	0.0
2343600 	0.0
2347200 	0.029444450333333337
2350800 	0.8686110463333333
2354400 	0.8391666066
2358000 	1.0673613007333331
2361600 	0.352156009
2365200 	0.30916665960000006
2368800 	0.2650000070666667
2372400 	0.058888900666666674
2376000 	0.022083333333333333
2379600 	0.0662500053
2383200 	0.25027771830000006
2386800 	0.20611111699999995
2390400 	0.8538888812333335
2394000 	0.6183333563
2397600 	0.41222215626666664
2401200 	0.08097222163333333
2404800 	0.29096386789999995
2408400 	0.11777778896666666
2412000 	0.029444450333333337
2415600 	0.0
2419200 	0.0
2422800 	0.014722221633333334
2426400 	0.0
2430000 	0.0
2433600 	0.0588888883
2437200 	0.265
2440800 	0.8244444326666668
2444400 	0.8820215320999999
2448000 	1.1630224423333333
2451600 	0.3974999346333334
2455200 	0.029444450333333337
2458800 	0.058888900666666674
2462400 	0.0
2466000 	0.02944444326666667
2469600 	0.04416667196666667
2473200 	0.5005554966666667
2476800 	0.1913889059666667
2480400 	0.5447221156333333
2484000 	0.5079166154333334
2487600 	0.5741666048333333
2491200 	0.25795970436666665
2494800 	0.1177777766
2498400 	0.058888883
2502000 	0.0
2505600 	0.02944444326666667
2509200 	0.0
2512800 	0.0
2516400 	0.0
2520000 	0.0
2523600 	0.4269443849666666
2527200 	0.7361110516333333
2530800 	1.4943054913666665
2534400 	0.9054166313333335
2538000 	0.5714511975333333
2541600 	0.2576388883
2545200 	0.21347223399999998
2548800 	0.13559224966666666
2552400 	0.36805551963333333
2556000 	0.8170833315666668
2559600 	0.10305555496666664
2563200 	0.04416667196666667
2566800 	0.7361111222999999
2570400 	0.03680556203333334
2574000 	0.2502777713
2577600 	0.6477776582333333
2581200 	0.10305556556666665
2584800 	0.014722221633333334
2588400 	0.0
2592000 	0.0
2595600 	0.0
2599200 	0.0
2602800 	0.0
2606400 	0.014722221633333334
2610000 	0.20611111699999995
2613600 	0.7802777836666667
2617200 	0.9348612283000002
2620800 	0.6772221792333334
2624400 	0.6404166825666667
2628000 	0.9720283987333332
2631600 	1.0228906879
2635200 	0.073611117
2638800 	0.1325000159
2642400 	0.6625
2646000 	0.2649999523
2649600 	0.2650000565333334
2653200 	0.07361111523333333
2656800 	0.20611112230000003
2660400 	0.3975000688999999
2664000 	0.11777779426666668
2667600 	0.03688275653333334
2671200 	0.029444450333333337
2674800 	0.0
2678400 	0.0
2682000 	0.0
2685600 	0.0
2689200 	0.0
2692800 	0.029444450333333337
2696400 	0.8318054489666667
2700000 	0.42694446093333327
2703600 	0.8232725673333332
2707200 	0.8170834446333334
2710800 	0.2944445033333333
2714400 	0.0
2718000 	0.07361112229999998
2721600 	0.014722221633333334
2725200 	0.014722221633333334
2728800 	0.014722221633333334
2732400 	0.5962499399333333
2736000 	0.13986111699999998
2739600 	1.3544443266666666
2743200 	0.7361110534000002
2746800 	0.1840277889666667
2750400 	0.8023612936666665
2754000 	0.3827777130000001
2757600 	0.0
2761200 	0.0
2764800 	0.0
2768400 	0.0
2772000 	0.02944444326666667
2775600 	0.0
2779200 	0.08833333333333333
2782800 	0.7213890066666667
2786400 	1.0842934863333336
2790000 	0.8170833333333334
2793600 	0.22083334393333337
2797200 	0.338611117
2800800 	0.0
2804400 	0.014722221633333334
2808000 	0.04416667196666667
2811600 	0.029444450333333337
2815200 	0.04416667196666667
2818800 	0.264999947
2822400 	0.7508333262666667
2826000 	0.6036111099333333
2829600 	0.5005556132666665
2833200 	0.3312500176666667
2836800 	0.014722221633333334
2840400 	0.1840277889666667
2844000 	0.02944444326666667
2847600 	0.0
2851200 	0.0
2854800 	0.0
2858400 	0.0
2862000 	0.0
2865600 	0.07361112229999998
2869200 	0.6846979864666667
2872800 	0.323888883
2876400 	0.9495833439333335
2880000 	0.5079166949333334
2883600 	0.1172273239
2887200 	0.0588888883
2890800 	0.014722221633333334
2894400 	0.014722221633333334
2898000 	0.07361112229999998
2901600 	0.14722223399999998
2905200 	0.3827778295999999
2908800 	0.25027783666666664
2912400 	1.280833298
2916000 	0.22083335629999998
2919600 	0.31652777130000004
2923200 	0.35323401839999996
2926800 	0.6256943266666667
2930400 	0.0
2934000 	0.0
2937600 	0.0
2941200 	0.0
2944800 	0.02944444326666667
2948400 	0.0
2952000 	0.014722221633333334
2955600 	0.3974998816333335
2959200 	1.0600000582999998
2962800 	0.7581944556333334
2966400 	0.4281369026333334
2970000 	0.21347223400000004
2973600 	0.02944444326666667
2977200 	0.24813287366666664
2980800 	0.21347222163333335
2984400 	0.007361111700000001
2988000 	0.0588888936
2991600 	0.2355556203333333
2995200 	0.8686111222999999
2998800 	0.10305557440000002
3002400 	0.9863889077333334
3006000 	0.2576389059666667
3009600 	0.4195833386333333
3013200 	0.06625001236666668
3016800 	0.0
3020400 	0.0
3024000 	0.0
3027600 	0.0
3031200 	0.0
3034800 	0.08833335100000002
3038400 	0.014722221633333334
3042000 	0.38277766
3045600 	0.4416666666666666
3049200 	0.5898285677
3052800 	0.7361111682333332
3056400 	0.39013888300000005
3060000 	0.014722221633333334
3063600 	0.029444450333333337
3067200 	0.022083333333333333
3070800 	0.20611111699999995
3074400 	0.20611105163333338
3078000 	0.04416667196666667
3081600 	0.3386110569333334
3085200 	1.266110958
3088800 	0.8429625690666666
3092400 	0.1325000053
3096000 	0.25763889360000003
3099600 	0.16309369350000003
3103200 	0.0
3106800 	0.0
3110400 	0.0
3114000 	0.0
3117600 	0.0
3121200 	0.0
3124800 	0.058888883
3128400 	0.47111099333333334
3132000 	0.655138883
3135600 	0.9569444962666667
3139200 	0.30916666666666665
3142800 	0.2797222163333334
3146400 	0.1472222269333333
3150000 	0.08833334393333334
3153600 	0.3312499646666666
3157200 	0.058888893600000006
3160800 	0.35333335629999996
3164400 	0.014722221633333334
3168000 	0.19138883
3171600 	0.27972228523333337
3175200 	0.08097222693333332
3178800 	0.3091667285
3182400 	0.3358259263666667
3186000 	0.47111110993333344
3189600 	0.04416666666666667
3193200 	0.0
3196800 	0.0
3200400 	0.02944444326666667
3204000 	0.0
3207600 	0.0
3211200 	0.16194443796666666
3214800 	0.7802778366666667
3218400 	0.603611064
3222000 	0.8612500123666668
3225600 	0.3238888953666666
3229200 	0.5528520100000001
3232800 	0.7066665377000001
3236400 	0.19138891656666665
3240000 	0.2797222446
3243600 	0.36805557263333327
3247200 	0.4122222216333333
3250800 	0.07361112229999998
3254400 	0.1177777766
3258000 	0.39750005829999996
3261600 	0.1398611081666667
3265200 	0.3680555602666667
3268800 	0.2650000053
3272400 	0.47102880269999997
3276000 	0.014722221633333334
3279600 	0.02944444326666667
3283200 	0.0
3286800 	0.0
3290400 	0.0
3294000 	0.0
3297600 	0.17666666666666667
3301200 	0.42694443796666665
3304800 	0.48583332626666675
3308400 	0.9201389236333335
3312000 	0.9130203876333333
3315600 	0.5741666666666667
3319200 	0.10305556733333333
3322800 	0.06625001236666668
3326400 	0.2273360358333334
3330000 	0.2355555602666667
3333600 	0.20611116999999998
3337200 	0.3533332909333333
3340800 	0.45638883
3344400 	0.6330554366
3348000 	0.18402778366666667
3351600 	0.19138889890000002
3355200 	0.5300000706666667
3358800 	0.05888888653333334
3362400 	0.17666666666666667
3366000 	0.0
3369600 	0.058888900666666674
3373200 	0.0
3376800 	0.0
3380400 	0.0
3384000 	0.0
3387600 	0.4490279020333333
3391200 	0.6036111576333333
3394800 	0.6930057170333334
3398400 	0.6404165942333333
3402000 	0.6413204315
3405600 	0.058888883
3409200 	0.0
3412800 	0.15458333863333334
3416400 	0.20282828286666665
3420000 	0.3974999523
3423600 	0.8538888353
3427200 	0.2502777836666667
3430800 	0.3386111276
3434400 	0.2502777236
3438000 	0.5009570052333334
3441600 	0.37541671966666657
3445200 	0.07361112229999998
3448800 	0.014722221633333334
3452400 	0.0
3456000 	0.0
3459600 	0.0
3463200 	0.0
3466800 	0.0
3470400 	0.058888900666666674
3474000 	0.47111099863333333
3477600 	0.265
3481200 	0.4048611046333333
3484800 	0.49319450156666655
3488400 	0.2723611117
3492000 	0.24291666666666664
3495600 	0.029444450333333337
3499200 	0.11777780133333335
3502800 	0.22083339163333335
3506400 	0.6404166136666667
3510000 	0.029444450333333337
3513600 	0.9275000106
3517200 	0.08833333686666667
3520800 	0.8980556203333333
3524400 	0.3713913661333334
3528000 	0.05082186606666667
3531600 	0.16930557263333335
3535200 	0.0
3538800 	0.02944444326666667
3542400 	0.0
3546000 	0.0
3549600 	0.0
3553200 	0.0
3556800 	0.029444450333333337
3560400 	0.5594445792999999
3564000 	0.6845833916333331
3567600 	1.1115277183
3571200 	0.17666667903333333
3574800 	0.03680555496666666
3578400 	0.014722221633333334
3582000 	0.4490277783666667
3585600 	0.04416667196666667
3589200 	0.23555555496666672
3592800 	0.29444445033333333
3596400 	0.0
3600000 	0.8244443849666665
3603600 	0.4416667832666667
3607200 	0.4269444609333334
3610800 	0.36128764399999996
3614400 	0.5594443849666667
3618000 	0.058888900666666674
3621600 	0.014722221633333334
3625200 	0.0
3628800 	0.0
3632400 	0.02944444326666667
3636000 	0.0
3639600 	0.0
3643200 	0.1325
3646800 	0.42694433196666665
3650400 	0.7655555143333335
3654000 	0.8465277889666665
3657600 	0.4490277836666666
3661200 	0.08833332626666666
3664800 	0.47111099863333333
3668400 	0.04416667196666667
3672000 	0.15458334569999999
3675600 	0.014722221633333334
3679200 	0.0
3682800 	0.04416667196666667
3686400 	0.8097222269333333
3690000 	0.2650000053
3693600 	0.7213889006666667
3697200 	1.0956783562666665
3700800 	0.3533334216666666
3704400 	0.07361110993333332
3708000 	0.0
3711600 	0.02944444326666667
3715200 	0.0
3718800 	0.0
3722400 	0.0
3726000 	0.014722221633333334
3729600 	0.08833335100000002
3733200 	0.4784722216333334
3736800 	0.9495833386333336
3740400 	0.6772222923000001
3744000 	0.8244444980333332
3747600 	0.6109721633333334
3751200 	0.6410544386333333
3754800 	0.15539692396666668
3758400 	0.08833333333333333
3762000 	0.33861113466666665
3765600 	0.5594445616333333
3769200 	0.3091666719666667
3772800 	0.058888900666666674
3776400 	0.8538890225666669
3780000 	0.20611110993333334
3783600 	0.08097222693333332
3787200 	0.17666668786666667
3790800 	0.02955744633333333
3794400 	0.02944444326666667
3798000 	0.0
3801600 	0.0
3805200 	0.0
3808800 	0.0
3812400 	0.0
3816000 	0.0
3819600 	0.6036110516333333
3823200 	0.7434723399999998
3826800 	1.0893661516666666
3830400 	1.0968057369333335
3834000 	0.3505942827333334
3837600 	0.8170834092999998
3841200 	0.5079166013
3844800 	0.1913888883
3848400 	0.7213889536666667
3852000 	0.6625001342666665
3855600 	0.06624999823333333
3859200 	0.014722221633333334
3862800 	0.16194443796666666
3866400 	0.2502777819
3870000 	0.2944443885000001
3873600 	0.2945978959333333
3877200 	0.2723611276
3880800 	0.007361111700000001
3884400 	0.0
3888000 	0.0
3891600 	0.0
3895200 	0.0
3898800 	0.0
3902400 	0.0
3906000 	0.1325000053
3909600 	0.8244444503333334
3913200 	1.1483335223666666
3916800 	0.6745525179999999
3920400 	0.1913888883
3924000 	0.45638895896666665
3927600 	0.4416667832666667
3931200 	0.20611105163333338
3934800 	0.058888900666666674
3938400 	0.014722221633333334
3942000 	0.41222227993333327
3945600 	0.07355327456666667
3949200 	0.8097223382333334
3952800 	0.5594443196000002
3956400 	0.25027784196666664
3960000 	0.10305556733333333
3963600 	0.26500001766666664
3967200 	0.0
3970800 	0.014722221633333334
3974400 	0.0
3978000 	0.0
3981600 	0.0
3985200 	0.0
3988800 	0.014722221633333334
3992400 	0.10305555496666664
3996000 	0.8980554436666669
3999600 	1.5531944485666667
4003200 	0.4810034150666667
4006800 	0.30916666666666665
4010400 	0.1325
4014000 	0.27972216333333333
4017600 	0.16194444326666665
4021200 	0.06625
4024800 	0.1766666596
4028400 	0.4343054966666667
4032000 	0.07361112229999998
4035600 	0.2281944450333333
4039200 	0.7247918787333333
4042800 	0.4122222287
4046400 	0.20611105163333338
4050000 	0.191388883
4053600 	0.04416667196666667
4057200 	0.0
4060800 	0.0
4064400 	0.0
4068000 	0.0
4071600 	0.0
4075200 	0.23555555496666672
4078800 	0.41222216333333334
4082400 	0.4269444503333333
4086000 	1.4059722746333334
4089600 	0.7153793826
4093200 	0.4269444503333333
4096800 	0.22083327326666674
4100400 	0.0
4104000 	0.0441666649
4107600 	0.04416667196666667
4111200 	0.38277783666666665
4114800 	0.30916666666666665
4118400 	1.0452778949666663
4122000 	0.19138888123333334
4125600 	0.12513890066666664
4129200 	0.3386111470333333
4132800 	0.15458333333333332
4136400 	0.051527776600000005
4140000 	0.0
4143600 	0.0
4147200 	0.0
4150800 	0.0
4154400 	0.0
4158000 	0.014722221633333334
4161600 	0.0
4165200 	0.265000053
4168800 	0.8612500600666667
4172400 	1.3691666666666669
4176000 	0.8988316922666669
4179600 	0.058888900666666674
4183200 	0.029444450333333337
4186800 	0.0
4190400 	0.0
4194000 	0.48583322733333334
4197600 	0.0441666649
4201200 	0.0
4204800 	0.3680556203333334
4208400 	0.3238889713333333
4212000 	0.5040794295666666
4215600 	0.4784721757
4219200 	0.4784721050333334
4222800 	0.14722222163333332
4226400 	0.014722223400000001
4230000 	0.0
4233600 	0.0
4237200 	0.0
4240800 	0.0
4244400 	0.0
4248000 	0.0
4251600 	0.39750005829999996
4255200 	0.8833333563000001
4258800 	1.2440277766
4262400 	1.0197165373333332
4266000 	0.1325000053
4269600 	0.02944444326666667
4273200 	0.03680555496666666
4276800 	0.25027783490000005
4280400 	0.0
4284000 	0.0
4287600 	0.6036111169999999
4291200 	0.04416667196666667
4294800 	0.7655553783
4298400 	0.48583327326666675
4302000 	0.6551389501333333
4305600 	0.24291667903333333
4309200 	0.11777778366666666
4312800 	0.13133408833333335
4316400 	0.0
4320000 	0.0
4323600 	0.0
4327200 	0.014722221633333334
4330800 	0.0
4334400 	0.0
4338000 	0.20611116999999998
4341600 	0.5447222234
4345200 	1.273472105033333
4348800 	0.7361110534
4352400 	0.5672003396
4356000 	0.6772222923000001
4359600 	0.1177777872
4363200 	0.3533333439333333
4366800 	0.30265232006666665
4370400 	0.22083333863333338
4374000 	0.8686110516333332
4377600 	0.11777778896666666
4381200 	0.3533333439333333
4384800 	0.7066666136666667
4388400 	0.4563888353
4392000 	0.07361112229999998
4395600 	0.10305555496666664
4399200 	0.20611116999999998
4402800 	0.0
4406400 	0.0
4410000 	0.0
4413600 	0.0
4417200 	0.0
4420800 	0.16194443796666666
4424400 	0.036805549666666666
4428000 	0.8097221633333332
4431600 	1.3311388097999999
4435200 	1.1678893793333336
4438800 	0.5668055973666666
4442400 	0.5226388953666666
4446000 	0.44166660660000007
4449600 	0.4416665483000001
4453200 	0.5152777836666667
4456800 	0.9422223452999999
4460400 	0.3091666719666667
4464000 	0.02944444326666667
4467600 	0.05888889536666667
4471200 	0.24238825313333337
4474800 	0.11777779426666668
4478400 	0.33068028533333327
4482000 	0.08833334393333334
4485600 	0.05888889536666667
4489200 	0.0
4492800 	0.0
4496400 	0.0
4500000 	0.0
4503600 	0.0588888936
4507200 	0.08833333333333333
4510800 	0.5962500053
4514400 	0.9422222039666667
4518000 	1.0894444450333334
4521600 	0.39646653886666666
4525200 	0.058888900666666674
4528800 	0.04416667373333334
4532400 	0.014722223400000001
4536000 	0.04416667196666667
4539600 	0.2208333333333333
4543200 	0.25027784373333334
4546800 	0.23555549666666667
4550400 	0.5226787213333333
4554000 	1.2440278896666668
4557600 	0.16194445563333335
4561200 	0.22083334393333337
4564800 	0.2797222251666667
4568400 	0.04416667196666667
4572000 	0.0
4575600 	0.058888900666666674
4579200 	0.0
4582800 	0.0
4586400 	0.0
4590000 	0.0
4593600 	0.10305554966666668
4597200 	0.7066666666666667
4600800 	0.5137474793333333
4604400 	0.898055602666667
4608000 	0.6183333386333334
4611600 	0.15458333156666665
4615200 	0.5005554436666666
4618800 	0.16194443796666666
4622400 	0.10305557263333331
4626000 	0.537361117
4629600 	0.022083333333333333
4633200 	0.3386111753
4636800 	0.44166667726666664
4640400 	0.23555556733333333
4644000 	0.6183333315666667
4647600 	0.16194445563333332
4651200 	0.07361111523333333
4654800 	0.3010448848333333
4658400 	0.0
4662000 	0.0
4665600 	0.0
4669200 	0.0
4672800 	0.0
4676400 	0.0
4680000 	0.0588888936
4683600 	0.91277766
4687200 	0.6625000759666666
4690800 	0.9275000459333335
4694400 	0.6551388936
4698000 	0.0515277713
4701600 	0.20611116999999998
4705200 	0.029444450333333337
4708800 	0.27972228699999996
4712400 	0.11777779426666668
4716000 	0.014722221633333334
4719600 	0.32388895366666665
4723200 	0.29444443266666664
4726800 	0.8391667832666665
4730400 	0.9278250772666669
4734000 	0.28708333863333335
4737600 	0.0736111117
4741200 	0.0662500053
4744800 	0.029444450333333337
4748400 	0.0
4752000 	0.014722221633333334
4755600 	0.0
4759200 	0.0
4762800 	0.02944444326666667
4766400 	0.029444450333333337
4770000 	0.6036109933333333
4773600 	0.6698611170000001
4777200 	1.001111117
4780800 	0.5299651083333333
4784400 	0.552083404
4788000 	0.10305557263333331
4791600 	0.014722221633333334
4795200 	0.02944444326666667
4798800 	0.24291673203333328
4802400 	0.26500005829999995
4806000 	0.2870832732666667
4809600 	0.6249643576666667
4813200 	0.3827777130000001
4816800 	0.25027778896666664
4820400 	0.6919443849666667
4824000 	0.13986110993333334
4827600 	0.22464793766666666
4831200 	0.0
4834800 	0.0
4838400 	0.0
4842000 	0.0
4845600 	0.0
4849200 	0.014722221633333334
4852800 	0.0
4856400 	0.9127779073333333
4860000 	0.750833262666667
4863600 	1.3176389483666666
4867200 	0.6551388476666666
4870800 	0.02944444503333334
4874400 	0.0588888936
4878000 	0.16930556733333335
4881600 	0.08833333333333333
4885200 	0.014722221633333334
4888800 	0.294444521
4892400 	0.5738692412666666
4896000 	0.20611116999999998
4899600 	0.35333333863333344
4903200 	0.4195832856333333
4906800 	0.19875
4910400 	0.1766666896333333
4914000 	0.39750000529999996
4917600 	0.029444450333333337
4921200 	0.0
4924800 	0.0
4928400 	0.0
4932000 	0.0
4935600 	0.0
4939200 	0.014722221633333334
4942800 	0.10305556026666665
4946400 	1.302916596
4950000 	1.9506943920333333
4953600 	0.8833648029666666
4957200 	0.5726451603333332
4960800 	0.5373611647000001
4964400 	0.3606944379666667
4968000 	0.3165277836666667
4971600 	0.10305556026666668
4975200 	0.4563889589666666
4978800 	0.08833334393333334
4982400 	0.26500007066666664
4986000 	0.5005555655666666
4989600 	0.18402778013333332
4993200 	0.25027771830000006
4996800 	0.5226388883
5000400 	0.10379198113333331
5004000 	0.02944444326666667
5007600 	0.0
5011200 	0.0
5014800 	0.0
5018400 	0.0
5022000 	0.0
5025600 	0.19138888123333334
5029200 	0.45638888299999997
5032800 	1.1262498286333333
5036400 	0.9937499876333332
5040000 	0.8465278543333333
5043600 	0.4976192189333333
5047200 	0.6330556715666666
5050800 	0.3975000759666667
5054400 	0.1325000106
5058000 	0.36805556556666663
5061600 	0.44166661366666665
5065200 	0.428428415
5068800 	0.2355556203333333
5072400 	0.3386111099333333
5076000 	0.2355556203333333
5079600 	0.10305556556666665
5083200 	0.34586740529999993
5086800 	0.07361111523333333
5090400 	0.0
5094000 	0.058888900666666674
5097600 	0.029444450333333337
5101200 	0.0
5104800 	0.0
5108400 	0.0
5112000 	0.17666668433333335
5115600 	0.39750000529999996
5119200 	0.9127777836666667
5122800 	0.9643055090333335
5126400 	0.5073198566333335
5130000 	0.3533332679666667
5133600 	0.014722221633333334
5137200 	0.0
5140800 	0.0
5144400 	0.11777779426666668
5148000 	0.40486105163333336
5151600 	0.15458334569999999
5155200 	0.26500005829999995
5158800 	0.6330554949
5162400 	0.8023609262000001
5166000 	0.14722223399999998
5169600 	0.04416667373333334
5173200 	0.2208333315666667
5176800 	0.058888900666666674
5180400 	0.014722223400000001
5184000 	0.0
5187600 	0.0
5191200 	0.0
5194800 	0.029444450333333337
5198400 	0.16194445563333335
5202000 	0.45638890066666665
5205600 	0.46374999470000006
5209200 	1.0415656460000002
5212800 	0.2429166772666667
5216400 	0.3018054966666667
5220000 	0.029444450333333337
5223600 	0.007361111700000001
5227200 	0.058888893600000006
5230800 	0.2576389466
5234400 	0.02944444503333334
5238000 	0.26499999823333337
5241600 	0.7361110569333335
5245200 	0.35333333156666674
5248800 	1.2587500123666666
5252400 	0.7508334040000001
5256000 	0.07361112229999998
5259600 	0.26484656323333333
5263200 	0.0
5266800 	0.0
5270400 	0.02944444326666667
5274000 	0.0
5277600 	0.0
5281200 	0.0
5284800 	0.20611111699999995
5288400 	0.5888887770000001
5292000 	0.478472234
5295600 	0.8391667249666667
5299200 	0.3018055673333333
5302800 	0.3312499417
5306400 	0.10305557263333331
5310000 	0.04416667196666667
5313600 	0.007361111700000001
5317200 	0.27972223399999996
5320800 	0.7178386868333333
5324400 	0.353333351
5328000 	0.2944443902666667
5331600 	0.3901388353
5335200 	0.6421908310666666
5338800 	0.4416666649
5342400 	0.1913889059666667
5346000 	0.3091667285
5349600 	0.0
5353200 	0.0
5356800 	0.02944444326666667
5360400 	0.02944444326666667
5364000 	0.0
5367600 	0.0
5371200 	0.0
5374800 	0.47111101099999997
5378400 	0.7140278366666666
5382000 	0.7655555125666668
5385600 	0.43628711896666666
5389200 	0.2061111152333334
5392800 	0.029444450333333337
5396400 	0.0
5400000 	0.058888900666666674
5403600 	0.17666668433333332
5407200 	0.2944444026333334
5410800 	0.7950000512333333
5414400 	0.20611116999999998
5418000 	0.5152777112333333
5421600 	0.7434721103333334
5425200 	0.5594444379666667
5428800 	0.1987500070666667
5432400 	0.10305557263333331
5436000 	0.014722221633333334
5439600 	0.0
5443200 	0.0
5446800 	0.0
5450400 	0.058888900666666674
5454000 	0.0
5457600 	0.0
5461200 	0.5594445263
5464800 	0.8906943973333334
5468400 	0.7012214007333333
5472000 	0.28064221329999994
5475600 	0.47847216333333337
5479200 	0.029444450333333337
5482800 	0.04416666666666667
5486400 	0.22083339163333335
5490000 	0.058888900666666674
5493600 	0.04416666666666667
5497200 	0.2061111099333333
5500800 	0.264999947
5504400 	0.1472222269333333
5508000 	1.4059720979666663
5511600 	0.6993056962999998
5515200 	0.3312500547666668
5518800 	0.2615282297
5522400 	0.0
5526000 	0.02944444326666667
5529600 	0.0
5533200 	0.02944444326666667
5536800 	0.0
5540400 	0.0
5544000 	0.029444450333333337
5547600 	0.3091666543
5551200 	1.0158332626666668
5554800 	0.8538888653333334
5558400 	0.8980554949000001
5562000 	0.7655556450666667
5565600 	0.5373611223
5569200 	0.20995389259999997
5572800 	0.11806303850000001
5576400 	0.4563889413000001
5580000 	0.11777778896666666
5583600 	0.04416666666666667
5587200 	1.1336109827333332
5590800 	0.44166660129999996
5594400 	0.6404166719666666
5598000 	0.3901388423666667
5601600 	0.22083335806666668
5605200 	0.07361112229999998
5608800 	0.029444450333333337
5612400 	0.0
5616000 	0.0
5619600 	0.0
5623200 	0.0
5626800 	0.0
5630400 	0.014722221633333334
5634000 	0.04416667196666667
5637600 	1.1188888883
5641200 	1.6194443089999997
5644800 	0.9137361102333332
5648400 	0.4931944379666667
5652000 	0.5138283378999999
5655600 	0.3606945157
5659200 	0.2649999523
5662800 	1.0231945616333336
5666400 	0.8980553730000002
5670000 	0.13250000883333332
5673600 	0.05152778366666667
5677200 	0.22083339163333335
5680800 	0.04416667196666667
5684400 	0.4269444556333334
5688000 	0.2944444609333333
5691600 	0.27972223929999995
5695200 	0.007361111700000001
5698800 	0.0
5702400 	0.0
5706000 	0.0
5709600 	0.0
5713200 	0.0
5716800 	0.0
5720400 	0.30916661366666665
5724000 	0.8097221986666667
5727600 	0.6528983132999999
5731200 	0.5888887646333334
5734800 	0.13986113466666666
5738400 	0.0588888936
5742000 	0.4416667249666666
5745600 	0.04416666666666667
5749200 	0.029444450333333337
5752800 	0.2650000053
5756400 	0.2650000053
5760000 	0.25027778896666664
5763600 	0.5005555019666666
5767200 	0.677222234
5770800 	1.1115276069999998
5774400 	0.4195833368666666
5778000 	0.0996423373
5781600 	0.0
5785200 	0.0
5788800 	0.0
5792400 	0.0
5796000 	0.0
5799600 	0.0
5803200 	0.014722221633333334
5806800 	0.25027773066666664
5810400 	0.7802777660000001
5814000 	1.1998611806
5817600 	0.41958338633333336
5821200 	0.38277766
5824800 	0.02944444326666667
5828400 	0.014722221633333334
5832000 	0.29444438673333334
5835600 	0.0
5839200 	0.05152778366666667
5842800 	0.22075998309999997
5846400 	0.6183333315666667
5850000 	0.4269444026333333
5853600 	0.9274999469999999
5857200 	0.1766666702
5860800 	0.2797222269333333
5864400 	0.22083339163333335
5868000 	0.014722221633333334
5871600 	0.0
5875200 	0.0
5878800 	0.0
5882400 	0.0
5886000 	0.0
5889600 	0.029444450333333337
5893200 	0.36805555496666664
5896800 	0.3754166843333333
5900400 	1.2587501289666667
5904000 	0.8207454089666666
5907600 	0.58888883
5911200 	0.0
5914800 	0.058888900666666674
5918400 	0.26499999823333337
5922000 	0.29444444326666663
5925600 	0.04416667196666667
5929200 	0.25027783666666664
5932800 	0.2870832732666667
5936400 	0.5005555602666667
5940000 	0.610972234
5943600 	0.33861118059999995
5947200 	0.4711112283
5950800 	0.20611110463333332
5954400 	0.0
5958000 	0.0
5961600 	0.014722223400000001
5965200 	0.0
5968800 	0.0
5972400 	0.0
5976000 	0.073611117
5979600 	0.20611105163333338
5983200 	1.1483333987
5986800 	0.8318055620333333
5990400 	0.5852197760333334
5994000 	0.3974999894000001
5997600 	0.2870832732666667
6001200 	0.20611105163333338
6004800 	0.0
6008400 	0.20611111699999995
6012000 	0.029444450333333337
6015600 	0.22083328033333333
6019200 	0.3386111576333333
6022800 	0.7213890755666668
6026400 	0.5594445263
6030000 	0.20611112230000003
6033600 	0.2944443849666667
6037200 	0.41222216333333334
6040800 	0.014722223400000001
6044400 	0.0
6048000 	0.0
6051600 	0.0
6055200 	0.0
6058800 	0.0
6062400 	0.22083339163333335
6066000 	0.10305555496666664
6069600 	0.7140278490333333
6073200 	1.5237501113
6076800 	0.8166135943333334
6080400 	0.191388883
6084000 	0.19138883
6087600 	0.08754204333333333
6091200 	0.04416667373333334
6094800 	0.029444450333333337
6098400 	0.2355556203333333
6102000 	0.029444450333333337
6105600 	0.47111116999999997
6109200 	0.5299999399333333
6112800 	0.4637499399333334
6116400 	0.7357473250000001
6120000 	0.36805557263333327
6123600 	0.05839885559999999
6127200 	0.014722221633333334
6130800 	0.0
6134400 	0.0
6138000 	0.0
6141600 	0.0
6145200 	0.014722221633333334
6148800 	0.014722221633333334
6152400 	0.2208333333333333
6156000 	0.5962500706666666
6159600 	1.4280553730000003
6163200 	0.4269443849666666
6166800 	0.41171131930000004
6170400 	0.353333351
6174000 	0.3165278490333333
6177600 	0.28708333863333335
6181200 	0.29414338030000003
6184800 	0.7361109880333333
6188400 	0.08833333156666666
6192000 	0.058888900666666674
6195600 	0.8097222799333333
6199200 	0.07361111523333333
6202800 	0.3091667232
6206400 	0.3754167302666666
6210000 	0.03680556203333334
6213600 	0.0
6217200 	0.0
6220800 	0.0
6224400 	0.0
6228000 	0.0
6231600 	0.029444450333333337
6235200 	0.014722221633333334
6238800 	0.17666667196666666
6242400 	0.345972234
6246000 	0.6993054966666666
6249600 	1.3323609880333334
6253200 	0.5655691656666667
6256800 	0.6036111064
6260400 	0.32388883353333336
6264000 	0.42694445740000003
6267600 	0.537361064
6271200 	0.6625
6274800 	0.4122222269333334
6278400 	0.02944444326666667
6282000 	0.07361111523333333
6285600 	0.25027771653333336
6289200 	0.08833332626666666
6292800 	0.35333333333333333
6296400 	0.07251288633333333
6300000 	0.0
6303600 	0.0
6307200 	0.0
6310800 	0.0
6314400 	0.0
6318000 	0.0
6321600 	0.0
6325200 	0.20611116999999998
6328800 	0.7508333333333334
6332400 	0.6477777836666667
6336000 	0.8161821231000002
6339600 	0.19138888829999998
6343200 	0.0
6346800 	0.02944444326666667
6350400 	0.073611117
6354000 	0.20611105163333338
6357600 	0.04416667196666667
6361200 	0.04416667196666667
6364800 	0.6922045425333334
6368400 	1.3397221633333334
6372000 	0.5079166278000001
6375600 	0.7949999929333333
6379200 	0.04416667196666667
6382800 	0.014722221633333334
6386400 	0.029444450333333337
6390000 	0.0
6393600 	0.0
6397200 	0.0
6400800 	0.0
6404400 	0.0
6408000 	0.014722221633333334
6411600 	0.014722221633333334
6415200 	0.2502777836666667
6418800 	0.5226388935999999
6422400 	0.38277777836666665
6426000 	0.18402778366666667
6429600 	0.11777778189999999
6433200 	0.0
6436800 	0.36805548959999995
6440400 	0.44166671966666665
6444000 	0.22083333863333338
6447600 	0.045865740666666675
6451200 	0.0441666649
6454800 	0.17666666666666667
6458400 	1.0338590962
6462000 	0.17666667726666668
6465600 	0.25027784196666664
6469200 	0.014722221633333334
6472800 	0.0
6476400 	0.0
6480000 	0.0
6483600 	0.0
6487200 	0.0
6490800 	0.0
6494400 	0.08833335100000002
6498000 	0.36805555496666675
6501600 	0.5668055602666666
6505200 	0.7655555602666667
6508800 	0.30916673733333333
6512400 	0.0
6516000 	0.0
6519600 	0.04416667196666667
6523200 	0.04416666666666667
6526800 	0.26500005829999995
6530400 	0.19138883
6534000 	0.02944444326666667
6537600 	0.4113554349
6541200 	0.23555557263333332
6544800 	0.2944444379666667
6548400 	0.7066666189666667
6552000 	0.30180556733333336
6555600 	0.04416666666666667
6559200 	0.0
6562800 	0.0
6566400 	0.0
6570000 	0.0
6573600 	0.0
6577200 	0.014722221633333334
6580800 	0.014722221633333334
6584400 	0.0
6588000 	0.44902777660000004
6591600 	0.7729166013
6595200 	0.5805581486666667
6598800 	0.04416667196666667
6602400 	0.0
6606000 	0.07361110463333333
6609600 	0.10305555496666664
6613200 	0.029444450333333337
6616800 	0.0
6620400 	0.3386111753
6624000 	0.1913889006666667
6627600 	0.14722223753333333
6631200 	1.8438371700333331
6634800 	0.2944444556333333
6638400 	0.05152777836666667
6642000 	0.014722223400000001
6645600 	0.0
6649200 	0.0
6652800 	0.0
6656400 	0.0
6660000 	0.0
6663600 	0.0
6667200 	0.014722221633333334
6670800 	0.07361112229999998
6674400 	0.7445811406333332
6678000 	0.5079166596000001
6681600 	0.39750005299999996
6685200 	0.23555555496666672
6688800 	0.03680555496666666
6692400 	0.25763883000000004
6696000 	0.014722221633333334
6699600 	0.07361112229999998
6703200 	0.30916661366666665
6706800 	0.014722221633333334
6710400 	0.5005556786333334
6714000 	0.2797222923
6717600 	0.58888883
6721200 	0.05930658836666666
6724800 	0.014722221633333334
6728400 	0.25763890066666667
6732000 	0.0588888936
6735600 	0.0
6739200 	0.0
6742800 	0.0
6746400 	0.0
6750000 	0.02944444326666667
6753600 	0.029444450333333337
6757200 	0.08097222163333333
6760800 	1.1115278419666668
6764400 	0.9495832732666667
6768000 	0.2797222110333334
6771600 	0.4525480436666667
6775200 	0.25027778896666664
6778800 	0.073611117
6782400 	0.04416667196666667
6786000 	0.5724459138999999
6789600 	0.08833333333333333
6793200 	0.4563890066666666
6796800 	0.07361112229999998
6800400 	0.0
6804000 	0.080972234
6807600 	0.5005554896
6811200 	0.1987499947
6814800 	0.1177777766
6818400 	0.014722223400000001
6822000 	0.0
6825600 	0.0
6829200 	0.0
6832800 	0.0
6836400 	0.0
6840000 	0.20611111699999995
6843600 	0.9422222869999999
6847200 	0.8182541033333333
6850800 	1.0084722693333332
6854400 	0.31557917376666667
6858000 	0.23555555496666672
6861600 	0.5888889165666666
6865200 	0.3018055496666667
6868800 	0.2355556203333333
6872400 	0.24291667196666666
6876000 	0.4416666666666666
6879600 	0.014722221633333334
6883200 	0.029444450333333337
6886800 	0.02944444326666667
6890400 	0.12885506456666668
6894000 	0.17666668433333332
6897600 	0.08833333333333333
6901200 	0.08833335100000002
6904800 	0.0
6908400 	0.0
6912000 	0.02944444326666667
6915600 	0.0
6919200 	0.0
6922800 	0.029444450333333337
6926400 	0.029444450333333337
6930000 	0.6330554966666666
6933600 	0.6330555072666666
6937200 	0.4858333916333333
6940800 	0.3459722746333333
6944400 	0.20611111699999995
6948000 	0.04416667196666667
6951600 	0.02944444326666667
6955200 	0.014722221633333334
6958800 	0.02944444326666667
6962400 	0.029444450333333337
6966000 	0.058888900666666674
6969600 	0.10235965966666667
6973200 	0.0
6976800 	1.1777778366666667
6980400 	0.11431344043333332
6984000 	0.08833333333333333
6987600 	0.2797222287
6991200 	0.0441666649
6994800 	0.0
6998400 	0.0
7002000 	0.0
7005600 	0.0
7009200 	0.029444450333333337
7012800 	0.23555554966666664
7016400 	0.507916596
7020000 	0.265
7023600 	0.9863888246999999
7027200 	0.3415513503
7030800 	0.30916661366666665
7034400 	0.09569443266666666
7038000 	0.07361112229999998
7041600 	0.029444450333333337
7045200 	0.0
7048800 	0.04416667196666667
7052400 	0.2355555019666667
7056000 	0.17666667196666666
7059600 	0.27972228699999996
7063200 	0.3091666066
7066800 	0.544722234
7070400 	0.20611111699999995
7074000 	0.04416667196666667
7077600 	0.02944444326666667
7081200 	0.0
7084800 	0.0
7088400 	0.0
7092000 	0.0
7095600 	0.02944444326666667
7099200 	0.08833335100000002
7102800 	0.7361111046333333
7106400 	0.6477777766
7110000 	0.6109721757000001
7113600 	0.14087293999999997
7117200 	0.04416667196666667
7120800 	0.014722221633333334
7124400 	0.014722221633333334
7128000 	0.05152778366666667
7131600 	0.265
7135200 	0.08833334393333334
7138800 	0.42694456163333333
7142400 	0.0588888883
7146000 	0.5299999523
7149600 	0.2208333315666667
7153200 	0.25763888830000004
7156800 	0.0588888936
7160400 	0.3827777183
7164000 	0.0
7167600 	0.02944444326666667
7171200 	0.0
7174800 	0.0
7178400 	0.0
7182000 	0.029444450333333337
7185600 	0.07361112229999998
7189200 	0.5594443443333333
7192800 	0.5520832626666667
7196400 	0.5005555019666666
7200000 	0.3827266316
7203600 	0.53
7207200 	0.029444450333333337
7210800 	0.22083339163333335
7214400 	0.25763890066666667
7218000 	0.0
7221600 	0.0588888936
7225200 	0.02944444326666667
7228800 	0.029444450333333337
7232400 	0.022083333333333333
7236000 	0.11041667196666666
7239600 	0.9275001165999999
7243200 	0.29444443796666664
7246800 	0.38985291266666666
7250400 	0.02944444326666667
7254000 	0.0
7257600 	0.0
7261200 	0.0
7264800 	0.0
7268400 	0.02944444326666667
7272000 	0.14722221633333332
7275600 	0.29444444326666663
7279200 	0.30916666136666665
7282800 	0.7066666136666667
7286400 	0.34597222870000005
7290000 	0.23555555496666672
7293600 	0.2797221686333333
7297200 	0.007361111700000001
7300800 	0.02944444326666667
7304400 	0.17666666666666667
7308000 	0.04416667196666667
7311600 	0.26500005829999995
7315200 	0.0588888936
7318800 	0.02944444326666667
7322400 	0.6404166666666666
7326000 	0.1179383436333333
7329600 	0.4416666896333334
7333200 	0.2541553944
7336800 	0.058888900666666674
7340400 	0.0
7344000 	0.0
7347600 	0.0
7351200 	0.0
7354800 	0.0
7358400 	0.07361110993333332
7362000 	0.588888883
7365600 	0.2649999929333334
7369200 	1.398611064
7372800 	0.4686699652666666
7376400 	0.2723611046333333
7380000 	0.058888883
7383600 	0.3165277236000001
7387200 	0.058888900666666674
7390800 	0.1761961220666667
7394400 	0.19138883
7398000 	0.014722221633333334
7401600 	0.927499894
7405200 	0.32388883
7408800 	0.06624999823333333
7412400 	0.08833334393333334
7416000 	0.0441666649
7419600 	0.0588888883
7423200 	0.0
7426800 	0.0
7430400 	0.0
7434000 	0.0
7437600 	0.014722221633333334
7441200 	0.03059463866666667
7444800 	0.0588888883
7448400 	0.4122222339999999
7452000 	1.1630554966666666
7455600 	0.5888889006666667
7459200 	0.6167010092999999
7462800 	0.48583322203333323
7466400 	0.48583330860000007
7470000 	0.07361110463333333
7473600 	0.08833333333333333
7477200 	0.45638889360000007
7480800 	0.36805556733333333
7484400 	0.1174238585
7488000 	0.0
7491600 	0.08833335100000002
7495200 	0.3606944326666667
7498800 	0.1398611099333333
7502400 	0.07361112229999998
7506000 	0.3608904832
7509600 	0.0
7513200 	0.0
7516800 	0.0
7520400 	0.0
7524000 	0.0
7527600 	0.0
7531200 	0.14722223399999998
7534800 	0.36805556733333333
7538400 	0.6993055673333333
7542000 	1.14851689
7545600 	0.34753102760000004
7549200 	0.04416667196666667
7552800 	0.0
7556400 	0.014722221633333334
7560000 	0.029444450333333337
7563600 	0.0
7567200 	0.02944444326666667
7570800 	0.10305557263333331
7574400 	0.2355555019666667
7578000 	0.23555549666666667
7581600 	0.0
7585200 	0.25937245293333333
7588800 	1.060000053
7592400 	0.2650000636
7596000 	0.0
7599600 	0.014722223400000001
7603200 	0.0
7606800 	0.0
7610400 	0.0
7614000 	0.029444450333333337
7617600 	0.058888883
7621200 	0.20611111699999995
7624800 	1.3986110463333332
7628400 	0.9863889413000002
7632000 	0.5741667249666667
7635600 	0.3533332679666667
7639200 	0.022083333333333333
7642800 	0.029444450333333337
7646400 	0.022083333333333333
7650000 	0.029444450333333337
7653600 	0.25027772360000006
7657200 	0.014722221633333334
7660800 	0.04416667196666667
7664400 	0.9201443473000002
7668000 	0.4416667426333334
7671600 	0.6845833969333334
7675200 	0.22083333333333335
7678800 	0.26500001766666664
7682400 	0.1324999947
7686000 	0.0
7689600 	0.0
7693200 	0.0
7696800 	0.0
7700400 	0.0
7704000 	0.0
7707600 	0.22083332626666663
7711200 	1.6783332626666665
7714800 	1.486944331966667
7718400 	0.3165277836666667
7722000 	0.30180555496666667
7725600 	0.022083333333333333
7729200 	0.022083333333333333
7732800 	0.014722221633333334
7736400 	0.07361112229999998
7740000 	0.02944444326666667
7743600 	0.015594234166666665
7747200 	0.0956944627
7750800 	0.2650000053
7754400 	0.7584383068666666
7758000 	0.7508333262666667
7761600 	0.05888888653333334
7765200 	0.1325000053
7768800 	0.0
7772400 	0.0
7776000 	0.0
7779600 	0.0
7783200 	0.0
7786800 	0.0
7790400 	0.0
7794000 	0.2944445086333333
7797600 	0.4637499929333333
7801200 	1.2366667320333335
7804800 	0.6625000053
7808400 	0.19875
7812000 	0.04416667196666667
7815600 	0.07361112229999998
7819200 	0.07361112229999998
7822800 	0.14722223929999997
7826400 	0.029444450333333337
7830000 	0.32388889359999995
7833600 	0.07361112229999998
7837200 	0.7213890172666667
7840800 	0.33071592783333337
7844400 	0.5520832785666667
7848000 	0.2502777713
7851600 	0.2355555602666667
7855200 	0.16194445033333332
7858800 	0.0
7862400 	0.0
7866000 	0.0
7869600 	0.0
7873200 	0.0
7876800 	0.014722221633333334
7880400 	0.3680556203333334
7884000 	0.7655555196333333
7887600 	0.53
7891200 	0.7802777942666668
7894800 	0.9275000706666666
7898400 	0.3995245169666667
7902000 	0.0
7905600 	0.07361110463333333
7909200 	0.14722221633333332
7912800 	0.11777779073333335
7916400 	0.19138890596666672
7920000 	0.30916667726666663
7923600 	0.9422221633333332
7927200 	0.3680556185666667
7930800 	0.2134722322333333
7934400 	0.0588888936
7938000 	0.3827777165333335
7941600 	0.0
7945200 	0.0
7948800 	0.014722221633333334
7952400 	0.0
7956000 	0.0
7959600 	0.0
7963200 	0.029444450333333337
7966800 	0.42694450863333333
7970400 	0.6990478636666667
7974000 	0.7876389536666666
7977600 	1.4574998939999997
7981200 	1.0158333386333334
7984800 	0.4680521036333333
7988400 	0.30916667373333334
7992000 	0.33861118059999995
7995600 	0.1913888883
7999200 	0.04416667196666667
8002800 	0.07361111523333333
8006400 	0.0
8010000 	0.2649999452333333
8013600 	1.0144259996
8017200 	0.0662500053
8020800 	0.2585815904666667
8024400 	0.45638890066666665
8028000 	0.0
8031600 	0.0
8035200 	0.0
8038800 	0.0
8042400 	0.0
8046000 	0.0
8049600 	0.19138883
8053200 	0.23555555496666672
8056800 	0.37541666136666674
8060400 	1.4575000053000002
8064000 	0.8170833934
8067600 	0.9320124853666666
8071200 	0.33882678990000004
8074800 	0.5079166136666666
8078400 	0.04416667196666667
8082000 	0.06624999823333333
8085600 	0.22083339163333335
8089200 	0.6919445775333334
8092800 	0.073611117
8096400 	0.5226389024333333
8100000 	0.6256945598666667
8103600 	0.12513891303333335
8107200 	0.4269445086333334
8110800 	0.0588888883
8114400 	0.0
8118000 	0.0
8121600 	0.0
8125200 	0.0
8128800 	0.0
8132400 	0.0
8136000 	0.029444450333333337
8139600 	0.47111105163333333
8143200 	0.870827842
8146800 	0.7949999982333333
8150400 	0.4117654234666667
8154000 	0.7581943849666667
8157600 	0.5152777889666666
8161200 	0.058888900666666674
8164800 	0.12513887946666666
8168400 	0.02944444326666667
8172000 	0.20611116999999998
8175600 	0.2649999399333334
8179200 	0.08833334393333334
8182800 	0.4416667373333333
8186400 	0.5752692486333333
8190000 	0.42694451393333327
8193600 	0.12843293546666668
8197200 	0.3640212886
8200800 	0.07361112229999998
8204400 	0.0
8208000 	0.0
8211600 	0.0
8215200 	0.0
8218800 	0.0
8222400 	0.0
8226000 	0.2502777836666667
8229600 	1.4280555019666668
8233200 	0.824444468
8236800 	0.8397724672666668
8240400 	0.58888883
8244000 	0.11777778366666666
8247600 	0.48583327856666664
8251200 	0.22083327326666674
8254800 	0.07361111523333333
8258400 	0.0441666649
8262000 	0.02944444326666667
8265600 	0.08833334393333335
8269200 	0.2797222269333333
8272800 	0.0588888936
8276400 	0.2870833492333333
8280000 	0.5476834146666667
8283600 	0.23555556733333333
8287200 	0.07361110463333333
8290800 	0.02944444326666667
8294400 	0.0
8298000 	0.0
8301600 	0.0
8305200 	0.0
8308800 	0.08833333333333333
8312400 	0.20611116999999998
8316000 	0.5594444379666667
8319600 	0.9275001819666666
8323200 	0.7361110463333334
8326800 	0.3386111753
8330400 	0.2797222923
8334000 	0.2502778437333333
8337600 	0.073611117
8341200 	0.21347228699999996
8344800 	0.2355555602666667
8348400 	0.07361110463333333
8352000 	0.23555556556666665
8355600 	0.42694440263333333
8359200 	0.3312500583
8362800 	0.20611112759999997
8366400 	0.43211524693333325
8370000 	0.1913888883
8373600 	0.02944444326666667
8377200 	0.0
8380800 	0.0
8384400 	0.0
8388000 	0.0
8391600 	0.0
8395200 	0.02944444326666667
8398800 	0.25027777660000006
8402400 	0.7140278472666666
8406000 	1.1851389589666668
8409600 	0.5962877642666667
8413200 	0.4784722516666667
8416800 	0.2944443849666667
8420400 	0.16194443796666666
8424000 	0.17666666666666667
8427600 	0.0588888936
8431200 	0.2649999399333334
8434800 	0.06595139976666667
8438400 	0.8097222216333333
8442000 	0.2797222269333333
8445600 	0.6362061735333332
8449200 	0.3165277836666667
8452800 	0.22083333863333338
8456400 	0.0588888936
8460000 	0.04416667196666667
8463600 	0.058888900666666674
8467200 	0.0
8470800 	0.0
8474400 	0.0
8478000 	0.029444450333333337
8481600 	0.0
8485200 	0.45638890066666665
8488800 	0.8170834039999998
8492400 	0.7951531929666665
8496000 	0.4895050549666667
8499600 	0.5888888229333332
8503200 	0.02944444503333334
8506800 	0.029444450333333337
8510400 	0.058888900666666674
8514000 	0.3091667249666667
8517600 	0.16930556203333333
8521200 	0.5594443849666667
8524800 	0.2797222799333334
8528400 	0.19138883
8532000 	0.6036110622333333
8535600 	0.4195833457
8539200 	0.2723611293666666
8542800 	0.073611117
8546400 	0.0
8550000 	0.0
8553600 	0.0
8557200 	0.0
8560800 	0.0
8564400 	0.0
8568000 	0.0588888883
8571600 	0.5005555602666667
8575200 	0.6330556203333333
8578800 	1.4261786730333332
8582400 	0.8097222110333333
8586000 	0.19008022996666665
8589600 	0.16194444326666663
8593200 	0.5741667302666666
8596800 	0.27972222516666667
8600400 	0.6330554966666666
8604000 	0.5152777306666667
8607600 	0.5152779055666666
8611200 	0.1766666543
8614800 	0.07361110463333333
8618400 	0.6477777836666667
8622000 	0.29444439733333333
8625600 	0.6036110693
8629200 	0.1280702105333333
8632800 	0.0
8636400 	0.0
8640000 	0.02944444326666667
8643600 	0.0
8647200 	0.0
8650800 	0.0
8654400 	0.029444450333333337
8658000 	0.8097224106666667
8661600 	0.9863889943000002
8665200 	0.912777788966667
8668800 	0.8980556238666666
8672400 	0.6919444485666666
8676000 	0.7963255123333335
8679600 	0.4705418369333333
8683200 	0.09569444326666665
8686800 	0.7802776653000001
8690400 	0.1398611223
8694000 	0.11777779426666667
8697600 	0.0
8701200 	0.30180556556666666
8704800 	0.06625001236666668
8708400 	0.32388895366666665
8712000 	0.0662500053
8715600 	0.16593261906666662
8719200 	0.014722221633333334
8722800 	0.0
8726400 	0.0
8730000 	0.0
8733600 	0.058888900666666674
8737200 	0.029444450333333337
8740800 	0.22083328033333333
8744400 	0.897101903
8748000 	0.6477777183
8751600 	1.6194444485666668
8755200 	0.3018055620333333
8758800 	0.14722222163333332
8762400 	0.10305555496666664
8766000 	0.20611116999999998
8769600 	0.0
8773200 	0.08833334393333334
8776800 	0.22083335099999998
8780400 	0.22083339163333335
8784000 	0.20611112230000003
8787600 	0.1913889006666666
8791200 	0.8538888829999999
8794800 	0.63324241
8798400 	0.11041665783333333
8802000 	0.16194443796666666
8805600 	0.08833334393333334
8809200 	0.0
8812800 	0.0
8816400 	0.0
8820000 	0.0
8823600 	0.02944444326666667
8827200 	0.0
8830800 	0.3901388953666666
8834400 	1.1409721686333334
8838000 	1.2661111629333335
8841600 	0.44218527696666665
8845200 	0.0588888936
8848800 	0.14722223399999998
8852400 	0.04416667196666667
8856000 	0.0
8859600 	0.22083327326666674
8863200 	0.058888900666666674
8866800 	0.4269445262999999
8870400 	0.38277783666666665
8874000 	0.6183333898666666
8877600 	0.18417298423333334
8881200 	0.6256943372666666
8884800 	0.3386110975666667
8888400 	0.05888889536666667
8892000 	0.04416667196666667
8895600 	0.0
8899200 	0.0
8902800 	0.0
8906400 	0.0
8910000 	0.0
8913600 	0.0
8917200 	0.610972287
8920800 	1.0084721103333336
8924400 	0.60361117
8928000 	0.19572593836666663
8931600 	0.058888883
8935200 	0.014722221633333334
8938800 	0.04416667196666667
8942400 	0.04416667196666667
8946000 	0.08833333333333333
8949600 	0.10305557263333331
8953200 	0.2650000636
8956800 	0.058888900666666674
8960400 	0.48583327326666675
8964000 	0.7213888653333334
8967600 	0.265177338
8971200 	0.22083332626666663
8974800 	0.7802777766
8978400 	0.0
8982000 	0.0
8985600 	0.0
8989200 	0.0
8992800 	0.058888900666666674
8996400 	0.02944444326666667
9000000 	0.0
9003600 	0.323888883
9007200 	1.288194468
9010800 	1.523749881633333
9014400 	0.2572706973
9018000 	0.07361110993333332
9021600 	0.03680556203333334
9025200 	0.11777778896666666
9028800 	0.04416667196666667
9032400 	0.0441666649
9036000 	0.07361112406666669
9039600 	0.05888889006666668
9043200 	0.6183332132
9046800 	0.5005556256333332
9050400 	0.2764390483
9054000 	0.552083245
9057600 	0.27972228876666666
9061200 	0.14722223223333333
9064800 	0.0441666649
9068400 	0.0
9072000 	0.0
9075600 	0.0
9079200 	0.0
9082800 	0.02944444326666667
9086400 	0.029444450333333337
9090000 	0.6330556733333333
9093600 	0.23555557263333332
9097200 	1.2219445033333332
9100800 	1.4245720822666668
9104400 	0.2870833457
9108000 	0.1766666596
9111600 	0.0
9115200 	0.0883333404
9118800 	0.08833333686666667
9122400 	0.080972234
9126000 	0.0
9129600 	0.13250002296666666
9133200 	1.3102779532666666
9136800 	0.19138888123333334
9140400 	0.7102377466
9144000 	0.2797221739333334
9147600 	0.014722221633333334
9151200 	0.0
9154800 	0.07361112229999998
9158400 	0.14722221633333332
9162000 	0.0
9165600 	0.0
9169200 	0.0
9172800 	0.07361112229999998
9176400 	0.24291661366666667
9180000 	0.9127778543333334
9183600 	1.0161014461999998
9187200 	0.5360147862666665
9190800 	0.5152778472666666
9194400 	0.17666667726666666
9198000 	0.3827777819000001
9201600 	0.3386111222999999
9205200 	1.1336112336
9208800 	0.0441666649
9212400 	0.5152776653
9216000 	0.4269443319666667
9219600 	0.07361112229999998
9223200 	0.007361111700000001
9226800 	0.5226388865333333
9230400 	0.08833333863333334
9234000 	0.080972234
9237600 	0.012768443766666665
9241200 	0.0
9244800 	0.08833333333333333
9248400 	0.0
9252000 	0.0
9255600 	0.029444450333333337
9259200 	0.0
9262800 	0.4416666666666666
9266400 	0.7508333156666669
9270000 	1.1188888936000003
9273600 	0.40589078863333333
9277200 	0.9054166066
9280800 	0.5011530062999999
9284400 	0.4269444503333333
9288000 	0.058888883
9291600 	0.4122222922999999
9295200 	0.6256945068666665
9298800 	0.014722221633333334
9302400 	0.5226389413
9306000 	0.058888900666666674
9309600 	0.15458333686666664
9313200 	0.26500001236666665
9316800 	0.36805550196666675
9320400 	0.11041668433333332
9324000 	0.0
9327600 	0.0
9331200 	0.0
9334800 	0.0
9338400 	0.0
9342000 	0.0
9345600 	0.04416667196666667
9349200 	0.5447221633333333
9352800 	1.2440279002666665
9356400 	1.1678830016666666
9360000 	0.43430556203333337
9363600 	0.10305556026666668
9367200 	0.0
9370800 	0.47111099333333334
9374400 	0.37541660130000004
9378000 	0.2355555019666667
9381600 	0.029444450333333337
9385200 	0.3091667302666667
9388800 	0.0588888883
9392400 	0.5005556839333333
9396000 	0.42694446799999997
9399600 	0.18402778366666667
9403200 	0.1948720447666667
9406800 	0.27236111170000005
9410400 	0.029444450333333337
9414000 	0.0
9417600 	0.0
9421200 	0.014722221633333334
9424800 	0.014722221633333334
9428400 	0.0
9432000 	0.04416667196666667
9435600 	0.23555549666666667
9439200 	0.6330555496666667
9442800 	1.501666543
9446400 	0.6253669951333334
9450000 	0.3312500106
9453600 	0.07361111523333333
9457200 	0.45638888829999996
9460800 	0.5520833333333334
9464400 	0.24291660836666668
9468000 	0.029444450333333337
9471600 	0.08097222693333332
9475200 	0.058888900666666674
9478800 	0.2355555019666667
9482400 	0.1251388883
9486000 	0.38277783666666665
9489600 	0.31652773596666667
9493200 	0.11777778896666666
9496800 	0.0
9500400 	0.0
9504000 	0.0
9507600 	0.0
9511200 	0.0
9514800 	0.0
9518400 	0.014722221633333334
9522000 	0.014722221633333334
9525600 	0.7949999346333332
9529200 	1.9948609456333335
9532800 	0.3459722181
9536400 	0.05888888653333334
9540000 	0.22083339163333335
9543600 	0.23555555496666672
9547200 	0.058888900666666674
9550800 	0.1398611223
9554400 	0.45638895366666665
9558000 	0.20555822100000004
9561600 	0.07370254553333334
9565200 	0.12513890596666666
9568800 	0.4048610587
9572400 	0.2723611753
9576000 	0.25027777660000006
9579600 	0.2355555602666667
9583200 	0.02944444503333334
9586800 	0.0
9590400 	0.0
9594000 	0.0
9597600 	0.0
9601200 	0.0
9604800 	0.058888900666666674
9608400 	0.6330554966666666
9612000 	0.39013888829999993
9615600 	0.9422221562666667
9619200 	1.1630352330000002
9622800 	0.12513890596666666
9626400 	0.2797221739333334
9630000 	0.0588888883
9633600 	0.0662500053
9637200 	0.022083333333333333
9640800 	0.058888900666666674
9644400 	0.2723611823666666
9648000 	0.1177777766
9651600 	0.47111117529999996
9655200 	0.2944444432666667
9658800 	0.2944443779
9662400 	0.2649999823333334
9666000 	0.17666666666666667
9669600 	0.029444450333333337
9673200 	0.0
9676800 	0.0
9680400 	0.0
9684000 	0.0
9687600 	0.014722221633333334
9691200 	0.0
9694800 	0.16194443796666666
9698400 	0.8391667903333334
9702000 	1.104166543
9705600 	0.374125357
9709200 	0.20611110993333334
9712800 	0.14722221986666664
9716400 	0.08833334393333334
9720000 	0.05152778366666667
9723600 	0.02944444326666667
9727200 	0.0
9730800 	0.4711110746
9734400 	0.04416667196666667
9738000 	0.3386111753
9741600 	0.45990454613333326
9745200 	0.31957122033333335
9748800 	0.04416667196666667
9752400 	0.5079167373333333
9756000 	0.058888883
9759600 	0.014722223400000001
9763200 	0.0
9766800 	0.0
9770400 	0.0
9774000 	0.029444450333333337
9777600 	0.02944444326666667
9781200 	0.3754166083666667
9784800 	0.7505684852666668
9788400 	1.4280556026666664
9792000 	1.0842021249333336
9795600 	0.6624998993
9799200 	0.22083333156666674
9802800 	0.10305556556666665
9806400 	0.0515277713
9810000 	0.25027772360000006
9813600 	0.0662500053
9817200 	0.24291660660000003
9820800 	0.029444450333333337
9824400 	0.18402778366666667
9828000 	0.6919444485666666
9831600 	0.3997950872666666
9835200 	0.058888900666666674
9838800 	0.4122221615666668
9842400 	0.02944444326666667
9846000 	0.0
9849600 	0.0
9853200 	0.0
9856800 	0.0
9860400 	0.029444450333333337
9864000 	0.029444450333333337
9867600 	0.41958328033333336
9871200 	0.7508332856333334
9874800 	1.3618053800666667
9878400 	0.7729166666666667
9882000 	1.0673610392666666
9885600 	0.8833334499333332
9889200 	0.4324938559666666
9892800 	0.2355555019666667
9896400 	0.14722223929999997
9900000 	0.18402777129999998
9903600 	0.26500007066666664
9907200 	0.0
9910800 	0.11777780133333335
9914400 	0.1177777872
9918000 	0.4269444432666667
9921600 	0.07361112229999998
9925200 	0.09569445033333335
9928800 	0.014722221633333334
9932400 	0.0
9936000 	0.0
9939600 	0.0
9943200 	0.058888900666666674
9946800 	0.014722221633333334
9950400 	0.117777766
9954000 	0.5152777183
9957600 	0.27264171843333335
9961200 	1.4059722516666666
9964800 	0.789783157
9968400 	0.022083333333333333
9972000 	0.014722221633333334
9975600 	0.0
9979200 	0.2650000106
9982800 	0.03680556203333334
9986400 	0.25763883000000004
9990000 	0.16194445563333335
9993600 	0.14722221633333332
9997200 	0.5741666189666667
10000800 	0.5447223028999999
10004400 	0.06625
10008000 	0.08670522633333334
10011600 	0.07361112229999998
10015200 	0.0
10018800 	0.0
10022400 	0.0
10026000 	0.0
10029600 	0.0
10033200 	0.014722221633333334
10036800 	0.014722221633333334
10040400 	0.6772222269333332
10044000 	0.7729165606666666
10047600 	1.2734722039666666
10051200 	0.6754748681666667
10054800 	0.05152778366666667
10058400 	0.16194443796666666
10062000 	0.0
10065600 	0.27972216333333333
10069200 	0.07361112229999998
10072800 	0.029444450333333337
10076400 	0.41958339163333325
10080000 	0.3162152903666666
10083600 	0.5741666101333335
10087200 	0.29764799470000003
10090800 	0.08097222693333332
10094400 	0.05152778366666667
10098000 	0.2650000053
10101600 	0.0
10105200 	0.0
10108800 	0.0
10112400 	0.0
10116000 	0.0
10119600 	0.02944444326666667
10123200 	0.0
10126800 	0.5005555673333334
10130400 	0.5005555673333334
10134000 	0.9495834675999999
10137600 	0.8244444485666665
10141200 	0.40242214886666666
10144800 	0.2797222216333333
10148400 	0.11777778366666666
10152000 	0.0
10155600 	0.02944444326666667
10159200 	0.014722221633333334
10162800 	0.3091666189666667
10166400 	0.4257256623333334
10170000 	0.7508332856333335
10173600 	0.2502777819
10177200 	0.4637500706666666
10180800 	0.029444450333333337
10184400 	0.1177777766
10188000 	0.014722221633333334
10191600 	0.0
10195200 	0.0
10198800 	0.0
10202400 	0.0
10206000 	0.0
10209600 	0.029444450333333337
10213200 	0.7802777836666667
10216800 	1.163055620333333
10220400 	1.089444496266667
10224000 	0.13250000529999997
10227600 	0.0956944503333333
10231200 	0.22083327326666666
10234800 	0.029444450333333337
10238400 	0.08833332626666666
10242000 	0.15458334569999999
10245600 	0.02944444326666667
10249200 	0.6330555019666667
10252800 	0.265000053
10256400 	0.28577766596666665
10260000 	0.6330554366
10263600 	0.5594443778999999
10267200 	0.04416667196666667
10270800 	0.058888883
10274400 	0.04416667196666667
10278000 	0.0
10281600 	0.0
10285200 	0.0
10288800 	0.0
10292400 	0.058888900666666674
10296000 	0.029444450333333337
10299600 	0.04416667196666667
10303200 	0.8244443849666665
10306800 	1.8034721456666665
10310400 	0.40319833563333335
10314000 	0.08097222693333332
10317600 	0.04416666666666667
10321200 	0.0
10324800 	0.0588888883
10328400 	0.3754166666666667
10332000 	0.022083333333333333
10335600 	0.04416667196666667
10339200 	0.5005554896
10342800 	0.8036296401999999
10346400 	0.58888883
10350000 	0.3533334093
10353600 	0.3827777041666667
10357200 	0.09561535489999998
10360800 	0.0
10364400 	0.0
10368000 	0.0
10371600 	0.0
10375200 	0.0
10378800 	0.0
10382400 	0.17666666666666667
10386000 	0.24291660836666668
10389600 	0.677222234
10393200 	1.221944521
10396800 	0.610972287
10400400 	0.4161227195333333
10404000 	0.9201388353000001
10407600 	0.3975000812666665
10411200 	0.11777777836666666
10414800 	0.25027776953333336
10418400 	0.7066666596
10422000 	0.19138888829999998
10425600 	0.04416667196666667
10429200 	0.0588888936
10432800 	0.5300001271999999
10436400 	0.37541667726666667
10440000 	0.2944444432666667
10443600 	0.07361112229999998
10447200 	0.0588888936
10450800 	0.0
10454400 	0.0
10458000 	0.0
10461600 	0.029444450333333337
10465200 	0.0588888936
10468800 	0.0
10472400 	0.24291660836666673
10476000 	1.2734721633333332
10479600 	1.2661111223000001
10483200 	0.6981170582333334
10486800 	0.45577815340000005
10490400 	0.8170833916333335
10494000 	0.20611110463333335
10497600 	0.6404167373333333
10501200 	0.3754166719666666
10504800 	0.3459723046666666
10508400 	0.2797222923
10512000 	0.014722221633333334
10515600 	0.07361112229999998
10519200 	0.5005554383666667
10522800 	0.5005556203333333
10526400 	0.11041667726666665
10530000 	0.29968853003333334
10533600 	0.014722223400000001
10537200 	0.058888900666666674
10540800 	0.0
10544400 	0.0
10548000 	0.0
10551600 	0.058888900666666674
10555200 	0.0441666649
10558800 	0.5741666030666667
10562400 	0.7655554843000001
10566000 	0.7802777642333334
10569600 	0.3774094277999999
10573200 	0.2208333333333333
10576800 	0.265
10580400 	0.22083328033333333
10584000 	0.029444450333333337
10587600 	0.029444450333333337
10591200 	0.04356936726666667
10594800 	0.2355556203333333
10598400 	0.5741665589
10602000 	0.9422221615666668
10605600 	0.18402777129999998
10609200 	0.18402779603333336
10612800 	0.3238888335333334
10616400 	0.0
10620000 	0.0
10623600 	0.0588888936
10627200 	0.08833333333333333
10630800 	0.0
10634400 	0.08833333333333333
10638000 	0.014722221633333334
10641600 	0.014722221633333334
10645200 	0.4122222163333334
10648800 	1.1924999470000002
10652400 	0.4338286274
10656000 	0.43395876359999996
10659600 	0.022083333333333333
10663200 	0.014722221633333334
10666800 	0.04416667196666667
10670400 	0.0
10674000 	0.6330554436666667
10677600 	0.0515277713
10681200 	0.264999947
10684800 	0.6109721615666667
10688400 	0.795
10692000 	0.7655555726333335
10695600 	0.02944444326666667
10699200 	0.11777780133333335
10702800 	0.06045696396666666
10706400 	0.058888900666666674
10710000 	0.0
10713600 	0.0
10717200 	0.0
10720800 	0.0
10724400 	0.0
10728000 	0.08833334393333334
10731600 	0.45638888829999996
10735200 	0.8170833457000001
10738800 	1.2440279073333336
10742400 	0.21542580163333336
10746000 	0.13986110463333334
10749600 	0.21347216333333338
10753200 	0.06624999293333333
10756800 	0.0
10760400 	0.1913888883
10764000 	0.0
10767600 	0.36927103930000005
10771200 	0.44166667196666665
10774800 	0.6330556185666668
10778400 	0.2944445033333333
10782000 	0.29444449626666674
10785600 	0.5299999576000001
10789200 	0.04416667196666667
10792800 	0.022083333333333333
10796400 	0.058888900666666674
10800000 	0.0
10803600 	0.0
10807200 	0.0
10810800 	0.029444450333333337
10814400 	0.147222234
10818000 	0.5005555549666667
10821600 	1.0011111700000002
10825200 	1.1925000759666666
10828800 	0.27236113466666667
10832400 	0.3533333916333334
10836000 	0.014722221633333334
10839600 	0.0
10843200 	0.014722221633333334
10846800 	0.0441666649
10850400 	0.18402783666666667
10854000 	0.3684460006666666
10857600 	0.7140277713
10861200 	0.6036110693
10864800 	0.485833298
10868400 	0.09569445563333334
10872000 	0.08833333333333333
10875600 	0.08833333863333334
10879200 	0.058888900666666674
10882800 	0.0
10886400 	0.0
10890000 	0.0
10893600 	0.0
10897200 	0.0
10900800 	0.11777778366666666
10904400 	0.8023609986333333
10908000 	0.912777713
10911600 	1.0158332679666668
10915200 	0.5447222922999999
10918800 	0.03680555496666666
10922400 	0.22083332096666666
10926000 	0.014722221633333334
10929600 	0.2208333333333333
10933200 	0.35333333333333333
10936800 	0.11777779426666667
10940400 	0.38406318913333337
10944000 	0.44166660483333325
10947600 	0.2208333333333333
10951200 	0.3975000053
10954800 	0.27972229406666665
10958400 	0.029444450333333337
10962000 	0.058888900666666674
10965600 	0.0
10969200 	0.058888900666666674
10972800 	0.014722221633333334
10976400 	0.0
10980000 	0.0
10983600 	0.0
10987200 	0.2502777713
10990800 	0.6772221456666667
10994400 	0.6404166896333333
10998000 	1.5973612866
11001600 	0.9217214859666668
11005200 	1.0084721103333332
11008800 	0.6013158106666667
11012400 	0.2429166843333333
11016000 	0.05152778366666667
11019600 	0.3091666189666667
11023200 	0.31303309793333334
11026800 	0.2576389483666666
11030400 	0.0809722287
11034000 	0.2797221686333333
11037600 	0.5300000636
11041200 	0.2429166737333333
11044800 	0.265
11048400 	0.022083333333333333
11052000 	0.014722223400000001
11055600 	0.0
11059200 	0.0
11062800 	0.0
11066400 	0.0
11070000 	0.0
11073600 	0.08833333333333333
11077200 	0.8097221633333332
11080800 	0.9937500830333332
11084400 	1.2881942789666667
11088000 	0.6698610534
11091600 	0.8465277836666668
11095200 	1.0673612176999998
11098800 	0.31952931323333333
11102400 	0.29444444503333334
11106000 	0.4269443849666666
11109600 	0.0588888936
11113200 	0.13986111169999998
11116800 	0.22083327503333333
11120400 	0.36805556380000004
11124000 	0.04416666666666667
11127600 	0.279722234
11131200 	0.08833333333333333
11134800 	0.3827777183
11138400 	0.0
11142000 	0.0
11145600 	0.0
11149200 	0.0
11152800 	0.0
11156400 	0.0
11160000 	0.0
11163600 	0.5152777306666667
11167200 	0.7140277836666667
11170800 	0.809295347266667
11174400 	0.3240529356666667
11178000 	0.19138887770000002
11181600 	0.04416667196666667
11185200 	0.25027783666666664
11188800 	0.007361111700000001
11192400 	0.058888900666666674
11196000 	0.32388889359999995
11199600 	0.23555555496666672
11203200 	0.4269444503333333
11206800 	0.8980554436666666
11210400 	0.7949999470000001
11214000 	0.3165277819
11217600 	0.09569445563333334
11221200 	0.058888900666666674
11224800 	0.17666666666666667
11228400 	0.0
11232000 	0.0
11235600 	0.0
11239200 	0.0
11242800 	0.0
11246400 	0.058888900666666674
11250000 	0.2944445033333333
11253600 	0.7140277889666666
11257200 	1.1033655716666666
11260800 	0.5373611823666667
11264400 	0.338611117
11268000 	0.32388883
11271600 	0.04416667196666667
11275200 	0.08833335100000002
11278800 	0.0
11282400 	0.42694456163333333
11286000 	0.26500007066666664
11289600 	1.1777775540000004
11293200 	0.44166661896666665
11296800 	0.5226388953666666
11300400 	0.3012199138
11304000 	0.07361111523333333
11307600 	0.1545833351
11311200 	0.014722221633333334
11314800 	0.0
11318400 	0.0
11322000 	0.0
11325600 	0.0
11329200 	0.0
11332800 	0.0
11336400 	0.6188311959
11340000 	0.7434722869999999
11343600 	1.258750075966667
11347200 	0.24398445766666665
11350800 	0.2502777836666667
11354400 	0.20611105163333338
11358000 	0.014722221633333334
11361600 	0.014722221633333334
11365200 	0.029444450333333337
11368800 	0.029444450333333337
11372400 	0.02944444326666667
11376000 	0.5300000706666667
11379600 	0.44166663133333334
11383200 	0.5594445669333332
11386800 	1.3176390119666668
11390400 	0.24023559100000003
11394000 	0.23555549666666667
11397600 	0.014722223400000001
11401200 	0.0
11404800 	0.0
11408400 	0.0
11412000 	0.0
11415600 	0.0
11419200 	0.014722221633333334
11422800 	0.7287500583
11426400 	0.43430556733333325
11430000 	0.7287500759666667
11433600 	0.5596349782666666
11437200 	0.07361112229999998
11440800 	0.02944444326666667
11444400 	0.06625
11448000 	0.014722221633333334
11451600 	0.0
11455200 	0.04416667196666667
11458800 	0.4122222216333333
11462400 	0.48583346229999996
11466000 	0.33172434646666665
11469600 	0.6036111205333333
11473200 	1.2366666012999998
11476800 	0.287083404
11480400 	0.27972223399999996
11484000 	0.0
11487600 	0.0
11491200 	0.0
11494800 	0.0
11498400 	0.0
11502000 	0.014722221633333334
11505600 	0.0
11509200 	0.18402778366666667
11512800 	0.610972234
11516400 	1.5090276582333333
11520000 	0.24963032329999998
11523600 	0.3533332856333334
11527200 	0.058888883
11530800 	0.014722221633333334
11534400 	0.014722221633333334
11538000 	0.07361112229999998
11541600 	0.0
11545200 	0.6036109933333333
11548800 	0.35333338633333333
11552400 	0.5483400316666667
11556000 	0.4637500176666666
11559600 	0.7287499523000001
11563200 	0.3680556433
11566800 	0.2944443902666667
11570400 	0.0
11574000 	0.0
11577600 	0.0
11581200 	0.0
11584800 	0.0
11588400 	0.014722221633333334
11592000 	0.029444450333333337
11595600 	0.48583328033333334
11599200 	0.9054166719666668
11602800 	1.2145833333333333
11606400 	0.3459722322333334
11610000 	0.8170832450000001
11613600 	0.33942640893333337
11617200 	0.2650000053
11620800 	0.05152778366666667
11624400 	0.31652771123333345
11628000 	0.7361112336000001
11631600 	0.41958335630000004
11635200 	0.07361112229999998
11638800 	0.5447221739333333
11642400 	0.080972234
11646000 	0.3827777766
11649600 	0.27972221986666673
11653200 	0.07361112229999998
11656800 	0.0
11660400 	0.02944444326666667
11664000 	0.0
11667600 	0.0
11671200 	0.0
11674800 	0.029444450333333337
11678400 	0.014722221633333334
11682000 	0.23555556733333333
11685600 	1.1061480009999998
11689200 	1.2219445263000002
11692800 	0.8759721739333334
11696400 	0.29661099493333337
11700000 	0.4122222216333333
11703600 	0.8538888299999999
11707200 	0.2095318854
11710800 	0.6772222216333333
11714400 	0.31652784196666667
11718000 	0.6698612283
11721600 	0.36805556026666664
11725200 	0.0588888936
11728800 	0.014722221633333334
11732400 	0.1545833457
11736000 	0.45896208953333334
11739600 	0.3091666825666667
11743200 	0.0
11746800 	0.058888900666666674
11750400 	0.0
11754000 	0.0
11757600 	0.0
11761200 	0.0
11764800 	0.029444450333333337
11768400 	0.677222234
11772000 	0.6624999823333334
11775600 	0.43430556733333325
11779200 	0.9452942076333332
11782800 	0.39750000706666666
11786400 	0.02944444326666667
11790000 	0.029444450333333337
11793600 	0.02944444503333334
11797200 	0.07361111523333333
11800800 	0.5005554436666666
11804400 	0.10305554966666668
11808000 	0.04539445229999999
11811600 	0.2355555602666667
11815200 	0.5594443796666667
11818800 	0.5373611752999999
11822400 	0.32388890066666665
11826000 	0.22083339163333335
11829600 	0.0
11833200 	0.02944444326666667
11836800 	0.0
11840400 	0.0
11844000 	0.0
11847600 	0.0
11851200 	0.11777778896666666
11854800 	0.8686111876666667
11858400 	0.7949999399333334
11862000 	1.0673611929666666
11865600 	0.6574254655333333
11869200 	0.09569444503333334
11872800 	0.029444450333333337
11876400 	0.0
11880000 	0.058888900666666674
11883600 	0.058888900666666674
11887200 	0.0441666649
11890800 	0.4269443796666667
11894400 	0.41222222163333333
11898000 	0.27972223399999996
11901600 	0.7066666066
11905200 	0.25027778190000005
11908800 	0.47847235236666663
11912400 	0.1325000053
11916000 	0.16194445033333332
11919600 	0.0
11923200 	0.0
11926800 	0.0
11930400 	0.0
11934000 	0.02944444326666667
11937600 	0.014722221633333334
11941200 	0.3459721633333333
11944800 	0.36069443090000003
11948400 	1.5826388476666664
11952000 	0.8537224153000003
11955600 	0.3018054966666667
11959200 	0.08833335100000002
11962800 	0.04416666666666667
11966400 	0.22083339163333335
11970000 	0.07361112406666669
11973600 	0.03680556203333334
11977200 	0.0
11980800 	0.8686111152333332
11984400 	0.5888889536666666
11988000 	0.5741667373333333
11991600 	0.20611112230000003
11995200 	0.1840277889666667
11998800 	0.121561118
12002400 	0.058888900666666674
12006000 	0.0
12009600 	0.0
12013200 	0.0
12016800 	0.0
12020400 	0.0
12024000 	0.08833334393333334
12027600 	0.6330554966666666
12031200 	0.36069444503333326
12034800 	1.0599999399333333
12038400 	0.7717425629666669
12042000 	0.38277778896666664
12045600 	0.35333333333333333
12049200 	0.029444450333333337
12052800 	0.03680555496666666
12056400 	0.265000053
12060000 	0.2797222923
12063600 	0.10305557263333333
12067200 	0.014722221633333334
12070800 	0.6330556185666665
12074400 	0.48583333863333333
12078000 	0.9422222393
12081600 	0.08833334393333335
12085200 	0.080972234
12088800 	0.058888883
12092400 	0.0
12096000 	0.0
12099600 	0.0
12103200 	0.0
12106800 	0.0
12110400 	0.014722221633333334
12114000 	1.0011112282999999
12117600 	0.6698611576333333
12121200 	1.3397223329333332
12124800 	0.9275000706666667
12128400 	0.24476660870000003
12132000 	0.1325000159
12135600 	0.058888900666666674
12139200 	0.0
12142800 	0.3533333969333334
12146400 	0.014722221633333334
12150000 	0.08833333333333333
12153600 	0.3238889413
12157200 	0.4269445086333334
12160800 	0.1913888883
12164400 	0.5079166719666667
12168000 	0.3091666719666667
12171600 	0.2944445033333333
12175200 	0.08833335100000002
12178800 	0.0
12182400 	0.0
12186000 	0.0
12189600 	0.0
12193200 	0.10305557263333331
12196800 	0.058888900666666674
12200400 	0.7066667373333333
12204000 	0.8215739173333332
12207600 	1.0231945616333336
12211200 	0.5734919784333334
12214800 	0.41958333156666666
12218400 	0.6919444432666667
12222000 	0.10305557263333331
12225600 	0.12513889536666667
12229200 	0.32388895366666665
12232800 	0.6183332803333333
12236400 	0.08833335100000002
12240000 	0.04416667196666667
12243600 	0.6183333262666666
12247200 	0.23555557263333332
12250800 	0.17650893690000002
12254400 	0.8651102002333334
12258000 	0.04416667196666667
12261600 	0.0
12265200 	0.0
12268800 	0.0
12272400 	0.0
12276000 	0.0
12279600 	0.0441666649
12283200 	0.1913888883
12286800 	0.7508333916333335
12290400 	0.35333333333333333
12294000 	1.2881944326666666
12297600 	0.8906945280666665
12301200 	0.5115034116333333
12304800 	0.45479912326666666
12308400 	0.1177777766
12312000 	0.3018054949
12315600 	0.6183334446333333
12319200 	0.6109721121000001
12322800 	0.26500000706666665
12326400 	0.10305557263333331
12330000 	0.46375006536666663
12333600 	0.31652772360000003
12337200 	0.014722221633333334
12340800 	0.4490277836666666
12344400 	0.19138889360000003
12348000 	0.0
12351600 	0.02944444326666667
12355200 	0.0
12358800 	0.0
12362400 	0.0
12366000 	0.029444450333333337
12369600 	0.07361112229999998
12373200 	0.9274998816333334
12376800 	0.957075219
12380400 	0.7434721456666668
12384000 	0.13250000529999997
12387600 	0.058888900666666674
12391200 	0.014722221633333334
12394800 	0.029444450333333337
12398400 	0.2355556203333333
12402000 	0.0441666649
12405600 	0.15059591013333334
12409200 	0.0
12412800 	0.58888883
12416400 	0.5741667832666666
12420000 	0.8686111046333334
12423600 	0.5152778066333333
12427200 	0.4122222216333333
12430800 	0.20582137129999997
12434400 	0.0
12438000 	0.0
12441600 	0.058888900666666674
12445200 	0.0
12448800 	0.0
12452400 	0.014722221633333334
12456000 	0.20611111699999995
12459600 	0.6772222163333335
12463200 	0.279722234
12466800 	1.1556945033333335
12470400 	0.5594444450333333
12474000 	0.3300896339
12477600 	0.02944444326666667
12481200 	0.0
12484800 	0.2502777836666667
12488400 	0.264999947
12492000 	0.5373610516333334
12495600 	0.1324999982333333
12499200 	0.17666667726666666
12502800 	0.3882007295333333
12506400 	0.5300000565333333
12510000 	0.8244443443333335
12513600 	0.05888888653333334
12517200 	0.1177777766
12520800 	0.014722221633333334
12524400 	0.0
12528000 	0.058888900666666674
12531600 	0.0
12535200 	0.0
12538800 	0.0
12542400 	0.16194443796666666
12546000 	0.4122222269333333
12549600 	0.588888883
12553200 	1.3470832803333332
12556800 	0.22083334570000004
12560400 	0.0588888883
12564000 	0.014722221633333334
12567600 	0.02944444326666667
12571200 	0.2281944450333333
12574800 	0.14722223399999998
12578400 	0.21347221103333336
12582000 	0.1913889006666666
12585600 	0.8244444379666666
12589200 	1.0599999946999998
12592800 	0.6533927379333333
12596400 	0.1766666649
12600000 	0.13250000353333335
12603600 	0.014722221633333334
12607200 	0.0
12610800 	0.0
12614400 	0.0
12618000 	0.0
12621600 	0.058888900666666674
12625200 	0.014722221633333334
12628800 	0.04416666666666667
12632400 	0.7066666843333331
12636000 	0.7434721739333332
12639600 	0.8980554842999999
12643200 	0.1913889006666666
12646800 	0.02944444326666667
12650400 	0.036805549666666666
12654000 	0.25027771830000006
12657600 	0.19138883
12661200 	0.014722221633333334
12664800 	0.31652785433333325
12668400 	0.5668288820333334
12672000 	1.0305555496666667
12675600 	0.02944444326666667
12679200 	0.27972218099999996
12682800 	0.07361111523333333
12686400 	0.3238889466
12690000 	0.3862976974
12693600 	0.0
12697200 	0.0
12700800 	0.0
12704400 	0.0
12708000 	0.02944444326666667
12711600 	0.0
12715200 	0.058888900666666674
12718800 	0.7213889536666667
12722400 	1.082083338633333
12726000 	0.9041176402
12729600 	0.2650000159
12733200 	0.161431481
12736800 	0.23555549666666667
12740400 	0.029444450333333337
12744000 	0.058888900666666674
12747600 	0.14722223399999998
12751200 	0.5447222446
12754800 	0.6109721739333333
12758400 	0.2944444432666667
12762000 	0.4269444432666667
12765600 	0.35333333686666674
12769200 	0.4637500176666666
12772800 	0.4122222339999999
12776400 	0.11777780133333335
12780000 	0.0
12783600 	0.0
12787200 	0.0
12790800 	0.0
12794400 	0.02944444326666667
12798000 	0.0
12801600 	0.08833333333333333
12805200 	0.7508333333333334
12808800 	1.2205333606666668
12812400 	1.0526389412999997
12816000 	0.3091666949333333
12819600 	0.20585713040000003
12823200 	0.3827777606999999
12826800 	0.27236109933333336
12830400 	0.35333340399999996
12834000 	0.4784721686333333
12837600 	0.5962499470000001
12841200 	0.4416666737333333
12844800 	0.07361112229999998
12848400 	0.20611111699999995
12852000 	0.2649999929333334
12855600 	0.35333333156666663
12859200 	0.5005556150333333
12862800 	0.11240951789999999
12866400 	0.0
12870000 	0.0
12873600 	0.014722221633333334
12877200 	0.0
12880800 	0.0
12884400 	0.014722221633333334
12888000 	0.0
12891600 	0.8538887823000001
12895200 	0.8538888829999999
12898800 	0.5888888476666666
12902400 	0.743472234
12906000 	1.0674537380333333
12909600 	0.4931944503333333
12913200 	0.41178437273333335
12916800 	0.3648151950333333
12920400 	0.5848189123
12924000 	0.5668055602666666
12927600 	0.11777777130000001
12931200 	0.03680555496666666
12934800 	0.0588888936
12938400 	0.23555561326666663
12942000 	0.3386110569333334
12945600 	0.07361111523333333
12949200 	0.13986111699999998
12952800 	0.0
12956400 	0.0
12960000 	0.0
12963600 	0.0
12967200 	0.0
12970800 	0.058888900666666674
12974400 	0.0
12978000 	0.6750512833333334
12981600 	1.1115278243
12985200 	1.214583320966667
12988800 	0.5223046879666666
12992400 	0.13986112229999997
12996000 	0.0441666649
12999600 	0.014722223400000001
13003200 	0.26500005829999995
13006800 	0.0441666649
13010400 	0.07361111523333333
13014000 	0.23555549666666667
13017600 	0.7066666136666667
13021200 	0.23555549490000008
13024800 	0.2944444432666667
13028400 	0.2502777713
13032000 	0.3238888883
13035600 	0.5607518136999999
13039200 	0.02944444503333334
13042800 	0.0
13046400 	0.0
13050000 	0.0
13053600 	0.0
13057200 	0.0
13060800 	0.14722221633333332
13064400 	0.8538888299999999
13068000 	0.3533333209666667
13071600 	0.861250053
13075200 	1.1917557899000002
13078800 	0.7287499116666668
13082400 	0.0588888936
13086000 	0.04416667196666667
13089600 	0.014722221633333334
13093200 	0.0588888883
13096800 	0.40486111169999994
13100400 	0.11629670219999999
13104000 	0.2502777836666667
13107600 	0.47111105163333333
13111200 	0.10305555496666664
13114800 	0.7950000123666667
13118400 	0.36069445033333336
13122000 	0.08097221986666665
13125600 	0.0
13129200 	0.02944444326666667
13132800 	0.0
13136400 	0.0
13140000 	0.0
13143600 	0.0
13147200 	0.04416666666666667
13150800 	0.3386110463333334
13154400 	1.0894445033333333
13158000 	0.9201390596666665
13161600 	0.5086300696333333
13165200 	0.6036109986333333
13168800 	0.058888900666666674
13172400 	0.029444450333333337
13176000 	0.25027771830000006
13179600 	0.04416667196666667
13183200 	0.07361112229999998
13186800 	0.0588888883
13190400 	0.23555549666666667
13194000 	0.9863890119666666
13197600 	0.5300000582999999
13201200 	0.34597228699999993
13204800 	0.08833332626666666
13208400 	0.21404807723333338
13212000 	0.0
13215600 	0.0
13219200 	0.0
13222800 	0.0
13226400 	0.0
13230000 	0.014722221633333334
13233600 	0.014722221633333334
13237200 	0.2650000636
13240800 	0.4490277836666666
13244400 	1.2219443319666667
13248000 	1.1889249609666668
13251600 	0.17666667196666666
13255200 	0.1913889006666666
13258800 	0.1177777766
13262400 	0.2944445033333333
13266000 	0.16194444856666668
13269600 	0.0441666649
13273200 	0.3533333439333333
13276800 	0.8391665536000001
13280400 	0.13249999293333334
13284000 	0.4122221562666667
13287600 	0.25027784196666664
13291200 	0.11777779426666668
13294800 	0.08833333863333334
13298400 	0.0
13302000 	0.0
13305600 	0.0
13309200 	0.0
13312800 	0.0
13316400 	0.0
13320000 	0.029444450333333337
13323600 	0.1913888883
13327200 	0.7066666843333331
13330800 	2.267222463666667
13334400 	0.298293169
13338000 	0.04416666666666667
13341600 	0.02944444326666667
13345200 	0.14722221633333332
13348800 	0.26500005829999995
13352400 	0.029444450333333337
13356000 	0.27972216333333333
13359600 	0.0588888883
13363200 	0.47111106223333327
13366800 	0.33861112230000007
13370400 	0.7729166666666667
13374000 	0.2355555549666666
13377600 	0.029444450333333337
13381200 	0.08833332626666666
13384800 	0.1325
13388400 	0.0
13392000 	0.0
13395600 	0.02944444326666667
13399200 	0.0
13402800 	0.0
13406400 	0.0
13410000 	0.38277783666666665
13413600 	0.9495833033000003
13417200 	0.9127778366666667
13420800 	1.1041667373333335
13424400 	0.5888889660333333
13428000 	0.2938444903333333
13431600 	0.0441666649
13435200 	0.11777778366666666
13438800 	0.3533332856333334
13442400 	0.9275001766666666
13446000 	0.2944444556333333
13449600 	0.27972216333333333
13453200 	0.14722224459999997
13456800 	0.05152778543333335
13460400 	0.6477777889666666
13464000 	0.3606943973333333
13467600 	0.0
13471200 	0.0
13474800 	0.0
13478400 	0.0
13482000 	0.0
13485600 	0.0
13489200 	0.029444450333333337
13492800 	0.0
13496400 	0.17666666666666667
13500000 	0.7946751099999999
13503600 	0.6993056274
13507200 	0.8690669223000003
13510800 	1.0820833262666667
13514400 	0.5005556256333332
13518000 	0.4490278472666666
13521600 	0.4858334092999999
13525200 	0.32388890066666665
13528800 	0.22083334393333337
13532400 	0.2281944432666667
13536000 	0.02944444326666667
13539600 	0.073611117
13543200 	0.2502777819
13546800 	0.15896092133333334
13550400 	0.4269444556333334
13554000 	0.0662500053
13557600 	0.014722221633333334
13561200 	0.0
13564800 	0.0
13568400 	0.058888900666666674
13572000 	0.0
13575600 	0.0
13579200 	0.029444450333333337
13582800 	0.2208333333333333
13586400 	1.4648611576333335
13590000 	0.8318054419000002
13593600 	0.4048710138666666
13597200 	0.34597228169999994
13600800 	0.029444450333333337
13604400 	0.029444450333333337
13608000 	0.04416667196666667
13611600 	0.014722221633333334
13615200 	0.014722221633333334
13618800 	0.4858333916333333
13622400 	0.32473811436666666
13626000 	0.3680555602666667
13629600 	0.6183332202666667
13633200 	0.35333340399999996
13636800 	0.15458332803333333
13640400 	0.029444450333333337
13644000 	0.0
13647600 	0.0
13651200 	0.0
13654800 	0.0
13658400 	0.0
13662000 	0.0
13665600 	0.04416666666666667
13669200 	0.20611113466666664
13672800 	1.1041668133000002
13676400 	1.2440276582333336
13680000 	0.9996015674666668
13683600 	0.022083333333333333
13687200 	0.04416666666666667
13690800 	0.014722221633333334
13694400 	0.22083339163333335
13698000 	0.029444450333333337
13701600 	0.07361110463333333
13705200 	0.029444450333333337
13708800 	0.7213888936
13712400 	0.48583327856666664
13716000 	0.5520833881
13719600 	0.29444444326666663
13723200 	0.10305556026666665
13726800 	0.014722221633333334
13730400 	0.0
13734000 	0.0
13737600 	0.0
13741200 	0.0
13744800 	0.0
13748400 	0.029444450333333337
13752000 	0.058888900666666674
13755600 	0.264999947
13759200 	1.1115277836666668
13762800 	1.5747168846666668
13766400 	0.46977205963333335
13770000 	0.09569443796666667
13773600 	0.04416667196666667
13777200 	0.029444450333333337
13780800 	0.24291672496666664
13784400 	0.0588888936
13788000 	0.058888883
13791600 	0.2944445033333333
13795200 	0.07361112229999998
13798800 	0.073611117
13802400 	0.24291666490000008
13806000 	0.4048611753
13809600 	0.27972215626666674
13813200 	0.058888900666666674
13816800 	0.014722221633333334
13820400 	0.0
13824000 	0.0
13827600 	0.0
13831200 	0.0
13834800 	0.0
13838400 	0.029444450333333337
13842000 	0.736111223
13845600 	0.29444444326666663
13849200 	1.1188889236333335
13852800 	0.6335884275666666
13856400 	0.6109721103333334
13860000 	0.0
13863600 	0.02944444326666667
13867200 	0.13249999293333334
13870800 	0.14722223399999998
13874400 	0.20611111699999995
13878000 	0.16194445033333332
13881600 	0.2797222923
13885200 	0.2797221615666667
13888800 	0.6036111169999999
13892400 	0.5594445209999999
13896000 	0.22083332626666663
13899600 	0.0588888936
13903200 	0.029444450333333337
13906800 	0.0
13910400 	0.0
13914000 	0.0
13917600 	0.0
13921200 	0.11777780133333335
13924800 	0.029444450333333337
13928400 	0.21347224636666665
13932000 	0.9348612106333333
13935600 	1.2870515053333336
13939200 	0.6767620703333334
13942800 	0.2281944450333333
13946400 	0.0
13950000 	0.02944444326666667
13953600 	0.029444450333333337
13957200 	0.23555561326666669
13960800 	0.0
13964400 	0.38277777659999995
13968000 	0.0
13971600 	0.47111113466666665
13975200 	0.5594445121666666
13978800 	0.44885450723333337
13982400 	0.11041667196666669
13986000 	0.0
13989600 	0.0
13993200 	0.0
13996800 	0.0
14000400 	0.0
14004000 	0.0
14007600 	0.0
14011200 	0.0
14014800 	0.13250000529999997
14018400 	1.5090279603333332
14022000 	0.6580084496333334
14025600 	0.6492282647000001
14029200 	0.46374999116666665
14032800 	0.6772221704
14036400 	0.44902777836666663
14040000 	0.0736111117
14043600 	0.22083328033333333
14047200 	0.15458333863333334
14050800 	0.34597228169999994
14054400 	0.39750005299999996
14058000 	0.2355556150333333
14061600 	0.161944468
14065200 	0.6330555602666667
14068800 	0.08833333686666667
14072400 	0.1355675393
14076000 	0.02944444326666667
14079600 	0.0
14083200 	0.0
14086800 	0.0
14090400 	0.0
14094000 	0.0
14097600 	0.014722221633333334
14101200 	0.42694456163333333
14104800 	0.478472234
14108400 	0.8465277713
14112000 	1.3900331023333334
14115600 	0.8759721633333333
14119200 	0.33861112230000007
14122800 	0.4714413052333333
14126400 	0.1325
14130000 	0.22083327326666674
14133600 	0.7802778949666666
14137200 	0.08097221633333333
14140800 	0.07361111523333333
14144400 	0.04416667196666667
14148000 	0.05152778366666667
14151600 	0.10331318796666666
14155200 	0.08097222693333332
14158800 	0.39750001589999995
14162400 	0.0
14166000 	0.0
14169600 	0.0
14173200 	0.0
14176800 	0.02944444326666667
14180400 	0.014722221633333334
14184000 	0.0
14187600 	0.3606944556333333
14191200 	0.9274999999999999
14194800 	0.6919443726
14198400 	0.5767963429333334
14202000 	0.08833334393333334
14205600 	0.04416667196666667
14209200 	0.029444450333333337
14212800 	0.0588888883
14216400 	0.22083339163333335
14220000 	0.25027784196666664
14223600 	0.25027784196666664
14227200 	0.4416666666666666
14230800 	0.53
14234400 	0.47111117529999996
14238000 	0.6624999522999999
14241600 	0.11777778366666666
14245200 	0.1325
14248800 	0.058888900666666674
14252400 	0.0
14256000 	0.0
14259600 	0.0
14263200 	0.0
14266800 	0.014722221633333334
14270400 	0.17666666666666667
14274000 	0.5299999293333334
14277600 	0.5888889059666667
14281200 	1.4869444379666668
14284800 	0.47847223223333335
14288400 	0.13946901946666668
14292000 	0.029444450333333337
14295600 	0.04416666666666667
14299200 	0.04416667196666667
14302800 	0.04416667196666667
14306400 	0.243096902
14310000 	0.07361112229999998
14313600 	0.2944443849666667
14317200 	0.27972228523333337
14320800 	0.32388895896666664
14324400 	0.6330554966666666
14328000 	0.1766666649
14331600 	0.058888900666666674
14335200 	0.029444450333333337
14338800 	0.0
14342400 	0.02944444326666667
14346000 	0.0
14349600 	0.0
14353200 	0.029444450333333337
14356800 	0.0
14360400 	0.5152776600000001
14364000 	0.6551389289333333
14367600 	0.8318055673333333
14371200 	0.6109721739333333
14374800 	0.22819443796666664
14378400 	0.11777778366666666
14382000 	0.0
14385600 	0.17666666666666667
14389200 	0.0441666649
14392800 	0.029444450333333337
14396400 	0.029444450333333337
14400000 	0.24752828499999996
14403600 	0.4122222922999999
14407200 	0.8833334570000002
14410800 	0.4637500053
14414400 	0.14722221456666668
14418000 	0.029444450333333337
14421600 	0.0
14425200 	0.02944444326666667
14428800 	0.0
14432400 	0.0
14436000 	0.0
14439600 	0.0
14443200 	0.0
14446800 	0.4122221103333334
14450400 	0.6109721686333334
14454000 	0.7152655986666666
14457600 	0.7721855369666669
14461200 	0.11041666666666665
14464800 	0.2355555019666667
14468400 	0.0
14472000 	0.24291666666666664
14475600 	0.029444450333333337
14479200 	0.04416667196666667
14482800 	0.27972216333333333
14486400 	0.1913888883
14490000 	0.4711112335999999
14493600 	0.5520832803333333
14497200 	0.8391666843333334
14500800 	0.05173893213333333
14504400 	0.1913888883
14508000 	0.0
14511600 	0.0
14515200 	0.058888900666666674
14518800 	0.0
14522400 	0.0
14526000 	0.029444450333333337
14529600 	0.0
14533200 	0.48583321496666676
14536800 	0.16194445033333332
14540400 	1.1998610516333332
14544000 	0.8638968482666667
14547600 	0.2502777836666667
14551200 	0.08833335100000002
14554800 	0.25763883000000004
14558400 	0.1398611117
14562000 	0.08833333333333333
14565600 	0.058888893600000006
14569200 	0.0588888883
14572800 	0.3533333916333333
14576400 	0.5888890066666665
14580000 	0.4343054966666667
14583600 	0.5668055602666666
14587200 	0.6551388476666666
14590800 	0.03680556203333334
14594400 	0.02944444326666667
14598000 	0.0
14601600 	0.0
14605200 	0.0
14608800 	0.0
14612400 	0.20611116999999998
14616000 	0.20611109933333335
14619600 	0.23555556733333333
14623200 	0.7729166136666668
14626800 	1.2145833510000001
14630400 	0.9863888476666667
14634000 	0.9260356453333336
14637600 	0.3459722905333334
14641200 	0.2944444485666667
14644800 	0.0588888936
14648400 	0.20611110993333334
14652000 	0.29444445033333333
14655600 	0.4122222799333333
14659200 	0.014722221633333334
14662800 	0.47111111699999997
14666400 	0.9716665606666667
14670000 	0.0588888883
14673600 	0.07361111523333333
14677200 	0.48583333863333333
14680800 	0.02944444503333334
14684400 	0.0
14688000 	0.0
14691600 	0.0
14695200 	0.0
14698800 	0.0
14702400 	0.0
14706000 	0.1325
14709600 	1.0158333863333333
14713200 	1.3310942403333332
14716800 	0.6191678483666666
14720400 	0.5668056274000001
14724000 	0.47847235059999993
14727600 	0.3238888900666667
14731200 	0.25027778543333323
14734800 	0.32388890066666665
14738400 	0.610972234
14742000 	0.6624998940000001
14745600 	0.10305556026666665
14749200 	0.02944444326666667
14752800 	0.0378544126
14756400 	0.2650000636
14760000 	0.07044800809999999
14763600 	0.27231313256666667
14767200 	0.029444450333333337
14770800 	0.0
14774400 	0.0
14778000 	0.0
14781600 	0.0
14785200 	0.014722221633333334
14788800 	0.0
14792400 	0.4269443849666666
14796000 	0.5962499982333334
14799600 	1.7077779126333332
14803200 	0.9659772915666665
14806800 	0.11041666666666665
14810400 	0.029444450333333337
14814000 	0.0441666649
14817600 	0.014722221633333334
14821200 	0.2355556203333333
14824800 	0.03680555496666666
14828400 	0.93486117
14832000 	0.22263208266666662
14835600 	0.33124999470000005
14839200 	0.3386110975666667
14842800 	0.3975000759666667
14846400 	0.16194447329999995
14850000 	0.30916672496666664
14853600 	0.0
14857200 	0.0
14860800 	0.0
14864400 	0.0
14868000 	0.029444450333333337
14871600 	0.0
14875200 	0.04416667196666667
14878800 	0.2208333333333333
14882400 	0.2797222216333333
14886000 	0.8906944503333334
14889600 	0.8980554896
14893200 	0.04416666666666667
14896800 	0.014722221633333334
14900400 	0.058888900666666674
14904000 	0.02944444326666667
14907600 	0.014722221633333334
14911200 	0.19169059963333335
14914800 	0.33861112230000007
14918400 	0.3974999505333333
14922000 	0.9716667249666667
14925600 	0.809722287
14929200 	0.3754166666666667
14932800 	0.3386111099333333
14936400 	0.30916673733333333
14940000 	0.029444450333333337
14943600 	0.0
14947200 	0.0
14950800 	0.0
14954400 	0.0
14958000 	0.029444450333333337
14961600 	0.0
14965200 	0.36805551433333333
14968800 	0.4490277836666666
14972400 	0.8980554913666665
14976000 	0.5643368679666666
14979600 	0.32388883
14983200 	0.24291666666666664
14986800 	0.04416667196666667
14990400 	0.20611111699999995
14994000 	0.02944444326666667
14997600 	0.04416667196666667
15001200 	0.31041039293333333
15004800 	0.44166661366666665
15008400 	0.5888888406
15012000 	0.5299999576
15015600 	0.9790276123000001
15019200 	0.11041665960000001
15022800 	0.16194445386666664
15026400 	0.0588888936
15030000 	0.0
15033600 	0.0
15037200 	0.0
15040800 	0.0
15044400 	0.0
15048000 	0.014722221633333334
15051600 	0.23555554966666664
15055200 	0.9196782423333333
15058800 	0.6330555567333334
15062400 	0.49327398566666664
15066000 	0.3091667302666667
15069600 	0.30916661366666665
15073200 	0.029444450333333337
15076800 	0.2502777836666667
15080400 	0.0
15084000 	0.11777778896666666
15087600 	0.6477779002666667
15091200 	0.5300000053
15094800 	0.051527776600000005
15098400 	0.5957791250333333
15102000 	0.35333338633333333
15105600 	0.6625000053
15109200 	0.2551700423
15112800 	0.11777778366666666
15116400 	0.0
15120000 	0.0
15123600 	0.0
15127200 	0.0
15130800 	0.0
15134400 	0.0
15138000 	0.6477778949666666
15141600 	0.662499947
15145200 	1.3323611523333334
15148800 	0.272361117
15152400 	0.32388883
15156000 	0.04416667196666667
15159600 	0.02944444326666667
15163200 	0.0515277713
15166800 	0.058888900666666674
15170400 	0.2208333333333333
15174000 	0.7361110516333333
15177600 	0.17666668433333332
15181200 	0.6183333386333333
15184800 	0.6772222269333332
15188400 	0.15373623433333333
15192000 	0.3312499876333334
15195600 	0.23555555320000005
15199200 	0.014722223400000001
15202800 	0.0
15206400 	0.0
15210000 	0.0
15213600 	0.0
15217200 	0.0
15220800 	0.014722221633333334
15224400 	0.32388890066666665
15228000 	1.2293056026666667
15231600 	1.1115277766
15235200 	0.6330555620333334
15238800 	0.19261634356666668
15242400 	0.5160566716666666
15246000 	0.07361110993333332
15249600 	0.1913888883
15253200 	0.22083333863333338
15256800 	0.2944444609333333
15260400 	0.41222216333333334
15264000 	0.2355555602666667
15267600 	0.8170834428666667
15271200 	0.2827087539666668
15274800 	0.25027778896666664
15278400 	0.25027779426666663
15282000 	0.014722221633333334
15285600 	0.029444450333333337
15289200 	0.0
15292800 	0.04578248296666667
15296400 	0.0
15300000 	0.0
15303600 	0.0
15307200 	0.014722221633333334
15310800 	0.6109721633333334
15314400 	0.7361110463333334
15318000 	0.5962500000000001
15321600 	0.5962499629
15325200 	0.9145623466666665
15328800 	0.5888888812333334
15332400 	0.32388883
15336000 	0.4269443849666666
15339600 	0.0588888936
15343200 	0.4269443902666667
15346800 	0.9569445616333331
15350400 	0.05872466956666666
15354000 	0.03680556203333334
15357600 	0.02944444326666667
15361200 	0.4122221686333333
15364800 	0.1619444733
15368400 	0.10305555496666664
15372000 	0.0
15375600 	0.0
15379200 	0.029444450333333337
15382800 	0.058888900666666674
15386400 	0.0
15390000 	0.014722221633333334
15393600 	0.0
15397200 	0.4711110534
15400800 	0.4784722516666666
15404400 	1.023194395566667
15408000 	0.5676320917333334
15411600 	0.4269444485666667
15415200 	0.2502777836666667
15418800 	0.07361111523333333
15422400 	0.25027783666666664
15426000 	0.08833333686666667
15429600 	0.04416667196666667
15433200 	0.08833333333333333
15436800 	0.1766666596
15440400 	0.7066665412333334
15444000 	0.22929461726666667
15447600 	0.8244445015666667
15451200 	0.029444450333333337
15454800 	0.4670409996666667
15458400 	0.014722221633333334
15462000 	0.058888900666666674
15465600 	0.0
15469200 	0.0
15472800 	0.0
15476400 	0.029444450333333337
15480000 	0.058888900666666674
15483600 	0.4269444326666667
15487200 	1.0305555602666665
15490800 	1.3102777713
15494400 	0.5073492999000001
15498000 	0.10305556026666668
15501600 	0.058888893600000006
15505200 	0.2797221686333333
15508800 	0.0515277713
15512400 	0.02944444326666667
15516000 	0.25027784196666664
15519600 	0.42694450863333333
15523200 	0.10282164299999999
15526800 	0.7508332803333334
15530400 	0.5447222923
15534000 	0.2576388865333334
15537600 	0.1913888883
15541200 	0.2355555602666667
15544800 	0.0
15548400 	0.0
15552000 	0.0
15555600 	0.0
15559200 	0.0
15562800 	0.0
15566400 	0.0
15570000 	0.4269444326666667
15573600 	1.531111117
15577200 	1.3691666790333332
15580800 	0.5447221633333333
15584400 	0.14722223929999997
15588000 	0.0588888936
15591600 	0.0588888936
15595200 	0.058888900666666674
15598800 	0.0
15602400 	0.04416667196666667
15606000 	0.6771828373333333
15609600 	0.14722221633333332
15613200 	0.16194445033333332
15616800 	0.4122221509666667
15620400 	0.5300000689
15624000 	0.27972223929999995
15627600 	0.1177777766
15631200 	0.029444450333333337
15634800 	0.058888900666666674
15638400 	0.0
15642000 	0.0
15645600 	0.0
15649200 	0.0
15652800 	0.0
15656400 	0.6183332803333333
15660000 	0.8097222216333333
15663600 	1.3176387646333332
15667200 	0.21592525243333335
15670800 	0.23555557263333332
15674400 	0.058888893600000006
15678000 	0.014722223400000001
15681600 	0.3533332803333334
15685200 	0.14722223399999998
15688800 	0.04416667196666667
15692400 	0.5005555549666668
15696000 	0.16194447329999995
15699600 	0.2355555602666667
15703200 	0.5226389536666667
15706800 	0.40486114173333326
15710400 	0.3312499947
15714000 	0.1619444609333333
15717600 	0.014722221633333334
15721200 	0.0
15724800 	0.0
15728400 	0.0
15732000 	0.0
15735600 	0.029444450333333337
15739200 	0.014722221633333334
15742800 	0.7508334569999999
15746400 	0.7876388353000002
15750000 	0.5741666083666667
15753600 	0.20515330099999998
15757200 	0.5302793276666667
15760800 	0.1325000070666667
15764400 	0.0
15768000 	0.04416667196666667
15771600 	0.014722221633333334
15775200 	0.25765969963333335
15778800 	0.515277713
15782400 	0.3680556132666666
15786000 	0.3238888883
15789600 	0.7508334499333332
15793200 	0.31652779426666666
15796800 	0.17666666666666667
15800400 	0.2058911369666667
15804000 	0.029444450333333337
15807600 	0.0
15811200 	0.0
15814800 	0.0
15818400 	0.0
15822000 	0.0
15825600 	0.0
15829200 	0.898055797
15832800 	0.7802777660000001
15836400 	1.0894443196
15840000 	0.6919443796666667
15843600 	0.7503024711999999
15847200 	0.4563888777
15850800 	0.4563888953666667
15854400 	0.3018055620333333
15858000 	0.2294304439
15861600 	0.5005555620333333
15865200 	0.2797221686333333
15868800 	0.43430556733333325
15872400 	0.0
15876000 	0.08833333686666667
15879600 	0.47111112759999996
15883200 	0.58888883
15886800 	0.20611111699999995
15890400 	0.0
15894000 	0.014722223400000001
15897600 	0.0
15901200 	0.0
15904800 	0.058888900666666674
15908400 	0.0
15912000 	0.14722221633333332
15915600 	0.45638890066666665
15919200 	0.3533333439333333
15922800 	2.0611110763666667
15926400 	0.9716667179000001
15930000 	0.4086458823333334
15933600 	0.3533333439333333
15937200 	0.6183333439333334
15940800 	0.20611110993333334
15944400 	0.4711111223
15948000 	0.12513889359999997
15951600 	0.0
15955200 	0.39750005829999996
15958800 	0.07361112229999998
15962400 	0.047857072566666665
15966000 	0.12513889359999997
15969600 	0.06625001236666668
15973200 	0.18387631496666668
15976800 	0.02944444326666667
15980400 	0.0
15984000 	0.029444450333333337
15987600 	0.0
15991200 	0.0
15994800 	0.07361112229999998
15998400 	0.14722221633333332
16002000 	1.1336110463333333
16005600 	0.6183332679666667
16009200 	0.6919443372666667
16012800 	0.7003368254333333
16016400 	0.2650000053
16020000 	0.0367628776
16023600 	0.264999947
16027200 	0.073611117
16030800 	0.9422221686333334
16034400 	0.0588888883
16038000 	0.27972223399999996
16041600 	0.058888893600000006
16045200 	0.471111064
16048800 	0.080972234
16052400 	0.3533332785666667
16056000 	0.323888883
16059600 	0.16194445033333332
16063200 	0.05888888653333334
16066800 	0.0
16070400 	0.0
16074000 	0.0
16077600 	0.02944444326666667
16081200 	0.029444450333333337
16084800 	0.014722221633333334
16088400 	0.5079166596000001
16092000 	1.2586115993333333
16095600 	0.9005351988333334
16099200 	0.4343056132666666
16102800 	0.4931943920333333
16106400 	0.11777778366666666
16110000 	0.03680556203333334
16113600 	0.17666666666666667
16117200 	0.029444450333333337
16120800 	0.45638900489999995
16124400 	0.3533332785666667
16128000 	0.23555556733333333
16131600 	0.3091666101333334
16135200 	0.9603029808333333
16138800 	0.08833334393333334
16142400 	0.20611105163333338
16146000 	0.20611112760000003
16149600 	0.029444450333333337
16153200 	0.02944444326666667
16156800 	0.029444450333333337
16160400 	0.0
16164000 	0.0
16167600 	0.0
16171200 	0.1030555479
16174800 	0.2797222163333334
16178400 	0.868611134666667
16182000 	1.405972158033333
16185600 	0.22354158033333335
16189200 	0.08833333863333334
16192800 	0.264999947
16196400 	0.04416667196666667
16200000 	0.0
16203600 	0.25027777660000006
16207200 	0.5741666719666667
16210800 	0.2944444379666667
16214400 	0.11041666666666665
16218000 	0.7361111028666668
16221600 	0.5005555037333334
16225200 	0.35333342166666665
16228800 	0.478472287
16232400 	0.07361111523333333
16236000 	0.0588888936
16239600 	0.0
16243200 	0.058888900666666674
16246800 	0.0
16250400 	0.0
16254000 	0.0
16257600 	0.02944444326666667
16261200 	0.02944444326666667
16264800 	1.1998611876666667
16268400 	1.2275764776666669
16272000 	0.5152777713
16275600 	0.007361111700000001
16279200 	0.02944444326666667
16282800 	0.19875
16286400 	0.03680556203333334
16290000 	0.029444450333333337
16293600 	0.4416666666666666
16297200 	0.3754166136666667
16300800 	0.3974999346333334
16304400 	0.265
16308000 	0.6551390066666667
16311600 	0.5005555673333334
16315200 	0.25763889360000003
16318800 	0.04416666666666667
16322400 	0.014722221633333334
16326000 	0.02944444326666667
16329600 	0.0
16333200 	0.0
16336800 	0.0
16340400 	0.0
16344000 	0.07361112229999998
16347600 	0.5962500000000001
16351200 	0.36069450863333335
16354800 	1.0826655842666668
16358400 	0.4269445015666667
16362000 	0.08833332626666666
16365600 	0.25763888830000004
16369200 	0.058888900666666674
16372800 	0.04416667196666667
16376400 	0.147222234
16380000 	0.736111064
16383600 	0.058888893600000006
16387200 	0.7508333404
16390800 	0.2649999523
16394400 	0.4343055549666667
16398000 	0.18402779073333336
16401600 	0.4490277783666667
16405200 	0.07361112406666669
16408800 	0.058888900666666674
16412400 	0.0
16416000 	0.0
16419600 	0.0215387654
16423200 	0.029444450333333337
16426800 	0.058888900666666674
16430400 	0.0
16434000 	0.9569446446666667
16437600 	0.7729166489999999
16441200 	0.5079166719666667
16444800 	0.8615088343333333
16448400 	1.0231945086333334
16452000 	0.11041666666666665
16455600 	0.3091666066
16459200 	0.5668056256333334
16462800 	0.2649999399333334
16466400 	0.17666667196666666
16470000 	0.23690764326666672
16473600 	0.29444445033333333
16477200 	0.2208333333333333
16480800 	0.33861105693333327
16484400 	0.30916672496666664
16488000 	0.07361112229999998
16491600 	0.21693288313333337
16495200 	0.0
16498800 	0.0
16502400 	0.0
16506000 	0.0
16509600 	0.0
16513200 	0.0
16516800 	0.014722221633333334
16520400 	0.6036110463333334
16524000 	0.8635828479999998
16527600 	0.9201388123333334
16531200 	0.2134722198666667
16534800 	0.4842172008
16538400 	0.8023610110000001
16542000 	0.4343055602666667
16545600 	0.1325000053
16549200 	0.7361109986333334
16552800 	0.1324999982333333
16556400 	0.2208333333333333
16560000 	0.029444450333333337
16563600 	0.5005556803999999
16567200 	0.0881877653
16570800 	0.029444450333333337
16574400 	0.2355555532
16578000 	0.14722221633333332
16581600 	0.014722221633333334
16585200 	0.0
16588800 	0.0
16592400 	0.02944444326666667
16596000 	0.0
16599600 	0.0
16603200 	0.04416666666666667
16606800 	0.5594445669333333
16610400 	0.7066666666666667
16614000 	0.7066666649
16617600 	1.1722261944333334
16621200 	0.16930555496666666
16624800 	0.0736111117
16628400 	0.04416667373333334
16632000 	0.014722221633333334
16635600 	0.073611117
16639200 	0.014722221633333334
16642800 	0.4483498712666666
16646400 	0.27972216333333333
16650000 	0.25027771830000006
16653600 	0.5005556132666665
16657200 	0.25763888830000004
16660800 	0.014722221633333334
16664400 	0.2649999523
16668000 	0.0
16671600 	0.0
16675200 	0.0
16678800 	0.0
16682400 	0.0
16686000 	0.014722221633333334
16689600 	0.0
16693200 	0.7655556203333334
16696800 	0.6256945033333333
16700400 	0.8254889036666667
16704000 	0.8272057503333334
16707600 	0.07361112229999998
16711200 	0.058888900666666674
16714800 	0.10305556733333333
16718400 	0.014722221633333334
16722000 	0.04416667196666667
16725600 	0.02944444326666667
16729200 	0.029444450333333337
16732800 	0.29444439733333333
16736400 	0.3386110463333334
16740000 	0.5077104613333332
16743600 	0.4343055602666667
16747200 	0.04416667196666667
16750800 	0.29850451533333333
16754400 	0.029444450333333337
16758000 	0.0
16761600 	0.0
16765200 	0.0
16768800 	0.0
16772400 	0.0
16776000 	0.0
16779600 	0.29444445033333333
16783200 	0.40486111700000005
16786800 	0.9937499293333335
16790400 	0.7361111876666666
16794000 	0.8257267853333332
16797600 	0.13250000529999997
16801200 	0.0
16804800 	0.04416667196666667
16808400 	0.029444450333333337
16812000 	0.007361111700000001
16815600 	0.5005556203333333
16819200 	0.25027778896666664
16822800 	0.2575036747
16826400 	0.23555561326666669
16830000 	0.19875
16833600 	0.04416667196666667
16837200 	0.12513890066666666
16840800 	0.029444450333333337
16844400 	0.0
16848000 	0.0
16851600 	0.0
16855200 	0.0
16858800 	0.0
16862400 	0.0
16866000 	0.3975
16869600 	0.7508333863333333
16873200 	1.037916596
16876800 	0.45284867733333334
16880400 	0.1325000053
16884000 	0.04416667196666667
16887600 	0.47111099333333334
16891200 	0.11777778366666666
16894800 	0.058888900666666674
16898400 	0.15931616796666667
16902000 	0.4269444503333333
16905600 	0.014722221633333334
16909200 	0.20611111699999995
16912800 	0.18402778366666664
16916400 	0.48583328563333333
16920000 	0.3754166719666666
16923600 	0.23555554966666664
16927200 	0.0
16930800 	0.014722223400000001
16934400 	0.0
16938000 	0.0
16941600 	0.0
16945200 	0.0
16948800 	0.0
16952400 	0.47111105163333333
16956000 	0.375416649
16959600 	0.9127778366666667
16963200 	0.2576389059666667
16966800 	0.3533332803333334
16970400 	0.0441666649
16974000 	0.22083328033333333
16977600 	0.029444450333333337
16981200 	0.02944444326666667
16984800 	0.04416666666666667
16988400 	0.0
16992000 	0.16194445563333335
16995600 	0.5888889466
16999200 	0.478472287
17002800 	0.3680556185666667
17006400 	0.2281944627
17010000 	0.3165277836666667
17013600 	0.029444450333333337
17017200 	0.0
17020800 	0.0
17024400 	0.0
17028000 	0.0
17031600 	0.0
17035200 	0.0
17038800 	0.30916661366666665
17042400 	1.0673610640000002
17046000 	0.5079167196666666
17049600 	0.25763890066666667
17053200 	0.6477779126333333
17056800 	0.3901389536666667
17060400 	0.1325000176666667
17064000 	0.02944444326666667
17067600 	0.058888893600000006
17071200 	0.2797222799333333
17074800 	0.6036112229999999
17078400 	0.3533332803333334
17082000 	0.2502777713
17085600 	0.47111116823333327
17089200 	0.073611117
17092800 	0.058888893600000006
17096400 	0.058888900666666674
17100000 	0.007361111700000001
17103600 	0.0
17107200 	0.0
17110800 	0.0
17114400 	0.0
17118000 	0.0
17121600 	0.1913889006666666
17125200 	0.41222227463333333
17128800 	0.45638888299999997
17132400 	1.9065276547
17136000 	0.34597224106666663
17139600 	0.10305556203333333
17143200 	0.28708335276666663
17146800 	0.05888889536666667
17150400 	0.16194444503333333
17154000 	0.2797222216333333
17157600 	0.7655555002000002
17161200 	0.20611105163333338
17164800 	0.07361112229999998
17168400 	0.2502777766
17172000 	0.014722221633333334
17175600 	0.23555557263333332
17179200 	0.6109722163333333
17182800 	0.2281944627
17186400 	0.02944444326666667
17190000 	0.0
17193600 	0.0
17197200 	0.058888900666666674
17200800 	0.0
17204400 	0.0
17208000 	0.029444450333333337
17211600 	0.3091666719666667
17215200 	0.6919444379666666
17218800 	0.780277925
17222400 	0.41958339163333325
17226000 	0.19138883
17229600 	0.0
17233200 	0.04416666666666667
17236800 	0.04416667196666667
17240400 	0.029444450333333337
17244000 	0.22083328033333333
17247600 	0.0
17251200 	0.3386111099333333
17254800 	0.36805549666666665
17258400 	0.2650000229666666
17262000 	0.5741667302666666
17265600 	0.22083339163333335
17269200 	0.32388883
17272800 	0.08833333333333333
17276400 	0.0
17280000 	0.0
17283600 	0.0
17287200 	0.0
17290800 	0.058888900666666674
17294400 	0.029444450333333337
17298000 	0.47111099333333334
17301600 	0.4048610816666667
17305200 	0.9643055143333333
17308800 	0.27972223399999996
17312400 	0.22083339339999994
17316000 	0.007361111700000001
17319600 	0.0
17323200 	0.02944444326666667
17326800 	0.04416667196666667
17330400 	0.0
17334000 	0.3975
17337600 	0.029444450333333337
17341200 	0.5594444556333333
17344800 	0.7287499947000001
17348400 	0.5152777836666667
17352000 	0.30916666666666665
17355600 	0.058888883
17359200 	0.0
17362800 	0.0
17366400 	0.0
17370000 	0.0
17373600 	0.0
17377200 	0.0
17380800 	0.0
17384400 	0.7066666666666667
17388000 	0.26500001236666665
17391600 	0.625694415
17395200 	0.5079167249666666
17398800 	0.04416666666666667
17402400 	0.014722221633333334
17406000 	0.04416667196666667
17409600 	0.0
17413200 	0.0
17416800 	0.007361111700000001
17420400 	0.33861112230000007
17424000 	0.17666667196666666
17427600 	0.677222234
17431200 	0.5299998763333333
17434800 	0.11041667903333334
17438400 	0.3606944485666667
17442000 	0.24291666666666664
17445600 	0.0
17449200 	0.0
17452800 	0.029444450333333337
17456400 	0.0
17460000 	0.0
17463600 	0.0
17467200 	0.058888883
17470800 	0.4122221103333334
17474400 	0.8759721863
17478000 	0.7876388229333333
17481600 	0.40486106400000005
17485200 	0.058888900666666674
17488800 	0.04416667196666667
17492400 	0.029444450333333337
17496000 	0.029444450333333337
17499600 	0.029444450333333337
17503200 	0.04416667196666667
17506800 	0.19138883
17510400 	0.07361112229999998
17514000 	0.9422222799333331
17517600 	0.36805549666666665
17521200 	0.20611110993333334
17524800 	0.2502777713
17528400 	0.2502777253666667
17532000 	0.007361111700000001
17535600 	0.0
17539200 	0.0
17542800 	0.0
17546400 	0.0
17550000 	0.0
17553600 	0.029444450333333337
17557200 	0.5741666136666667
17560800 	0.272361117
17564400 	0.5815277836666666
17568000 	0.3606944450333333
17571600 	0.4931943920333333
17575200 	0.0
17578800 	0.05152778366666667
17582400 	0.014722221633333334
17586000 	0.17666666666666667
17589600 	0.04416667196666667
17593200 	0.265
17596800 	0.27236104633333336
17600400 	0.04416666666666667
17604000 	0.5005555620333333
17607600 	0.27972228523333337
17611200 	0.2944445139333333
17614800 	0.2649999399333334
17618400 	0.0
17622000 	0.0
17625600 	0.0
17629200 	0.0
17632800 	0.0
17636400 	0.0
17640000 	0.22083327326666666
17643600 	0.0
17647200 	0.530000053
17650800 	0.7655555496666665
17654400 	1.0452775999333332
17658000 	0.7581944026333332
17661600 	0.3091666543
17665200 	0.2650000053
17668800 	0.22083333863333338
17672400 	0.08833333333333333
17676000 	0.5594443673
17679600 	0.20611111699999995
17683200 	0.3754166719666666
17686800 	0.08097222163333333
17690400 	0.0588888883
17694000 	0.029444450333333337
17697600 	0.2650000106
17701200 	0.1177777766
17704800 	0.0
17708400 	0.0
17712000 	0.0
17715600 	0.0
17719200 	0.058888900666666674
17722800 	0.029444450333333337
17726400 	0.0
17730000 	0.7140278896666667
17733600 	0.7802776653000001
17737200 	0.8612499293333334
17740800 	0.32388882823333337
17744400 	0.2797222251666667
17748000 	0.41222231173333335
17751600 	0.3827777836666667
17755200 	0.397499947
17758800 	0.5152777183
17762400 	0.3238889395333334
17766000 	0.25027780133333327
17769600 	0.03680555496666666
17773200 	0.029444450333333337
17776800 	0.0588888883
17780400 	0.47847223576666664
17784000 	0.16194443796666666
17787600 	0.1913888883
17791200 	0.029444450333333337
17794800 	0.0
17798400 	0.0
17802000 	0.0
17805600 	0.0
17809200 	0.02944444326666667
17812800 	0.058888900666666674
17816400 	0.8538889536666666
17820000 	0.3901388812333334
17823600 	0.6772222163333335
17827200 	0.4122222269333334
17830800 	0.13250000529999997
17834400 	0.08833333333333333
17838000 	0.23555555496666672
17841600 	0.029444450333333337
17845200 	0.05152777836666667
17848800 	0.058888900666666674
17852400 	0.17666666666666667
17856000 	0.2208333333333333
17859600 	0.618333457
17863200 	0.4122222216333333
17866800 	0.2797221686333333
17870400 	0.05152778366666667
17874000 	0.0588888883
17877600 	0.0
17881200 	0.0
17884800 	0.058888900666666674
17888400 	0.0
17892000 	0.0
17895600 	0.0
17899200 	0.17666666666666667
17902800 	0.7066664953
17906400 	0.4269444326666667
17910000 	1.0968054966666667
17913600 	0.44166667196666665
17917200 	0.0588888883
17920800 	0.0
17924400 	0.029444450333333337
17928000 	0.029444450333333337
17931600 	0.22819445033333333
17935200 	0.20611110463333332
17938800 	0.17666667196666666
17942400 	0.4858333333333333
17946000 	0.029444450333333337
17949600 	0.0956944503333333
17953200 	0.4269445139333333
17956800 	0.0
17960400 	0.23555556733333333
17964000 	0.06625001236666668
17967600 	0.0
17971200 	0.0
17974800 	0.0
17978400 	0.0
17982000 	0.0
17985600 	0.02944444326666667
17989200 	0.5594444326666668
17992800 	0.5079166596
17996400 	1.4354166136666666
18000000 	0.45638895896666665
18003600 	0.03680555496666666
18007200 	0.0515277713
18010800 	0.27972216333333333
18014400 	0.014722221633333334
18018000 	0.04416666666666667
18021600 	0.029444450333333337
18025200 	0.2208333333333333
18028800 	0.08833333863333334
18032400 	0.1398611223
18036000 	0.33861106223333337
18039600 	0.3533332785666667
18043200 	0.14722222693333334
18046800 	0.0
18050400 	0.08833333333333333
18054000 	0.02944444326666667
18057600 	0.0
18061200 	0.0
18064800 	0.0
18068400 	0.0
18072000 	0.02944444326666667
18075600 	0.7213888299999999
18079200 	0.5888888123333333
18082800 	1.0452777183000002
18086400 	0.5741667249666667
18090000 	0.3091667249666667
18093600 	0.014722221633333334
18097200 	0.058888883
18100800 	0.014722221633333334
18104400 	0.014722221633333334
18108000 	0.08097222163333333
18111600 	0.014722221633333334
18115200 	0.07361112229999998
18118800 	0.6330555673333333
18122400 	0.6330554436666667
18126000 	0.08833334393333335
18129600 	0.10305556733333333
18133200 	0.3238888883
18136800 	0.05888888653333334
18140400 	0.0
18144000 	0.0
18147600 	0.0
18151200 	0.014722221633333334
18154800 	0.0
18158400 	0.058888883
18162000 	0.6625000706666666
18165600 	0.4637500229666667
18169200 	1.12625
18172800 	0.41958340399999994
18176400 	0.6330556733333333
18180000 	0.544722287
18183600 	0.014722221633333334
18187200 	0.2944445086333333
18190800 	0.02944444326666667
18194400 	0.014722221633333334
18198000 	0.04416667196666667
18201600 	0.058888900666666674
18205200 	0.5888889006666667
18208800 	0.3680555072666667
18212400 	0.6183334623
18216000 	0.10305555496666664
18219600 	0.0
18223200 	0.07361112229999998
18226800 	0.0
18230400 	0.0
18234000 	0.0
18237600 	0.0
18241200 	0.058888900666666674
18244800 	0.2061111099333333
18248400 	0.5888889536666666
18252000 	0.41958332803333337
18255600 	1.737222216333333
18259200 	0.5226388935999999
18262800 	0.19874998763333335
18266400 	0.1325000053
18270000 	0.08833333863333334
18273600 	0.16930556026666668
18277200 	0.17666666666666667
18280800 	0.5741667956333333
18284400 	0.1913888883
18288000 	0.4416666066
18291600 	0.1913888883
18295200 	0.22083335629999998
18298800 	0.8170832220333334
18302400 	0.6551390119666667
18306000 	0.117777766
18309600 	0.0
18313200 	0.014722223400000001
18316800 	0.014722221633333334
18320400 	0.0
18324000 	0.0
18327600 	0.014722221633333334
18331200 	0.0
18334800 	0.14722221633333332
18338400 	0.3459722163333333
18342000 	1.0894445033333333
18345600 	0.36805556733333333
18349200 	0.6404166013000001
18352800 	1.2955556963000001
18356400 	0.7655556132666665
18360000 	0.16930554436666667
18363600 	0.8023611823666666
18367200 	0.5888889006666667
18370800 	0.2797222163333334
18374400 	0.058888893600000006
18378000 	0.0588888936
18381600 	0.0
18385200 	0.11777779426666668
18388800 	0.09569445563333334
18392400 	0.08833333156666666
18396000 	0.0
18399600 	0.0
18403200 	0.0
18406800 	0.0
18410400 	0.0
18414000 	0.0
18417600 	0.0
18421200 	0.6625
18424800 	1.1262500229666665
18428400 	0.9127778949666666
18432000 	0.2797222216333333
18435600 	0.3606944026333333
18439200 	0.20611116999999998
18442800 	0.014722221633333334
18446400 	0.1987500053
18450000 	0.03680556203333334
18453600 	0.0
18457200 	0.3533333386333334
18460800 	0.08833334393333334
18464400 	0.27972218099999996
18468000 	0.36805555673333334
18471600 	0.949583391633333
18475200 	0.16930555496666666
18478800 	0.30916661190000005
18482400 	0.014722221633333334
18486000 	0.0
18489600 	0.0
18493200 	0.0
18496800 	0.0
18500400 	0.029444450333333337
18504000 	0.029444450333333337
18507600 	0.20611116999999998
18511200 	1.0526387769999999
18514800 	1.3544446146333333
18518400 	0.5815277395
18522000 	0.33124995230000004
18525600 	0.48583328033333334
18529200 	0.0
18532800 	0.044166661366666665
18536400 	0.20611105163333338
18540000 	0.05152778366666667
18543600 	0.41222233999999996
18547200 	0.0588888936
18550800 	0.30180556203333336
18554400 	0.13250000353333333
18558000 	0.927499959366667
18561600 	0.8538889006666668
18565200 	0.029444450333333337
18568800 	0.014722223400000001
18572400 	0.0
18576000 	0.0
18579600 	0.0
18583200 	0.0
18586800 	0.0
18590400 	0.029444450333333337
18594000 	0.5447221633333333
18597600 	0.5594443849666667
18601200 	0.7361111629333333
18604800 	0.8097221810000002
18608400 	0.04416667196666667
18612000 	0.22083328033333333
18615600 	0.08833335100000002
18619200 	0.014722221633333334
18622800 	0.04416667196666667
18626400 	0.0588888936
18630000 	0.0
18633600 	0.35333338633333333
18637200 	0.6330553836
18640800 	0.5079166189666667
18644400 	0.8318055673333333
18648000 	0.08833333686666667
18651600 	0.2870833457
18655200 	0.0
18658800 	0.0
18662400 	0.014722221633333334
18666000 	0.0
18669600 	0.0
18673200 	0.0
18676800 	0.02944444326666667
18680400 	0.3827777836666667
18684000 	0.36805550196666675
18687600 	1.3029166719666667
18691200 	0.6330555549666667
18694800 	0.2134722216333333
18698400 	0.03680555496666666
18702000 	0.0
18705600 	0.0
18709200 	0.27972228699999996
18712800 	0.04416667196666667
18716400 	0.0588888936
18720000 	0.04416667196666667
18723600 	0.41222216333333334
18727200 	1.1630556786333333
18730800 	0.8686112353666668
18734400 	0.5005555655666667
18738000 	0.264999947
18741600 	0.029444450333333337
18745200 	0.0
18748800 	0.0
18752400 	0.0
18756000 	0.014722221633333334
18759600 	0.0
18763200 	0.0
18766800 	0.530000053
18770400 	0.537361117
18774000 	1.2587499999999998
18777600 	0.3827777836666667
18781200 	0.15458333333333332
18784800 	0.04416667196666667
18788400 	0.014722221633333334
18792000 	0.022083333333333333
18795600 	0.014722221633333334
18799200 	0.014722221633333334
18802800 	0.014722221633333334
18806400 	0.25027778896666664
18810000 	0.39750006889999984
18813600 	0.8538887116333335
18817200 	0.5447221739333333
18820800 	0.6036111753
18824400 	0.05888889536666667
18828000 	0.014722221633333334
18831600 	0.0
18835200 	0.014722223400000001
18838800 	0.0
18842400 	0.0
18846000 	0.029444450333333337
18849600 	0.0
18853200 	0.42694432666666676
18856800 	0.65513883
18860400 	1.5458334446333335
18864000 	0.7655555726333333
18867600 	0.8170833563
18871200 	0.14601516960000002
18874800 	0.3018055673333333
18878400 	0.04416667196666667
18882000 	0.3827777183
18885600 	0.1251388883
18889200 	0.41222228699999997
18892800 	0.41222222163333333
18896400 	1.0452776653
18900000 	0.21347222693333331
18903600 	0.19875
18907200 	0.04416667196666667
18910800 	0.45638895366666665
18914400 	0.16194443973333333
18918000 	0.014722223400000001
18921600 	0.0
18925200 	0.0
18928800 	0.0
18932400 	0.0
18936000 	0.029444450333333337
18939600 	0.3533332803333334
18943200 	0.8023612230000001
18946800 	1.3912499063666666
18950400 	0.4126345775333334
18954000 	0.7163544642333334
18957600 	0.4269444503333333
18961200 	0.080972234
18964800 	0.41222228699999997
18968400 	0.34168646320000007
18972000 	0.6183333333333333
18975600 	0.5300000105999999
18979200 	0.0588888936
18982800 	0.08833334393333334
18986400 	0.04416666666666667
18990000 	0.0588888936
18993600 	0.22819445033333333
18997200 	0.1346205406
19000800 	0.0
19004400 	0.058888900666666674
19008000 	0.0588888883
19011600 	0.0
19015200 	0.014722221633333334
19018800 	0.0
19022400 	0.11777780133333335
19026000 	1.0526387116333331
19029600 	0.8538888353
19033200 	1.0673610463333332
19036800 	0.2723611134666667
19040400 	0.14348964363333333
19044000 	0.058888900666666674
19047600 	0.014722223400000001
19051200 	0.0588888936
19054800 	0.014722223400000001
19058400 	0.23555555496666672
19062000 	0.0
19065600 	0.4155769573333333
19069200 	1.001111064
19072800 	0.5300000229666666
19076400 	0.25027778896666664
19080000 	0.353333351
19083600 	0.014722221633333334
19087200 	0.0
19090800 	0.0
19094400 	0.058888900666666674
19098000 	0.0
19101600 	0.0
19105200 	0.0
19108800 	0.058888900666666674
19112400 	0.6772221686333334
19116000 	0.9643055673333331
19119600 	1.1556944450333333
19123200 	0.5364210277333333
19126800 	0.16910860166666666
19130400 	0.0
19134000 	0.04416667196666667
19137600 	0.07361111523333333
19141200 	0.022083333333333333
19144800 	0.007361111700000001
19148400 	0.07361112229999998
19152000 	0.44166656066666665
19155600 	0.7508333333333334
19159200 	0.272361064
19162800 	0.44166667196666665
19166400 	0.0809722287
19170000 	0.25027778896666664
19173600 	0.029444450333333337
19177200 	0.0
19180800 	0.0
19184400 	0.0
19188000 	0.0
19191600 	0.029444450333333337
19195200 	0.014722221633333334
19198800 	0.36805554790000006
19202400 	1.4869442083000002
19206000 	1.0011112335999999
19209600 	0.639519253
19213200 	0.1840277889666667
19216800 	0.08833334393333334
19220400 	0.073611117
19224000 	0.0
19227600 	0.08833334393333335
19231200 	0.22083328033333333
19234800 	0.029444450333333337
19238400 	0.23555549666666667
19242000 	0.44166661366666665
19245600 	1.258750022966667
19249200 	0.5741666719666667
19252800 	0.07361112229999998
19256400 	0.1325000053
19260000 	0.06564496260000001
19263600 	0.0
19267200 	0.0
19270800 	0.0
19274400 	0.0
19278000 	0.0
19281600 	0.16194445563333335
19285200 	0.26500001766666664
19288800 	0.4122222339999999
19292400 	0.9127778490333333
19296000 	0.8537547329333338
19299600 	0.3533333386333334
19303200 	0.08833335100000002
19306800 	0.029444450333333337
19310400 	0.014722221633333334
19314000 	0.029444450333333337
19317600 	0.02944444326666667
19321200 	0.03680555496666666
19324800 	0.5741666119000001
19328400 	1.1188888936000003
19332000 	0.6551390720333333
19335600 	0.15855661966666665
19339200 	0.42694449096666665
19342800 	0.0588888936
19346400 	0.0
19350000 	0.0
19353600 	0.0
19357200 	0.0
19360800 	0.0
19364400 	0.014722221633333334
19368000 	0.08833333863333334
19371600 	0.8097221633333332
19375200 	0.5005555726333333
19378800 	1.0820051742333336
19382400 	0.9850677361
19386000 	0.0515277766
19389600 	0.007361111700000001
19393200 	0.03680555496666666
19396800 	0.23555549666666667
19400400 	0.0
19404000 	0.25027771830000006
19407600 	0.014722221633333334
19411200 	0.42694451393333327
19414800 	1.2955555479
19418400 	0.11777778366666668
19422000 	0.239358335
19425600 	0.4711111152333333
19429200 	0.25027783490000005
19432800 	0.014722221633333334
19436400 	0.0
19440000 	0.058888900666666674
19443600 	0.0
19447200 	0.0
19450800 	0.0
19454400 	0.0
19458000 	0.029444450333333337
19461600 	0.9495833333333333
19465200 	1.177777766
19468800 	0.8518562799999999
19472400 	0.5815277960333334
19476000 	0.5152777059333334
19479600 	0.16930555496666663
19483200 	0.3604439546666667
19486800 	0.38277783666666665
19490400 	0.40486111700000005
19494000 	0.33861112230000007
19497600 	0.3974999576
19501200 	0.3533333439333333
19504800 	0.9422222410666666
19508400 	0.5079166066
19512000 	0.0515277766
19515600 	0.04416666666666667
19519200 	0.02944444326666667
19522800 	0.02944444326666667
19526400 	0.0
19530000 	0.0
19533600 	0.0
19537200 	0.0
19540800 	0.058888900666666674
19544400 	0.9422221633333332
19548000 	0.478472234
19551600 	1.0084721686333333
19555200 	1.0268903841333332
19558800 	0.2870833563
19562400 	0.5594443920333333
19566000 	0.2208333333333333
19569600 	0.10305557263333331
19573200 	1.0894446216999998
19576800 	0.5594443973333334
19580400 	0.22083339163333335
19584000 	0.3091667302666667
19587600 	0.014722221633333334
19591200 	0.13286177093333332
19594800 	0.5152777235999999
19598400 	0.10305557263333333
19602000 	0.11760138200000002
19605600 	0.028610512999999997
19609200 	0.0
19612800 	0.058888883
19616400 	0.0
19620000 	0.058888900666666674
19623600 	0.0
19627200 	0.14722221633333332
19630800 	0.30916666666666665
19634400 	0.9422222870000001
19638000 	0.8097222216333333
19641600 	0.2210788523
19645200 	0.04416667196666667
19648800 	0.014722221633333334
19652400 	0.47111122829999996
19656000 	0.5152776653
19659600 	0.029444450333333337
19663200 	0.058888900666666674
19666800 	0.08833333156666666
19670400 	0.7729167779666667
19674000 	0.5899965564999999
19677600 	0.25027777660000006
19681200 	0.19874994169999996
19684800 	0.3533332768000001
19688400 	0.08833334393333334
19692000 	0.0
19695600 	0.0
19699200 	0.0
19702800 	0.0
19706400 	0.058888900666666674
19710000 	0.02944444326666667
19713600 	0.08833333333333333
19717200 	0.6477778896666666
19720800 	0.743472234
19724400 	1.5458332803333334
19728000 	0.24296444793333338
19731600 	0.24291661366666667
19735200 	0.029444450333333337
19738800 	0.38277766
19742400 	0.014722221633333334
19746000 	0.029444450333333337
19749600 	0.14722223399999998
19753200 	0.26601417619999995
19756800 	0.6477777183
19760400 	0.19875001766666664
19764000 	0.8391666772666666
19767600 	0.41222222163333333
19771200 	0.25027777836666665
19774800 	0.1913888883
19778400 	0.058888900666666674
19782000 	0.0
19785600 	0.0
19789200 	0.0
19792800 	0.0
19796400 	0.029444450333333337
19800000 	0.029444450333333337
19803600 	0.7655556203333335
19807200 	0.6330555143333334
19810800 	0.9330686693666667
19814400 	0.41958336336666663
19818000 	0.8538888777000001
19821600 	0.02944444326666667
19825200 	0.014722221633333334
19828800 	0.27972218099999996
19832400 	0.014722221633333334
19836000 	0.033570977333333335
19839600 	0.029444450333333337
19843200 	0.41222218099999997
19846800 	0.6036110516333333
19850400 	0.9422224018333333
19854000 	0.20611110993333334
19857600 	0.25027771653333336
19861200 	0.16810278356666666
19864800 	0.024717451
19868400 	0.0
19872000 	0.0
19875600 	0.0
19879200 	0.0
19882800 	0.0
19886400 	0.058888893600000006
19890000 	0.5005555496666667
19893600 	0.7802777889666668
19897200 	1.185138958966667
19900800 	0.40374730433333345
19904400 	0.3754166719666666
19908000 	0.058888900666666674
19911600 	0.09569444503333334
19915200 	0.13986110640000002
19918800 	0.029444450333333337
19922400 	0.1325000053
19926000 	0.16194444503333333
19929600 	0.47094402036666677
19933200 	0.5668055620333333
19936800 	0.5594443832000001
19940400 	0.6551388405999999
19944000 	0.25027779426666663
19947600 	0.4048611753
19951200 	0.0
19954800 	0.0
19958400 	0.02944444326666667
19962000 	0.0
19965600 	0.0
19969200 	0.0
19972800 	0.029444450333333337
19976400 	0.39013877169999994
19980000 	0.4931944326666666
19983600 	1.2955556203333336
19987200 	0.780277713
19990800 	0.19262249156666664
19994400 	0.22083339163333335
19998000 	0.029444450333333337
20001600 	0.265
20005200 	0.07361110993333332
20008800 	0.02944444326666667
20012400 	0.07342361183333333
20016000 	0.7802779073333334
20019600 	0.5005555602666667
20023200 	0.5741666666666667
20026800 	0.8906944432666667
20030400 	0.2870833633666666
20034000 	0.17666666136666667
20037600 	0.0
20041200 	0.0
20044800 	0.0
20048400 	0.058888900666666674
20052000 	0.0
20055600 	0.04416667196666667
20059200 	0.1913888883
20062800 	0.32388890066666665
20066400 	0.6256945263
20070000 	0.9127777889666667
20073600 	0.9790277289000001
20077200 	0.5051865253666666
20080800 	0.36069445033333336
20084400 	0.22083334039999997
20088000 	0.33861118059999995
20091600 	0.3018054913666667
20095200 	0.6919443902666667
20098800 	0.42694439733333334
20102400 	0.5152777306666667
20106000 	0.24291665429999998
20109600 	0.2944444556333333
20113200 	0.2429166772666667
20116800 	0.0
20120400 	0.5773482566666667
20124000 	0.0588888936
20127600 	0.0
20131200 	0.0
20134800 	0.0
20138400 	0.0
20142000 	0.0
20145600 	0.014722221633333334
20149200 	0.7655553765333334
20152800 	0.9422222693333333
20156400 	1.1704166719666664
20160000 	0.49213667633333325
20163600 	0.5815277660000001
20167200 	0.7416825776999998
20170800 	0.5746605383333333
20174400 	0.1766666596
20178000 	0.3680555726333333
20181600 	0.6698611735333333
20185200 	0.2502777165333334
20188800 	0.2355556150333333
20192400 	0.058888893600000006
20196000 	0.29444451039999997
20199600 	0.13250000353333335
20203200 	0.36805557263333327
20206800 	0.04416667196666667
20210400 	0.0
20214000 	0.0
20217600 	0.0
20221200 	0.0
20224800 	0.0
20228400 	0.0
20232000 	0.07361112229999998
20235600 	0.9569443266666668
20239200 	0.6897148993333334
20242800 	1.0526389077333334
20246400 	0.3537361015333333
20250000 	0.14722222869999999
20253600 	0.029444450333333337
20257200 	0.1177777766
20260800 	0.4122221050333333
20264400 	0.022083333333333333
20268000 	0.02944444326666667
20271600 	0.014722221633333334
20275200 	0.47111113466666665
20278800 	0.8170833262666667
20282400 	0.3680266558333333
20286000 	0.6036111046333332
20289600 	0.6162465696333334
20293200 	0.23555558499999993
20296800 	0.0
20300400 	0.0
20304000 	0.0
20307600 	0.0
20311200 	0.0
20314800 	0.029444450333333337
20318400 	0.0
20322000 	0.5300000070666666
20325600 	0.6845832626666667
20329200 	1.4501390119666666
20332800 	0.29200203013333337
20336400 	0.24291667196666666
20340000 	0.08833333333333333
20343600 	0.1177777766
20347200 	0.19875
20350800 	0.029444450333333337
20354400 	0.0
20358000 	0.30976936146666667
20361600 	0.2944444432666667
20365200 	0.7655555496666665
20368800 	1.0231946269999999
20372400 	0.37541660483333344
20376000 	0.4269445033333333
20379600 	0.0588888936
20383200 	0.0
20386800 	0.0
20390400 	0.0
20394000 	0.0
20397600 	0.0
20401200 	0.0
20404800 	0.0
20408400 	0.0
20412000 	0.4637500706666666
20415600 	1.3176389519000002
20419200 	1.1239515101333335
20422800 	0.4490277783666667
20426400 	0.029444450333333337
20430000 	0.16194445033333332
20433600 	0.029444450333333337
20437200 	0.08833334393333334
20440800 	0.029444450333333337
20444400 	0.22035029133333336
20448000 	0.25027771830000006
20451600 	0.8391665606666667
20455200 	0.6330556026666667
20458800 	0.39750007773333335
20462400 	0.3533333969333334
20466000 	0.3680555002000001
20469600 	0.0
20473200 	0.02944444326666667
20476800 	0.02944444326666667
20480400 	0.0
20484000 	0.0
20487600 	0.04416667196666667
20491200 	0.029444450333333337
20494800 	0.22083339163333335
20498400 	0.9643055673333334
20502000 	1.713463787966667
20505600 	0.4048374189333333
20509200 	0.19138889359999994
20512800 	0.11041667903333334
20516400 	0.04416666666666667
20520000 	0.26499999823333337
20523600 	0.02944444326666667
20527200 	0.04416667196666667
20530800 	0.029444450333333337
20534400 	0.45638883529999996
20538000 	0.8097222269333334
20541600 	0.44902785433333336
20545200 	0.41222228699999997
20548800 	0.29444438496666664
20552400 	0.10232157386666668
20556000 	0.0
20559600 	0.0
20563200 	0.0
20566800 	0.0
20570400 	0.0
20574000 	0.029444450333333337
20577600 	0.08833333333333333
20581200 	0.4711110569333334
20584800 	0.6109722216333333
20588400 	1.3765277836666665
20592000 	0.7213888935999999
20595600 	0.22083334039999997
20599200 	0.05888888653333334
20602800 	0.3018054949
20606400 	0.0
20610000 	0.0588888883
20613600 	0.05152778366666667
20617200 	0.17666668433333332
20620800 	0.35102596066666664
20624400 	0.5152778543333333
20628000 	0.6256945033333333
20631600 	0.7508334481666665
20635200 	0.60361117
20638800 	0.11041666843333332
20642400 	0.014722221633333334
20646000 	0.0
20649600 	0.0
20653200 	0.0
20656800 	0.0
20660400 	0.0
20664000 	0.029444450333333337
20667600 	0.23555549666666667
20671200 	0.5815277836666666
20674800 	0.9716666843333335
20678400 	1.0526388936000002
20682000 	0.965677311566667
20685600 	0.1398611223
20689200 	0.3901388953666667
20692800 	0.1317743717
20696400 	0.4889044377666667
20700000 	0.23555554260000003
20703600 	0.3386111752999999
20707200 	0.6919444503333332
20710800 	0.2797221739333334
20714400 	1.1704167497
20718000 	0.09569444326666665
20721600 	0.22083333863333338
20725200 	0.6036109986333333
20728800 	0.029444450333333337
20732400 	0.0
20736000 	0.0
20739600 	0.0
20743200 	0.0
20746800 	0.0
20750400 	0.0
20754000 	0.05152778366666667
20757600 	0.287083351
20761200 	1.3323611629333334
20764800 	1.1245051693333332
20768400 	0.4931945687
20772000 	0.47111105870000003
20775600 	0.8170832273333333
20779200 	0.10305555143333332
20782800 	1.361805390666667
20786400 	0.2650000636
20790000 	0.2944443902666667
20793600 	0.058888900666666674
20797200 	0.058888900666666674
20800800 	0.5152778543333333
20804400 	0.08833332626666666
20808000 	0.24291667196666666
20811600 	0.042202550266666666
20815200 	0.037394180033333335
20818800 	0.0
20822400 	0.0
20826000 	0.0
20829600 	0.0
20833200 	0.0
20836800 	0.0588888936
20840400 	0.2944444556333333
20844000 	1.4648608696666667
20847600 	0.29444444503333334
20851200 	0.5211392427
20854800 	0.41222228699999997
20858400 	0.10305555496666664
20862000 	0.30916661366666665
20865600 	0.014722221633333334
20869200 	0.04416667196666667
20872800 	0.029444450333333337
20876400 	0.30148700906666664
20880000 	0.6183333916333333
20883600 	0.1913888865333333
20887200 	0.6625001166
20890800 	0.39013888300000005
20894400 	0.2723611823666666
20898000 	0.4122221739333334
20901600 	0.0
20905200 	0.0
20908800 	0.0
20912400 	0.0
20916000 	0.0
20919600 	0.029444450333333337
20923200 	0.0
20926800 	0.3827778013333332
20930400 	0.6404166666666666
20934000 	0.9201389589666665
20937600 	0.9505122766999999
20941200 	0.17666667196666666
20944800 	0.32388883
20948400 	0.029444450333333337
20952000 	0.06625001236666668
20955600 	0.03680556203333334
20959200 	0.11041667903333334
20962800 	0.18402778366666667
20966400 	0.36805556733333333
20970000 	0.6477777359666665
20973600 	0.5594445086333333
20977200 	0.8391665465333334
20980800 	0.4563889589666666
20984400 	0.04416667196666667
20988000 	0.0
20991600 	0.0
20995200 	0.0
20998800 	0.0
21002400 	0.0
21006000 	0.029444450333333337
21009600 	0.02944444326666667
21013200 	0.0
21016800 	0.7508332803333334
21020400 	0.9863888759333334
21024000 	0.7150172459666667
21027600 	0.20611111699999995
21031200 	0.17666667196666666
21034800 	0.014722221633333334
21038400 	0.0
21042000 	0.0
21045600 	0.058888900666666674
21049200 	0.029444450333333337
21052800 	0.5741667373333333
21056400 	0.41222228699999997
21060000 	0.9657132879666668
21063600 	0.6036110569333334
21067200 	0.3459722216333334
21070800 	0.07361111523333333
21074400 	0.0
21078000 	0.0
21081600 	0.0
21085200 	0.0
21088800 	0.0
21092400 	0.0
21096000 	0.0
21099600 	0.5594444503333333
21103200 	0.45638890066666665
21106800 	0.9201387593333333
21110400 	0.11619966626666665
21114000 	0.10305555496666664
21117600 	0.014722221633333334
21121200 	0.014722221633333334
21124800 	0.022083333333333333
21128400 	0.02944444326666667
21132000 	0.014722221633333334
21135600 	0.10305556733333333
21139200 	0.17666666666666667
21142800 	0.8244443832
21146400 	0.677222234
21150000 	0.7066666136666667
21153600 	0.6036111629333333
21157200 	0.35333340399999996
21160800 	0.0
21164400 	0.0
21168000 	0.0
21171600 	0.0
21175200 	0.0
21178800 	0.0
21182400 	0.029444450333333337
21186000 	0.16930554966666667
21189600 	0.3110707923666666
21193200 	1.0379166489999998
21196800 	0.47917379500000007
21200400 	0.1913888883
21204000 	0.39750005829999996
21207600 	0.029444450333333337
21211200 	0.058888900666666674
21214800 	0.02944444326666667
21218400 	0.0
21222000 	0.25027771830000006
21225600 	0.2797222923
21229200 	0.30916666666666665
21232800 	0.6183333916333333
21236400 	0.37541661896666656
21240000 	0.25027773066666664
21243600 	0.03680556203333334
21247200 	0.0
21250800 	0.0
21254400 	0.0
21258000 	0.0
21261600 	0.0
21265200 	0.04416667196666667
21268800 	0.0
21272400 	0.17666666666666667
21276000 	0.6625000529999999
21279600 	1.761158783
21283200 	0.3165277766
21286800 	0.2549093123333333
21290400 	0.14722222163333332
21294000 	0.10305556733333333
21297600 	0.0
21301200 	0.3238888353
21304800 	0.4122222922999999
21308400 	0.32388890066666665
21312000 	0.029444450333333337
21315600 	0.6183333386333334
21319200 	0.5010221351666667
21322800 	0.14722221986666664
21326400 	0.7572323007
21330000 	0.30916673733333333
21333600 	0.014722221633333334
21337200 	0.0
21340800 	0.0
21344400 	0.0
21348000 	0.0
21351600 	0.0
21355200 	0.014722221633333334
21358800 	0.22083328033333333
21362400 	0.3680555019666667
21366000 	0.7287499469999998
21369600 	0.7034623979666667
21373200 	0.49319439556666667
21376800 	0.7876390172666666
21380400 	0.32388883
21384000 	0.1913889006666666
21387600 	0.5300000706666667
21391200 	0.5373612336
21394800 	0.080972234
21398400 	0.029444450333333337
21402000 	0.1913888883
21405600 	0.463749947
21409200 	0.22819444326666666
21412800 	0.16930554966666667
21416400 	0.11151002133333335
21420000 	0.029444450333333337
21423600 	0.0
21427200 	0.0
21430800 	0.0
21434400 	0.0
21438000 	0.0
21441600 	0.1913888883
21445200 	0.6183332803333333
21448800 	0.5520833156666667
21452400 	0.9495833333333333
21456000 	0.2592524185333333
21459600 	0.014722221633333334
21463200 	0.0
21466800 	0.029444450333333337
21470400 	0.0
21474000 	0.014722221633333334
21477600 	0.07361112229999998
21481200 	0.06773896433333333
21484800 	0.45638883
21488400 	0.41958333333333336
21492000 	0.7655555549666667
21495600 	0.14722221986666664
21499200 	0.5888888883
21502800 	0.2502777836666667
21506400 	0.014722221633333334
21510000 	0.0
21513600 	0.0
21517200 	0.0
21520800 	0.029444450333333337
21524400 	0.0
21528000 	0.08833333333333333
21531600 	0.2944444379666667
21535200 	0.3533333209666667
21538800 	1.3176388476666665
21542400 	0.5651505363333333
21546000 	0.1472222393
21549600 	0.45638901196666665
21553200 	0.022083333333333333
21556800 	0.014722221633333334
21560400 	0.3091666013
21564000 	0.0588888936
21567600 	0.014722221633333334
21571200 	0.3974999346333334
21574800 	0.7213888353
21578400 	0.7950001872666665
21582000 	0.6625000053
21585600 	0.2723611046333334
21589200 	0.12549855513333336
21592800 	0.06625000706666667
21596400 	0.02944444326666667
21600000 	0.0
21603600 	0.0
21607200 	0.0
21610800 	0.0
21614400 	0.058888883
21618000 	0.1325
21621600 	0.5447221986666667
21625200 	0.9422222693333336
21628800 	0.36751543196666664
21632400 	0.2649999346333334
21636000 	0.022083333333333333
21639600 	0.10305555496666664
21643200 	0.22083333863333338
21646800 	0.04416667196666667
21650400 	0.2502777836666667
21654000 	0.22083333863333338
21657600 	0.8391667302666665
21661200 	0.20611109933333335
21664800 	0.1398611099333333
21668400 	0.3827777942666667
21672000 	0.4122221686333334
21675600 	0.33861118059999995
21679200 	0.0
21682800 	0.0
21686400 	0.02944444326666667
21690000 	0.0
21693600 	0.0
21697200 	0.014722221633333334
21700800 	0.0
21704400 	0.25027771830000006
21708000 	0.6698611753
21711600 	1.369166914
21715200 	0.3014998562666667
21718800 	0.07361110463333333
21722400 	0.0
21726000 	0.014722221633333334
21729600 	0.029444450333333337
21733200 	0.45638884766666665
21736800 	0.4490277960333333
21740400 	0.1766666596
21744000 	0.02944444326666667
21747600 	0.5152777819
21751200 	0.2576389536666666
21754800 	0.6698611682333333
21758400 	0.8833333333333332
21762000 	0.16194443796666666
21765600 	0.0
21769200 	0.0
21772800 	0.02944444326666667
21776400 	0.0
21780000 	0.0
21783600 	0.014722221633333334
21787200 	0.0
21790800 	0.0588888883
21794400 	0.5888888865333333
21798000 	0.8097221032666665
21801600 	0.695730311
21805200 	0.03680555496666666
21808800 	0.02944444326666667
21812400 	0.022083333333333333
21816000 	0.04416667196666667
21819600 	0.073611117
21823200 	0.22819445033333333
21826800 	0.33861106399999996
21830400 	0.08833335100000002
21834000 	0.3238889466
21837600 	1.1041667903333332
21841200 	0.7213889006666668
21844800 	0.5152778949666665
21848400 	0.3760152062666667
21852000 	0.0
21855600 	0.0
21859200 	0.058888900666666674
21862800 	0.0
21866400 	0.0
21870000 	0.0
21873600 	0.029444450333333337
21877200 	0.38277766
21880800 	0.515277766
21884400 	0.7508332927000001
21888000 	0.7213888829999998
21891600 	0.4416666613666667
21895200 	0.6711767890000001
21898800 	0.25763883000000004
21902400 	0.10305555496666664
21906000 	0.17666666666666667
21909600 	0.2355555019666667
21913200 	0.1325000053
21916800 	0.5300000706666667
21920400 	0.4269444485666667
21924000 	0.9054167373333333
21927600 	0.21347216333333338
21931200 	0.2355555532
21934800 	0.28708328033333336
21938400 	0.029444450333333337
21942000 	0.0
21945600 	0.0
21949200 	0.0
21952800 	0.0
21956400 	0.0
21960000 	0.1913889006666666
21963600 	0.7508334039999999
21967200 	0.8318055196333334
21970800 	1.0526388176333337
21974400 	0.8485163348333336
21978000 	0.2576388989
21981600 	0.3533332803333334
21985200 	0.14722223399999998
21988800 	0.06625001236666668
21992400 	0.22083339163333335
21996000 	1.4427778878999997
21999600 	0.353333351
22003200 	0.2944444026333334
22006800 	0.20611111699999995
22010400 	0.28708327326666666
22014000 	0.0441666649
22017600 	0.34834101423333336
22021200 	0.3165277836666667
22024800 	0.0
22028400 	0.0
22032000 	0.0
22035600 	0.0
22039200 	0.0
22042800 	0.0
22046400 	0.0
22050000 	0.4416667249666666
22053600 	1.0820833333333333
22057200 	1.1336110587
22060800 	0.2946510902666667
22064400 	0.0588888883
22068000 	0.029444450333333337
22071600 	0.04416667196666667
22075200 	0.23555549666666667
22078800 	0.0441666649
22082400 	0.04416667196666667
22086000 	0.11777778896666666
22089600 	0.8977628819
22093200 	0.5005555019666668
22096800 	0.6845832785666667
22100400 	0.6477777819
22104000 	0.08097221633333333
22107600 	0.06625
22111200 	0.0
22114800 	0.0
22118400 	0.0
22122000 	0.0
22125600 	0.0
22129200 	0.0
22132800 	0.0
22136400 	0.264999947
22140000 	0.5594444556333333
22143600 	0.5594445157
22147200 	0.3691436096333333
22150800 	0.1325
22154400 	0.11777778896666666
22158000 	0.02944444326666667
22161600 	0.11041665959999997
22165200 	0.23555556733333333
22168800 	0.29444439026666663
22172400 	0.029444450333333337
22176000 	0.6036112318333332
22179600 	0.22083333863333338
22183200 	0.09569443796666666
22186800 	0.5556834166333333
22190400 	0.530000053
22194000 	0.2944444609333333
22197600 	0.0
22201200 	0.0
22204800 	0.0
22208400 	0.0
22212000 	0.0
22215600 	0.0
22219200 	0.014722221633333334
22222800 	0.029444450333333337
22226400 	0.4858333333333333
22230000 	1.3618054966666668
22233600 	0.40136041399999994
22237200 	0.4432929716666666
22240800 	0.02944444326666667
22244400 	0.029444450333333337
22248000 	0.10305554966666668
22251600 	0.08833333333333333
22255200 	0.058888900666666674
22258800 	0.05888888653333334
22262400 	0.1913888883
22266000 	0.41222222163333333
22269600 	0.3533333439333333
22273200 	0.1398611117
22276800 	0.10305556556666665
22280400 	0.3386111876666667
22284000 	0.0
22287600 	0.0
22291200 	0.0
22294800 	0.0
22298400 	0.0
22302000 	0.0
22305600 	0.014722221633333334
22309200 	0.029444450333333337
22312800 	0.4416667302666667
22316400 	1.737222234
22320000 	0.5526464512666667
22323600 	0.0588888883
22327200 	0.014722221633333334
22330800 	0.014722221633333334
22334400 	0.0441666649
22338000 	0.014722221633333334
22341600 	0.27972228699999996
22345200 	0.20611110993333334
22348800 	0.25763890066666667
22352400 	0.23555555496666672
22356000 	0.08833333863333334
22359600 	0.3533333386333334
22363200 	0.16194444856666665
22366800 	0.13986112406666665
22370400 	0.0
22374000 	0.014722223400000001
22377600 	0.0
22381200 	0.0
22384800 	0.0
22388400 	0.014722221633333334
22392000 	0.014722221633333334
22395600 	0.6330556203333333
22399200 	0.41222222163333333
22402800 	1.1483334393333333
22406400 	0.6641350023
22410000 	0.02944444326666667
22413600 	0.0
22417200 	0.07361110463333333
22420800 	0.0662500053
22424400 	0.014722221633333334
22428000 	0.23555549666666667
22431600 	0.20611105163333338
22435200 	0.08833333333333333
22438800 	0.20611112230000003
22442400 	0.3754166189666667
22446000 	0.34597228699999993
22449600 	0.06625
22453200 	0.0
22456800 	0.0
22460400 	0.0
22464000 	0.0
22467600 	0.0
22471200 	0.0
22474800 	0.029444450333333337
22478400 	0.0
22482000 	0.36805549666666665
22485600 	0.7066667373333333
22489200 	1.1998612406666667
22492800 	0.5587927164000001
22496400 	0.5811679313333333
22500000 	0.2723611046333334
22503600 	0.09569444503333334
22507200 	0.0
22510800 	0.1913888883
22514400 	0.38277773066666665
22518000 	0.147222234
22521600 	0.2944445139333333
22525200 	0.07361112229999998
22528800 	0.0441666649
22532400 	0.13948260866666667
22536000 	0.14722223399999998
22539600 	0.14722222163333334
22543200 	0.0
22546800 	0.0
22550400 	0.0
22554000 	0.0
22557600 	0.0
22561200 	0.0
22564800 	0.029444450333333337
22568400 	0.2208333333333333
22572000 	0.29444445033333333
22575600 	1.47222234
22579200 	0.3761240329333333
22582800 	0.8023611700000002
22586400 	0.3238888883
22590000 	0.7508333616000001
22593600 	0.1251388989
22597200 	0.20611109933333335
22600800 	0.41222228699999997
22604400 	0.05888888653333334
22608000 	0.06625001236666668
22611600 	0.029444450333333337
22615200 	0.07361112229999998
22618800 	0.07361110463333333
22622400 	0.0690748311
22626000 	0.08833334570000001
22629600 	0.0
22633200 	0.0
22636800 	0.0
22640400 	0.0
22644000 	0.02944444326666667
22647600 	0.0
22651200 	0.0
22654800 	0.47111099333333334
22658400 	1.5237500583
22662000 	0.6036111046333332
22665600 	0.16930557970000001
22669200 	0.11777778189999999
22672800 	0.014722221633333334
22676400 	0.058888900666666674
22680000 	0.022083333333333333
22683600 	0.05152778366666667
22687200 	0.25027783666666664
22690800 	0.11109727500000001
22694400 	0.13250000529999997
22698000 	0.32388890066666665
22701600 	0.2797222923
22705200 	0.32388895366666665
22708800 	0.27236117
22712400 	0.18738405460000004
22716000 	0.0
22719600 	0.0
22723200 	0.02944444326666667
22726800 	0.0
22730400 	0.0
22734000 	0.0
22737600 	0.014722221633333334
22741200 	0.7508333333333334
22744800 	0.4711111753000001
22748400 	0.9790277306666668
22752000 	0.6407697456
22755600 	0.05152778543333335
22759200 	0.03680556203333334
22762800 	0.0956944503333333
22766400 	0.25027783666666664
22770000 	0.007361111700000001
22773600 	0.3386111753
22777200 	0.2502777836666667
22780800 	0.3238889413
22784400 	0.16194445033333332
22788000 	0.45638890066666665
22791600 	0.3238889519
22795200 	0.04416667196666667
22798800 	0.08833333333333333
22802400 	0.0
22806000 	0.0
22809600 	0.0
22813200 	0.0
22816800 	0.0
22820400 	0.029444450333333337
22824000 	0.014722221633333334
22827600 	0.6330554966666666
22831200 	0.08833333333333333
22834800 	0.7140277589333333
22838400 	0.9010715570666666
22842000 	0.02944444326666667
22845600 	0.07361112406666669
22849200 	0.0
22852800 	0.11777778366666666
22856400 	0.17666668433333332
22860000 	0.014722221633333334
22863600 	0.14722221633333332
22867200 	0.1913888883
22870800 	0.17666666666666667
22874400 	0.16930554789999996
22878000 	0.4269444556333334
22881600 	0.5299999576
22885200 	0.11777778366666666
22888800 	0.0
22892400 	0.0
22896000 	0.0
22899600 	0.0
22903200 	0.0
22906800 	0.0
22910400 	0.08833334393333334
22914000 	0.45638883
22917600 	0.6109723329333333
22921200 	0.39750005476666667
22924800 	0.18251193066666666
22928400 	0.6477777130000001
22932000 	0.20611112406666662
22935600 	0.08833334393333334
22939200 	0.0
22942800 	0.2797221686333333
22946400 	0.5300000052999999
22950000 	0.0
22953600 	0.26500007066666664
22957200 	0.16194443796666666
22960800 	0.22083339163333335
22964400 	0.6183333315666666
22968000 	0.4122222339999999
22971600 	0.02944444326666667
22975200 	0.0
22978800 	0.058888900666666674
22982400 	0.014722221633333334
22986000 	0.0
22989600 	0.0
22993200 	0.014722221633333334
22996800 	0.02944444326666667
23000400 	0.6036110516333334
23004000 	0.43430554966666673
23007600 	0.6552396412999999
23011200 	0.19695979426666668
23014800 	0.16930556733333332
23018400 	0.21347228699999996
23022000 	0.022083333333333333
23025600 	0.014722221633333334
23029200 	0.02944444326666667
23032800 	0.029444450333333337
23036400 	0.17666666666666667
23040000 	0.2502777836666667
23043600 	0.3091666772666667
23047200 	0.21347222870000002
23050800 	0.4858333916333333
23054400 	0.20611105163333338
23058000 	0.14722222163333332
23061600 	0.0
23065200 	0.0
23068800 	0.02944444326666667
23072400 	0.0
23076000 	0.0
23079600 	0.0
23083200 	0.058888900666666674
23086800 	1.001111117
23090400 	0.5594444962666666
23094000 	0.6624999646666666
23097600 	0.5966404916333333
23101200 	0.315262285
23104800 	0.41222227993333327
23108400 	0.1398611099333333
23112000 	0.0
23115600 	0.32388890066666665
23119200 	0.6256944379666668
23122800 	0.27236111170000005
23126400 	0.029444450333333337
23130000 	0.058888883
23133600 	0.4416667320333334
23137200 	0.14331811796666666
23140800 	0.04416667196666667
23144400 	0.04416666666666667
23148000 	0.014722223400000001
23151600 	0.0
23155200 	0.0
23158800 	0.0
23162400 	0.02944444326666667
23166000 	0.0
23169600 	0.0
23173200 	0.36805557263333327
23176800 	0.861250053
23180400 	1.5597815729999995
23184000 	0.5703457253
23187600 	0.15458334393333334
23191200 	0.18402777130000003
23194800 	0.5152778490333334
23198400 	0.08833333333333333
23202000 	0.3459722145666667
23205600 	0.3459722163333333
23209200 	0.04416667196666667
23212800 	0.02944444326666667
23216400 	0.04416667196666667
23220000 	0.08833335100000002
23223600 	0.08357891533333334
23227200 	0.08655989503333332
23230800 	0.2649999947
23234400 	0.0
23238000 	0.0
23241600 	0.04416666666666667
23245200 	0.0
23248800 	0.0
23252400 	0.014722221633333334
23256000 	0.014722221633333334
23259600 	0.47111111699999997
23263200 	0.6109722163333333
23266800 	0.9716667373333332
23270400 	0.3413279676666667
23274000 	0.0588888883
23277600 	0.022083333333333333
23281200 	0.029444450333333337
23284800 	0.22083328033333333
23288400 	0.17666666666666667
23292000 	0.058888883
23295600 	0.02944444326666667
23299200 	0.13873089023333332
23302800 	0.7361111629333335
23306400 	0.0588888936
23310000 	0.18402778366666667
23313600 	0.26500007066666664
23317200 	0.10305555496666664
23320800 	0.02944444326666667
23324400 	0.0
23328000 	0.0
23331600 	0.0
23335200 	0.0
23338800 	0.02944444326666667
23342400 	0.014722221633333334
23346000 	0.4269444556333333
23349600 	0.7361110569333333
23353200 	0.5888889059666667
23356800 	0.2849961456333333
23360400 	0.06624999470000001
23364000 	0.04416666666666667
23367600 	0.3018055496666667
23371200 	0.23555549666666667
23374800 	0.1913888883
23378400 	0.250277766
23382000 	0.1325
23385600 	0.2502777253666667
23389200 	0.11777777130000001
23392800 	0.4416667249666666
23396400 	0.5152777289
23400000 	0.2502777766
23403600 	0.014722221633333334
23407200 	0.014722221633333334
23410800 	0.02944444326666667
23414400 	0.0
23418000 	0.02944444326666667
23421600 	0.0
23425200 	0.0
23428800 	0.0
23432400 	0.38277766
23436000 	0.654760834
23439600 	0.8759722870000001
23443200 	0.33861112230000007
23446800 	0.0737986734
23450400 	0.014722221633333334
23454000 	0.17666666666666667
23457600 	0.3386111753
23461200 	0.08833335100000002
23464800 	0.3240365533666667
23468400 	0.0
23472000 	0.014722221633333334
23475600 	0.26500007066666664
23479200 	0.60361117
23482800 	0.588888883
23486400 	0.07361112229999998
23490000 	0.04416667196666667
23493600 	0.0
23497200 	0.0
23500800 	0.04416667196666667
23504400 	0.058888900666666674
23508000 	0.0
23511600 	0.0
23515200 	0.058888900666666674
23518800 	0.3974998816333334
23522400 	0.7361110993333334
23526000 	0.2765187832666667
23529600 	0.8612500512333332
23533200 	0.36805549666666665
23536800 	0.0588888883
23540400 	0.29444439733333333
23544000 	0.029444450333333337
23547600 	0.32388883
23551200 	0.05888888653333334
23554800 	0.27972223399999996
23558400 	0.08833334393333334
23562000 	0.3975000706666666
23565600 	0.7066666719666667
23569200 	0.3091666083666667
23572800 	0.19138889536666667
23576400 	0.17666668433333332
23580000 	0.04416666666666667
23583600 	0.014722221633333334
23587200 	0.0
23590800 	0.014722221633333334
23594400 	0.0
23598000 	0.029444450333333337
23601600 	0.0588888936
23605200 	0.7753994693333335
23608800 	1.0231943266666665
23612400 	1.2734722870000001
23616000 	0.4349750898333334
23619600 	0.029444450333333337
23623200 	0.014722221633333334
23626800 	0.04416667196666667
23630400 	0.264999947
23634000 	0.2355556203333333
23637600 	0.08833335100000002
23641200 	0.04416667196666667
23644800 	0.5447222269333333
23648400 	0.5005555002
23652000 	0.2944443849666667
23655600 	0.4195833368666666
23659200 	0.5083650024999999
23662800 	0.1956578157
23666400 	0.0
23670000 	0.0
23673600 	0.0
23677200 	0.0
23680800 	0.02944444326666667
23684400 	0.0
23688000 	0.014722221633333334
23691600 	0.0
23695200 	0.8391666313333332
23698800 	1.884444437966667
23702400 	0.9652879099666667
23706000 	0.8906944485666666
23709600 	0.2502777836666667
23713200 	0.2944444026333334
23716800 	0.11867219046666667
23720400 	0.18660807099999996
23724000 	0.0588888883
23727600 	0.27972221986666673
23731200 	0.4122222922999999
23734800 	0.08833334393333334
23738400 	0.5962500052999999
23742000 	0.7729167214333332
23745600 	0.2502777836666667
23749200 	0.29444444503333334
23752800 	0.0
23756400 	0.0
23760000 	0.0
23763600 	0.0
23767200 	0.0
23770800 	0.0
23774400 	0.0
23778000 	0.3091667249666667
23781600 	0.5815277306666666
23785200 	0.9004562836000002
23788800 	1.8307248746333333
23792400 	0.3238889006666666
23796000 	0.7066667885666665
23799600 	0.4269444503333333
23803200 	0.29444444326666663
23806800 	0.3680555373
23810400 	0.3238888936
23814000 	0.25027784196666664
23817600 	0.45638895366666665
23821200 	0.07361112229999998
23824800 	0.0588888936
23828400 	0.10305555496666664
23832000 	0.5850963072333333
23835600 	0.18052693756666668
23839200 	0.17666666666666667
23842800 	0.0
23846400 	0.0
23850000 	0.0
23853600 	0.0
23857200 	0.0
23860800 	0.0
23864400 	0.30180548960000003
23868000 	1.0820833509999999
23871600 	0.5152777889666666
23875200 	0.7171319018000001
23878800 	0.47111099863333333
23882400 	0.10305557263333331
23886000 	0.2797222799333334
23889600 	0.04416667196666667
23893200 	0.06625
23896800 	0.058888883
23900400 	0.29405080166666664
23904000 	0.5373611876666666
23907600 	0.5447222269333333
23911200 	0.24291667196666666
23914800 	0.60361117
23918400 	0.058888900666666674
23922000 	0.5005554436666666
23925600 	0.0
23929200 	0.0
23932800 	0.0
23936400 	0.0
23940000 	0.0
23943600 	0.0
23947200 	0.0588888883
23950800 	0.30916671259999995
23954400 	0.979027713
23958000 	1.2591291266666667
23961600 	0.1988002563666667
23965200 	0.6330555125666667
23968800 	0.04416667373333334
23972400 	0.014722223400000001
23976000 	0.02944444503333334
23979600 	0.4269443849666666
23983200 	0.07361112229999998
23986800 	0.08097221633333333
23990400 	0.25027771830000006
23994000 	0.3238888476666667
23997600 	0.6477777183000001
24001200 	0.6625001289666665
24004800 	0.33861112230000007
24008400 	0.5134647349333333
24012000 	0.0
24015600 	0.0
24019200 	0.029444450333333337
24022800 	0.0
24026400 	0.0
24030000 	0.0
24033600 	0.029444450333333337
24037200 	0.6330554966666666
24040800 	0.588888883
24044400 	0.7140277253666666
24048000 	0.7492926056666667
24051600 	0.35333333156666674
24055200 	0.0
24058800 	0.02944444326666667
24062400 	0.02944444326666667
24066000 	0.16194444856666668
24069600 	0.23555555320000007
24073200 	0.2797222216333333
24076800 	0.5521421138666667
24080400 	0.45638895189999995
24084000 	0.7434722746333334
24087600 	0.26499998586666673
24091200 	0.2650000053
24094800 	0.0
24098400 	0.0
24102000 	0.0
24105600 	0.0
24109200 	0.0
24112800 	0.0
24116400 	0.0
24120000 	0.04416667196666667
24123600 	0.04416667196666667
24127200 	0.9422221686333334
24130800 	1.2881945139333335
24134400 	1.3940916409333335
24138000 	0.09569445033333335
24141600 	0.08833334393333334
24145200 	0.10305556733333333
24148800 	0.02944444326666667
24152400 	0.29444449626666674
24156000 	0.058888883
24159600 	0.5151079416333333
24163200 	0.2649999399333334
24166800 	0.0588888936
24170400 	0.6919443902666667
24174000 	0.2355556203333333
24177600 	0.39750000529999996
24181200 	0.5005555072666666
24184800 	0.0588888936
24188400 	0.0
24192000 	0.0
24195600 	0.0
24199200 	0.0
24202800 	0.0
24206400 	0.04416667196666667
24210000 	0.036805549666666666
24213600 	0.7876389006666666
24217200 	1.06736117
24220800 	0.49319453159999993
24224400 	0.2649999823333334
24228000 	0.38277766
24231600 	0.029444450333333337
24235200 	0.014722221633333334
24238800 	0.08833333863333334
24242400 	0.17666666666666667
24246000 	0.80285778
24249600 	0.2944445033333333
24253200 	0.4858334499333333
24256800 	0.7508332803333334
24260400 	0.37541661190000003
24264000 	0.06638211663333332
24267600 	0.014722221633333334
24271200 	0.06625
24274800 	0.0
24278400 	0.0
24282000 	0.0
24285600 	0.0
24289200 	0.0
24292800 	0.014722221633333334
24296400 	0.23555555496666664
24300000 	1.2513889713333335
24303600 	1.2366665959999998
24307200 	0.743472128
24310800 	0.40633938063333336
24314400 	0.7655556203333334
24318000 	0.08833334570000001
24321600 	0.6183333863333332
24325200 	0.18195366399999996
24328800 	0.2355555602666667
24332400 	0.19138889006666668
24336000 	0.4416667426333334
24339600 	0.4858334552333333
24343200 	0.2944445086333333
24346800 	0.3533334093
24350400 	0.29444450686666673
24354000 	0.2134722817
24357600 	0.058888893600000006
24361200 	0.0
24364800 	0.0
24368400 	0.0
24372000 	0.0
24375600 	0.0
24379200 	0.14722221633333332
24382800 	0.434761544
24386400 	0.9127776953333333
24390000 	1.1998610410333335
24393600 	0.5962500105999999
24397200 	0.728413927
24400800 	0.3533333616
24404400 	0.8538889006666668
24408000 	0.3533332626666667
24411600 	0.4122222198666666
24415200 	0.6330555019666667
24418800 	0.35333332626666675
24422400 	0.14722223223333333
24426000 	0.029444450333333337
24429600 	0.23716905163333338
24433200 	0.2061111099333333
24436800 	0.0662500053
24440400 	0.08833332626666666
24444000 	0.029444450333333337
24447600 	0.0
24451200 	0.0
24454800 	0.0
24458400 	0.0
24462000 	0.02944444326666667
24465600 	0.029444450333333337
24469200 	0.4931945616333333
24472800 	0.7655555019666667
24476400 	1.288194561633333
24480000 	0.3680555019666667
24483600 	0.1251388883
24487200 	0.03680555496666666
24490800 	0.25027771830000006
24494400 	0.20611105163333338
24498000 	0.17666666666666667
24501600 	0.2878427668
24505200 	0.3091666719666667
24508800 	0.3827777183
24512400 	0.26500001766666664
24516000 	0.40082928863333334
24519600 	0.3975000688999999
24523200 	0.28708333333333336
24526800 	0.2502777766
24530400 	0.0
24534000 	0.0
24537600 	0.0
24541200 	0.0
24544800 	0.0
24548400 	0.0
24552000 	0.014722221633333334
24555600 	0.29444445033333333
24559200 	1.3102777306666666
24562800 	1.0452690528000002
24566400 	0.6083329700333334
24570000 	0.30916661366666665
24573600 	0.029444450333333337
24577200 	0.25027784196666664
24580800 	0.29444445033333333
24584400 	0.007361111700000001
24588000 	0.07361112406666669
24591600 	0.26500001766666664
24595200 	0.33125000530000004
24598800 	0.6330556715666666
24602400 	0.3386110463333334
24606000 	0.14722223046666666
24609600 	0.25027784196666664
24613200 	0.2061111099333333
24616800 	0.0569024006
24620400 	0.0
24624000 	0.0
24627600 	0.0
24631200 	0.0
24634800 	0.0
24638400 	0.0441666649
24642000 	0.5888889006666667
24645600 	0.5226388353
24649200 	1.4427778949666668
24652800 	0.31521112763333337
24656400 	0.27236117530000004
24660000 	0.2502777836666667
24663600 	0.0
24667200 	0.02944444326666667
24670800 	0.17666666666666667
24674400 	0.27972216333333333
24678000 	0.0
24681600 	0.4563889589666666
24685200 	0.6335230043666665
24688800 	0.16194444326666665
24692400 	0.4269443902666667
24696000 	0.7655556132666665
24699600 	0.058888900666666674
24703200 	0.0
24706800 	0.0
24710400 	0.0
24714000 	0.0
24717600 	0.0
24721200 	0.058888900666666674
24724800 	0.20611109933333335
24728400 	0.08833335100000002
24732000 	1.1556945563333334
24735600 	1.6488888883
24739200 	0.4269444556333333
24742800 	0.30916661366666665
24746400 	0.073611117
24750000 	0.029444450333333337
24753600 	0.0
24757200 	0.338611117
24760800 	0.2129093563333333
24764400 	0.3091666066
24768000 	0.014722221633333334
24771600 	0.33861106929999996
24775200 	0.29444446799999996
24778800 	0.5226389006666667
24782400 	0.7655555602666667
24786000 	0.2797222923
24789600 	0.0
24793200 	0.0
24796800 	0.0
24800400 	0.0
24804000 	0.0
24807600 	0.0
24811200 	0.014722221633333334
24814800 	0.11777778896666666
24818400 	0.4858333386333334
24822000 	1.6709723576666666
24825600 	0.9480789159666666
24829200 	0.11041667726666665
24832800 	0.08097222163333333
24836400 	0.0
24840000 	0.04416667196666667
24843600 	0.14722222163333332
24847200 	0.08833333333333333
24850800 	0.45638877699999997
24854400 	0.19138883
24858000 	0.4269445015666667
24861600 	0.6477777183
24865200 	0.6183333439333334
24868800 	0.4448584308999999
24872400 	0.08833333333333333
24876000 	0.014722221633333334
24879600 	0.0
24883200 	0.0
24886800 	0.0
24890400 	0.0
24894000 	0.014722221633333334
24897600 	0.0441666649
24901200 	0.8244443973333334
24904800 	0.9422221509666666
24908400 	1.1115279073333333
24912000 	0.40487544290000005
24915600 	0.7581943973333334
24919200 	0.7584322542666667
24922800 	0.12513890596666666
24926400 	0.41958333333333336
24930000 	0.17666667196666666
24933600 	0.19874998763333337
24937200 	0.23555555496666664
24940800 	0.36805555496666675
24944400 	0.47111123359999996
24948000 	0.42694450863333333
24951600 	0.49319439733333337
24955200 	0.13986110463333332
24958800 	0.19138889890000002
24962400 	0.1177777766
24966000 	0.02944444326666667
24969600 	0.0
24973200 	0.058888900666666674
24976800 	0.0
24980400 	0.0
24984000 	0.02944444326666667
24987600 	0.6036109986333335
24991200 	0.6264598710333334
24994800 	1.3765278419666667
24998400 	0.5371599272333333
25002000 	0.39750006359999995
25005600 	0.5741666066
25009200 	0.11777778896666666
25012800 	0.1177777766
25016400 	0.26500000529999995
25020000 	0.6919444432666667
25023600 	0.45638901196666665
25027200 	0.04416667196666667
25030800 	0.058888900666666674
25034400 	0.09209613370000001
25038000 	0.4966769142666667
25041600 	0.3975000053
25045200 	0.25763883
25048800 	0.0
25052400 	0.0
25056000 	0.0
25059600 	0.02944444326666667
25063200 	0.0
25066800 	0.029444450333333337
25070400 	0.117777766
25074000 	0.8391666542999999
25077600 	0.7287499469999998
25081200 	0.7213888883
25084800 	0.47898911296666663
25088400 	0.38277777130000007
25092000 	0.0
25095600 	0.2355556203333333
25099200 	0.10305555496666664
25102800 	0.0
25106400 	0.20611111699999995
25110000 	0.14722222163333334
25113600 	0.3898221126
25117200 	0.5741666136666667
25120800 	1.3102777836666666
25124400 	0.16930556733333332
25128000 	0.35333340399999996
25131600 	0.058888893600000006
25135200 	0.0
25138800 	0.02944444326666667
25142400 	0.0
25146000 	0.0
25149600 	0.0
25153200 	0.0
25156800 	0.0
25160400 	0.32388889359999995
25164000 	0.39013888829999993
25167600 	0.9272298130666666
25171200 	0.20597242483333336
25174800 	0.014722221633333334
25178400 	0.25027777660000006
25182000 	0.029444450333333337
25185600 	0.014722221633333334
25189200 	0.0
25192800 	0.1325000053
25196400 	0.3459722923
25200000 	0.5152777819
25203600 	0.3238888936
25207200 	0.33124994699999993
25210800 	0.5447221562666666
25214400 	0.21869161923333338
25218000 	0.7655554613333336
25221600 	0.0
25225200 	0.0
25228800 	0.0
25232400 	0.0
25236000 	0.02944444326666667
25239600 	0.0
25243200 	0.0
25246800 	0.2208333333333333
25250400 	0.537361117
25254000 	1.9506944379666664
25257600 	0.8537015032666666
25261200 	0.23555555496666664
25264800 	0.029444450333333337
25268400 	0.04416667196666667
25272000 	0.20611110993333334
25275600 	0.0
25279200 	0.07361112229999998
25282800 	0.15422625643333332
25286400 	0.6036110993333333
25290000 	0.11777776953333334
25293600 	0.3009443721
25297200 	0.42694450863333333
25300800 	0.8759721015000002
25304400 	0.30180555496666667
25308000 	0.0441666649
25311600 	0.0
25315200 	0.0
25318800 	0.0
25322400 	0.0
25326000 	0.07361112229999998
25329600 	0.0
25333200 	0.5152778543333333
25336800 	0.6993054719333334
25340400 	1.2145834216666667
25344000 	0.9711909492666667
25347600 	0.4122222216333333
25351200 	0.014722221633333334
25354800 	0.014722221633333334
25358400 	0.09569444503333334
25362000 	0.20611111699999995
25365600 	0.03680556203333334
25369200 	0.3974999523
25372800 	0.02944444326666667
25376400 	0.48583321496666676
25380000 	1.0600001148333336
25383600 	0.4637499523
25387200 	0.22083333863333338
25390800 	0.1766666596
25394400 	0.0
25398000 	0.02944444326666667
25401600 	0.0
25405200 	0.0
25408800 	0.0
25412400 	0.0
25416000 	0.0
25419600 	0.4122222269333334
25423200 	0.7508332803333334
25426800 	1.2808333386333335
25430400 	1.0014827406333333
25434000 	0.05152777836666667
25437600 	0.10305555496666664
25441200 	0.07361112229999998
25444800 	0.014722221633333334
25448400 	0.08833333863333334
25452000 	0.07361111700000002
25455600 	0.014722221633333334
25459200 	0.529999947
25462800 	0.41222223929999996
25466400 	0.1913888883
25470000 	0.5594443796666667
25473600 	0.44166661366666665
25477200 	0.04416667196666667
25480800 	0.014722221633333334
25484400 	0.02944444326666667
25488000 	0.0
25491600 	0.0
25495200 	0.0
25498800 	0.0
25502400 	0.07361112229999998
25506000 	0.9716668433333331
25509600 	0.5005555726333333
25513200 	0.3754166843333333
25516800 	1.2145832803333334
25520400 	0.6550231963666667
25524000 	0.3034205586
25527600 	0.1251388883
25531200 	0.2355555019666667
25534800 	0.058888893600000006
25538400 	0.2797221686333333
25542000 	0.7066668079999999
25545600 	0.08833335100000002
25549200 	0.5741667179
25552800 	0.09568288396666665
25556400 	0.28708327856666666
25560000 	0.09569445563333334
25563600 	0.264999947
25567200 	0.014722223400000001
25570800 	0.0
25574400 	0.0
25578000 	0.0
25581600 	0.0
25585200 	0.04416667196666667
25588800 	0.014722221633333334
25592400 	0.6772222817
25596000 	0.6330555549666667
25599600 	1.2674110585999998
25603200 	0.5137144073333333
25606800 	0.4122222110333333
25610400 	0.6845834040000001
25614000 	0.6772221686333332
25617600 	0.0662500053
25621200 	0.32388884060000006
25624800 	0.26500000529999995
25628400 	0.2650000053
25632000 	0.14722225166666664
25635600 	0.20611110993333334
25639200 	0.11777779426666667
25642800 	0.138758452
25646400 	0.42694439556666675
25650000 	0.08833332626666666
25653600 	0.0
25657200 	0.0
25660800 	0.0
25664400 	0.0
25668000 	0.0
25671600 	0.014722221633333334
25675200 	0.14722221633333332
25678800 	0.9127777182999999
25682400 	0.8759722340000001
25686000 	0.36805557969999997
25689600 	0.3313239403
25693200 	0.338611117
25696800 	0.4269445033333333
25700400 	0.04416667196666667
25704000 	0.029444450333333337
25707600 	0.058888893600000006
25711200 	0.049067286933333336
25714800 	0.014722221633333334
25718400 	0.7213888299999999
25722000 	0.7876389943000001
25725600 	0.5005555602666666
25729200 	0.8023611806
25732800 	0.19138887770000004
25736400 	0.264999947
25740000 	0.0
25743600 	0.0
25747200 	0.0
25750800 	0.0
25754400 	0.0
25758000 	0.0
25761600 	0.02944444326666667
25765200 	0.0
25768800 	1.2219445386666663
25772400 	1.6641402849000004
25776000 	0.6904061129666667
25779600 	0.03680555496666666
25783200 	0.05152778366666667
25786800 	0.0
25790400 	0.20611105163333338
25794000 	0.058888900666666674
25797600 	0.0
25801200 	0.07361112229999998
25804800 	0.48583321496666676
25808400 	0.14722222163333332
25812000 	0.9348611523333336
25815600 	0.7729166543000001
25819200 	0.24291666666666664
25822800 	0.11041667726666665
25826400 	0.0441666649
25830000 	0.0
25833600 	0.0
25837200 	0.0
25840800 	0.0
25844400 	0.029444450333333337
25848000 	0.0
25851600 	0.11777778366666666
25855200 	1.1777777306666666
25858800 	1.5752777183000002
25862400 	0.49408881296666673
25866000 	0.2355555019666667
25869600 	0.0588888936
25873200 	0.11777778189999998
25876800 	0.014722221633333334
25880400 	0.3018056203333333
25884000 	0.5300000052999999
25887600 	0.04416667196666667
25891200 	0.4122222922999999
25894800 	0.44166667726666664
25898400 	0.28357656183333335
25902000 	0.6256944556333334
25905600 	0.5520833916333333
25909200 	0.1325000159
25912800 	0.007361111700000001
25916400 	0.0
25920000 	0.0
25923600 	0.0
25927200 	0.0
25930800 	0.0
25934400 	0.029444450333333337
25938000 	0.25027771830000006
25941600 	0.8465277483333333
25945200 	2.105277607
25948800 	0.17659587633333335
25952400 	0.2870832732666667
25956000 	0.02944444326666667
25959600 	0.12513890066666664
25963200 	0.20611111699999995
25966800 	0.014722221633333334
25970400 	0.0
25974000 	0.264999947
25977600 	0.5005555072666666
25981200 	0.6330555143333334
25984800 	0.6036111099333333
25988400 	0.4122222339999999
25992000 	0.0956944503333333
25995600 	0.22083333686666665
25999200 	0.007361111700000001
26002800 	0.0
26006400 	0.0
26010000 	0.0
26013600 	0.0
26017200 	0.0
26020800 	0.0
26024400 	0.6477778366666667
26028000 	0.5300000052999999
26031600 	1.781388777
26035200 	0.25805796636666667
26038800 	0.20504465100000002
26042400 	0.24291667196666666
26046000 	0.02944444326666667
26049600 	0.04416667196666667
26053200 	0.029444450333333337
26056800 	0.24291666666666664
26060400 	0.07361110993333332
26064000 	0.29444445033333333
26067600 	1.2366666012999998
26071200 	0.5447222728666666
26074800 	0.2650000035333333
26078400 	0.2797222799333334
26082000 	0.6772222198666666
26085600 	0.0
26089200 	0.0
26092800 	0.0
26096400 	0.0
26100000 	0.0
26103600 	0.0
26107200 	0.029444450333333337
26110800 	0.02944444326666667
26114400 	0.8097221810000002
26118000 	1.060000053
26121600 	0.7802778243000001
26125200 	0.6134276586333334
26128800 	0.3834101832
26132400 	0.13250001060000002
26136000 	0.05496544316666667
26139600 	0.40088250239999995
26143200 	0.9422222163333334
26146800 	0.2797221686333333
26150400 	0.10305555496666664
26154000 	0.26500002296666664
26157600 	0.8318056203333333
26161200 	0.7361110586999999
26164800 	0.1766666649
26168400 	0.1325000106
26172000 	0.0
26175600 	0.0
26179200 	0.0
26182800 	0.0
26186400 	0.0
26190000 	0.0
26193600 	0.2208333333333333
26197200 	0.2429166013
26200800 	0.6257412192999999
26204400 	1.3323609862666665
26208000 	0.7035523071666666
26211600 	0.6109722269333334
26215200 	0.7213888829999999
26218800 	0.3312500229666666
26222400 	0.16194445563333335
26226000 	0.38277773066666665
26229600 	0.5300000035333333
26233200 	0.3680555072666667
26236800 	0.029444450333333337
26240400 	0.25763888830000004
26244000 	0.30141874329999996
26247600 	0.36805555496666664
26251200 	0.6183332803333333
26254800 	0.2797222287
26258400 	0.17666666666666667
26262000 	0.0
26265600 	0.0
26269200 	0.0
26272800 	0.0
26276400 	0.0
26280000 	0.029444450333333337
26283600 	0.26500001766666664
26287200 	1.0526388123333335
26290800 	0.9348611293666665
26294400 	0.6866567127666667
26298000 	0.29444446623333337
26301600 	0.0588888936
26305200 	0.2355555620333333
26308800 	0.04416667196666667
26312400 	0.014722221633333334
26316000 	0.19519830393333334
26319600 	0.04416667196666667
26323200 	0.2944444556333333
26326800 	0.5594444609333333
26330400 	0.09569444503333334
26334000 	0.6476916922333333
26337600 	0.11041665960000001
26341200 	0.1766666596
26344800 	0.0
26348400 	0.0
26352000 	0.0
26355600 	0.0
26359200 	0.0
26362800 	0.0
26366400 	0.0
26370000 	0.6036109933333333
26373600 	0.743472234
26377200 	0.8465278543333333
26380800 	0.3172995643666666
26384400 	0.29444445033333333
26388000 	0.014722221633333334
26391600 	0.0
26395200 	0.07361112229999998
26398800 	0.0
26402400 	0.073611117
26406000 	0.3238888936
26409600 	0.29444444326666663
26413200 	0.41222216333333334
26416800 	0.58888883
26420400 	0.3606944326666667
26424000 	0.1545833457
26427600 	0.5668056256333333
26431200 	0.014722221633333334
26434800 	0.0
26438400 	0.0
26442000 	0.0
26445600 	0.0
26449200 	0.014722221633333334
26452800 	0.0
26456400 	0.45638883
26460000 	0.7361110993333334
26463600 	1.0084722693333332
26467200 	0.21931307780000003
26470800 	0.08833333333333333
26474400 	0.029444450333333337
26478000 	0.0
26481600 	0.007361111700000001
26485200 	0.04416667196666667
26488800 	0.06625001236666668
26492400 	0.25027772360000006
26496000 	0.18402777836666664
26499600 	0.5741667196666667
26503200 	0.287083404
26506800 	0.42694450863333333
26510400 	0.43430553730000004
26514000 	0.02944444326666667
26517600 	0.006704310966666667
26521200 	0.0
26524800 	0.0
26528400 	0.0
26532000 	0.0
26535600 	0.014722221633333334
26539200 	0.029444450333333337
26542800 	0.20611116999999998
26546400 	0.8244444379666666
26550000 	0.8023611876666666
26553600 	0.4416666613666667
26557200 	0.10797670566666667
26560800 	0.036805549666666666
26564400 	0.0
26568000 	0.0
26571600 	0.0
26575200 	0.20611111699999995
26578800 	0.058888900666666674
26582400 	0.47111099863333333
26586000 	0.7729166666666667
26589600 	0.463235847
26593200 	0.6183333333333333
26596800 	0.139861117
26600400 	0.08833333863333334
26604000 	0.0
26607600 	0.0
26611200 	0.0
26614800 	0.0
26618400 	0.0
26622000 	0.014722221633333334
26625600 	0.0
26629200 	0.29444445033333333
26632800 	0.5520833863333333
26636400 	0.7434722869999999
26640000 	0.24539625400000004
26643600 	0.007101611333333333
26647200 	0.17666666666666667
26650800 	0.0
26654400 	0.20611116999999998
26658000 	0.07361110463333333
26661600 	0.4416666666666666
26665200 	0.2576389412999999
26668800 	0.2355556203333333
26672400 	0.5226388353
26676000 	0.6036111770666666
26679600 	0.3386111346666667
26683200 	0.32388889359999995
26686800 	0.06624999470000001
26690400 	0.029444450333333337
26694000 	0.0
26697600 	0.0
26701200 	0.0
26704800 	0.0
26708400 	0.19138883
26712000 	0.014722221633333334
26715600 	0.46374999999999994
26719200 	0.4931944379666667
26722800 	0.8318056132666667
26726400 	0.4711111576333333
26730000 	0.6166940486333333
26733600 	0.3681809706333334
26737200 	0.17666666666666667
26740800 	0.4931944450333333
26744400 	0.3827418867666667
26748000 	0.507916596
26751600 	0.0441666649
26755200 	0.04416667196666667
26758800 	0.3975
26762400 	0.08097222163333333
26766000 	0.08833334393333335
26769600 	0.2650000053
26773200 	0.05152778366666667
26776800 	0.0
26780400 	0.0
26784000 	0.0
26787600 	0.0
26791200 	0.0
26794800 	0.0
26798400 	0.029444450333333337
26802000 	0.48583328563333333
26805600 	0.9773400516666668
26809200 	0.8318055726333334
26812800 	0.7729166119
26816400 	0.42694443796666665
26820000 	0.6391413400333333
26823600 	0.14722223399999998
26827200 	0.0515277766
26830800 	0.46375006536666663
26834400 	0.47111123359999996
26838000 	0.029444450333333337
26841600 	0.10305557263333331
26845200 	0.20611116999999998
26848800 	0.5815276723666667
26852400 	0.6698611046333333
26856000 	0.06674503766666667
26859600 	0.39749993463333344
26863200 	0.014722221633333334
26866800 	0.0
26870400 	0.0
26874000 	0.0
26877600 	0.058888900666666674
26881200 	0.0
26884800 	0.10305555496666664
26888400 	0.8097222746333333
26892000 	0.6404167903333332
26895600 	0.7508333404
26899200 	0.24291667196666666
26902800 	0.08833335100000002
26906400 	0.014722221633333334
26910000 	0.058888900666666674
26913600 	0.04416666666666667
26917200 	0.04416667196666667
26920800 	0.029444450333333337
26924400 	0.19101717456666667
26928000 	0.17666667196666666
26931600 	0.8391667779666666
26935200 	0.7257786981
26938800 	0.6330555726333335
26942400 	0.25027784196666664
26946000 	0.7949998286333332
26949600 	0.0
26953200 	0.0
26956800 	0.0
26960400 	0.0
26964000 	0.0
26967600 	0.02944444326666667
26971200 	0.17666666666666667
26974800 	0.16194444503333333
26978400 	0.5373610569333332
26982000 	1.2661111046333333
26985600 	0.10305557263333333
26989200 	0.0
26992800 	0.0588888936
26996400 	0.007361111700000001
27000000 	0.04416667196666667
27003600 	0.0956944627
27007200 	0.0956944627
27010800 	0.1913888883
27014400 	0.5009226736
27018000 	0.43430554966666673
27021600 	0.6919443832
27025200 	0.8465277359666665
27028800 	0.338611117
27032400 	0.36805549666666665
27036000 	0.058888900666666674
27039600 	0.0
27043200 	0.0
27046800 	0.0
27050400 	0.0
27054000 	0.058888900666666674
27057600 	0.04416667196666667
27061200 	0.9716667249666667
27064800 	0.6919444432666667
27068400 	0.8759722622666666
27072000 	0.3388715572333333
27075600 	0.14722222163333332
27079200 	0.22083339163333335
27082800 	0.058888900666666674
27086400 	0.08833334393333334
27090000 	0.04416667196666667
27093600 	0.02944444326666667
27097200 	0.5144212312333333
27100800 	0.1030555744
27104400 	0.5299999540666667
27108000 	0.8612499505333335
27111600 	0.6919444609333333
27115200 	0.11777777130000001
27118800 	0.1398611223
27122400 	0.2208333333333333
27126000 	0.02944444326666667
27129600 	0.0
27133200 	0.0
27136800 	0.0
27140400 	0.0
27144000 	0.02944444326666667
27147600 	0.5005554949000001
27151200 	0.154583351
27154800 	0.5509100211
27158400 	0.44902783666666657
27162000 	0.014542111733333333
27165600 	0.04416667196666667
27169200 	0.014722221633333334
27172800 	0.20611116999999998
27176400 	0.022083333333333333
27180000 	0.3680556203333334
27183600 	0.08833333863333334
27187200 	0.8833333333333332
27190800 	0.48583328563333333
27194400 	0.6256944379666668
27198000 	0.4122222163333334
27201600 	0.18402778366666667
27205200 	0.10918190270000001
27208800 	0.0
27212400 	0.058888900666666674
27216000 	0.0
27219600 	0.0
27223200 	0.0
27226800 	0.0
27230400 	0.08833334393333334
27234000 	0.23555561326666669
27237600 	0.8023610463333333
27241200 	0.824444521
27244800 	0.25763887593333334
27248400 	0.11041666666666665
27252000 	0.4490277836666666
27255600 	0.16930556203333333
27259200 	0.058888883
27262800 	0.14722224459999997
27266400 	0.7213890066666667
27270000 	0.48583333863333333
27273600 	0.35333341106666666
27277200 	0.2355556203333333
27280800 	0.6625000583
27284400 	0.3312500123666666
27288000 	0.3403247112333334
27291600 	0.0441666649
27295200 	0.0
27298800 	0.0
27302400 	0.058888900666666674
27306000 	0.0
27309600 	0.0
27313200 	0.0
27316800 	0.014722221633333334
27320400 	0.2649999823333334
27324000 	0.8244445386666667
27327600 	0.8391666772666666
27331200 	1.0305556079666667
27334800 	1.0543001715333336
27338400 	0.3881997808333334
27342000 	0.4712834677000001
27345600 	0.19138888829999998
27349200 	0.382777766
27352800 	0.5232052745666667
27356400 	0.04416667196666667
27360000 	0.1325000053
27363600 	0.23555556026666666
27367200 	0.8244444556333335
27370800 	0.09569444856666667
27374400 	0.11041668433333333
27378000 	0.10305556733333333
27381600 	0.23555549666666667
27385200 	0.0
27388800 	0.0
27392400 	0.0
27396000 	0.0
27399600 	0.014722221633333334
27403200 	0.0
27406800 	0.48583328033333334
27410400 	0.5594443973333334
27414000 	0.9127777766
27417600 	0.7140276705999999
27421200 	0.8352649886333334
27424800 	0.5114014343333332
27428400 	0.5962499929333333
27432000 	0.10305555496666664
27435600 	0.25027783490000005
27439200 	0.5300000053
27442800 	0.574166543
27446400 	0.08833334393333335
27450000 	0.029444450333333337
27453600 	0.0
27457200 	0.5005555673333334
27460800 	0.32388889890000006
27464400 	0.11041667903333334
27468000 	0.0
27471600 	0.0
27475200 	0.0
27478800 	0.0
27482400 	0.0
27486000 	0.0
27489600 	0.029444450333333337
27493200 	0.25027783666666664
27496800 	0.7213887769999999
27500400 	0.9466825196666665
27504000 	0.24730934729999998
27507600 	0.44166656066666665
27511200 	0.08833335100000002
27514800 	0.014722221633333334
27518400 	0.0
27522000 	0.22083333863333338
27525600 	0.2208333333333333
27529200 	0.2208333333333333
27532800 	0.022083333333333333
27536400 	0.8833333386333333
27540000 	0.4343056203333333
27543600 	0.33124995230000004
27547200 	0.6551389360000001
27550800 	0.5283501965666666
27554400 	0.0
27558000 	0.0
27561600 	0.0
27565200 	0.0
27568800 	0.02944444326666667
27572400 	0.0
27576000 	0.058888900666666674
27579600 	0.029444450333333337
27583200 	0.5152777836666667
27586800 	1.2955554966666667
27590400 	0.3459722216333334
27594000 	0.29444445563333327
27597600 	0.06624999823333333
27601200 	0.2576388423666666
27604800 	0.029444450333333337
27608400 	0.20611111699999995
27612000 	0.05888888653333334
27615600 	0.2797222216333333
27619200 	0.35333333333333333
27622800 	1.1704703203333333
27626400 	0.2355555602666667
27630000 	0.7876388353000002
27633600 	0.08097222163333333
27637200 	0.10305555496666664
27640800 	0.0
27644400 	0.0
27648000 	0.0
27651600 	0.0
27655200 	0.0
27658800 	0.0
27662400 	0.04416666666666667
27666000 	0.4269443849666666
27669600 	0.3680555496666667
27673200 	1.1336109933333336
27676800 	0.5386682931000001
27680400 	0.0
27684000 	0.029444450333333337
27687600 	0.5888887770000001
27691200 	0.058888883
27694800 	0.16194443796666666
27698400 	0.014722221633333334
27702000 	0.3100755513
27705600 	0.29444445563333327
27709200 	0.4563889589666666
27712800 	0.6993055673333333
27716400 	0.25763890066666667
27720000 	0.3015522856333333
27723600 	0.11777779426666668
27727200 	0.0
27730800 	0.0
27734400 	0.0
27738000 	0.0
27741600 	0.0
27745200 	0.014722221633333334
27748800 	0.029444450333333337
27752400 	0.4858333333333333
27756000 	0.2502777836666667
27759600 	1.5899999470000001
27763200 	0.47847222693333324
27766800 	0.0588888883
27770400 	0.48583321496666676
27774000 	0.029444450333333337
27777600 	0.014722221633333334
27781200 	0.022083333333333333
27784800 	0.3109098896666666
27788400 	0.471111064
27792000 	0.3680556256333333
27795600 	0.4416667249666666
27799200 	0.08833332626666666
27802800 	0.5447221863
27806400 	0.529999947
27810000 	0.30916663133333333
27813600 	0.23555549666666667
27817200 	0.02944444326666667
27820800 	0.0
27824400 	0.0
27828000 	0.0
27831600 	0.029444450333333337
27835200 	0.0
27838800 	0.5888888883000001
27842400 	0.6404166543
27846000 	0.7508333863333333
27849600 	0.36269603773333325
27853200 	1.0190746013333334
27856800 	0.17666667196666666
27860400 	0.0
27864000 	0.0
27867600 	0.22083327503333333
27871200 	0.17666666666666667
27874800 	0.4563890066666666
27878400 	0.47111099863333333
27882000 	0.4122222216333333
27885600 	0.2429166843333333
27889200 	0.7508333333333334
27892800 	0.13250001060000002
27896400 	0.058888893600000006
27900000 	0.0
27903600 	0.0
27907200 	0.0
27910800 	0.0
27914400 	0.0
27918000 	0.014722221633333334
27921600 	0.0
27925200 	0.4122222269333334
27928800 	0.3754166666666667
27932400 	0.4416666790333332
27936000 	0.8694739799666666
27939600 	1.5973609456333338
27943200 	0.5520833315666667
27946800 	0.27972223399999996
27950400 	0.20611105163333338
27954000 	0.2944443902666667
27957600 	0.5300000706666667
27961200 	0.3975
27964800 	0.18402777129999998
27968400 	0.14722223399999998
27972000 	0.11777778896666666
27975600 	0.19875
27979200 	0.09327204823333334
27982800 	0.0441666649
27986400 	0.0
27990000 	0.0
27993600 	0.0
27997200 	0.0
28000800 	0.0
28004400 	0.0
28008000 	0.029444450333333337
28011600 	0.3827777183
28015200 	0.3901388706333333
28018800 	1.1483332927
28022400 	1.0158333916333335
28026000 	0.6404166666666666
28029600 	0.7120217354333331
28033200 	0.19875001059999997
28036800 	0.6036111169999999
28040400 	0.5005556309333332
28044000 	0.5152778879000001
28047600 	0.0
28051200 	0.058888893600000006
28054800 	0.0441666649
28058400 	0.11041667903333334
28062000 	0.544722287
28065600 	0.05152778366666667
28069200 	0.5005556733333333
28072800 	0.08833333333333333
28076400 	0.0
28080000 	0.0
28083600 	0.0
28087200 	0.0
28090800 	0.08833335100000002
28094400 	0.014722221633333334
28098000 	1.2219442736666668
28101600 	0.7746513036666668
28105200 	0.6036111876666665
28108800 	0.17666666666666667
28112400 	0.2355556203333333
28116000 	0.0
28119600 	0.23555549666666667
28123200 	0.007361111700000001
28126800 	0.14722223399999998
28130400 	0.14722223399999998
28134000 	0.3238888353
28137600 	0.7213889766333333
28141200 	0.5300000689
28144800 	0.39013884590000003
28148400 	0.5888887823000001
28152000 	0.20611116999999998
28155600 	0.036774479299999996
28159200 	0.014722221633333334
28162800 	0.0
28166400 	0.0
28170000 	0.0
28173600 	0.0
28177200 	0.0
28180800 	0.014722221633333334
28184400 	0.7066667373333334
28188000 	1.9801388123333334
28191600 	0.32388887593333343
28195200 	0.3666521520666666
28198800 	0.22083328033333333
28202400 	0.1325
28206000 	0.03680556203333334
28209600 	0.3312499346333333
28213200 	0.13250000529999997
28216800 	0.029444450333333337
28220400 	0.5015342035
28224000 	0.2208333333333333
28227600 	0.3386111276
28231200 	0.36805555496666664
28234800 	0.41222224459999995
28238400 	0.5594445033333334
28242000 	0.25027778190000005
28245600 	0.014722221633333334
28249200 	0.0
28252800 	0.0
28256400 	0.0
28260000 	0.0
28263600 	0.0
28267200 	0.014722221633333334
28270800 	0.3091666189666667
28274400 	0.6256944308999999
28278000 	1.1998612883666668
28281600 	0.31652780133333336
28285200 	0.1913889059666667
28288800 	0.3386111753
28292400 	0.2355556203333333
28296000 	0.014722221633333334
28299600 	0.39013883
28303200 	0.08833333333333333
28306800 	0.265
28310400 	0.17509527496666666
28314000 	0.4122221562666667
28317600 	0.9054167267333334
28321200 	0.4122222287
28324800 	0.25763887063333335
28328400 	0.147222234
28332000 	0.0
28335600 	0.0
28339200 	0.029444450333333337
28342800 	0.0
28346400 	0.02944444326666667
28350000 	0.029444450333333337
28353600 	0.0
28357200 	0.5594443319666668
28360800 	0.743472234
28364400 	0.8906943496333332
28368000 	0.4343055196333333
28371600 	0.13986111699999998
28375200 	0.25027783666666664
28378800 	0.2208333333333333
28382400 	0.0515277713
28386000 	0.27972223399999996
28389600 	0.6183332803333333
28393200 	0.2721287720666667
28396800 	0.0
28400400 	0.4784723453
28404000 	0.3386110622333333
28407600 	0.7508332856333335
28411200 	0.3720567369666666
28414800 	0.1324999982333333
28418400 	0.0
28422000 	0.0
28425600 	0.0
28429200 	0.0
28432800 	0.0
28436400 	0.0
28440000 	0.22083328033333333
28443600 	0.2797221739333334
28447200 	0.9127777713
28450800 	1.2301603884333332
28454400 	0.28221503423333333
28458000 	0.4563888953666666
28461600 	0.014722221633333334
28465200 	0.264999947
28468800 	0.06624999470000001
28472400 	0.16194445563333332
28476000 	0.23555549666666667
28479600 	0.058888900666666674
28483200 	0.058888893600000006
28486800 	0.25027783666666664
28490400 	0.6624998887
28494000 	0.34597223576666664
28497600 	0.7066666136666667
28501200 	0.31451972496666664
28504800 	0.09637892766666667
28508400 	0.0
28512000 	0.0
28515600 	0.0
28519200 	0.0
28522800 	0.0
28526400 	0.02944444326666667
28530000 	0.8465279020333333
28533600 	0.9937499929333333
28537200 	1.1777777430333336
28540800 	0.5741667249666667
28544400 	0.5373610692999999
28548000 	0.38144212536666666
28551600 	0.1913888883
28555200 	0.29319802813333334
28558800 	0.39013882823333335
28562400 	0.06625001236666668
28566000 	0.04416667196666667
28569600 	0.014722221633333334
28573200 	0.6330556256333333
28576800 	0.4637499399333334
28580400 	1.0011110710666666
28584000 	0.5079166737333333
28587600 	0.062259015200000004
28591200 	0.0
28594800 	0.0
28598400 	0.0
28602000 	0.0
28605600 	0.058888900666666674
28609200 	0.0
28612800 	0.029444450333333337
28616400 	0.38277783666666665
28620000 	0.6109722039666666
28623600 	1.5899999876333333
28627200 	1.1188889466000003
28630800 	0.8097221386000001
28634400 	0.3327005305
28638000 	0.33861106399999996
28641600 	0.515277713
28645200 	0.640416755
28648800 	0.38277784726666664
28652400 	0.2208333315666667
28656000 	0.2797221615666667
28659600 	0.02944444326666667
28663200 	0.27236111170000005
28666800 	0.23555557263333332
28670400 	0.2502777819
28674000 	0.1913889059666667
28677600 	0.02944444326666667
28681200 	0.02944444326666667
28684800 	0.0
28688400 	0.0
28692000 	0.0
28695600 	0.014722221633333334
28699200 	0.0588888936
28702800 	1.0599999469999999
28706400 	0.9294594400333335
28710000 	0.7802777006333333
28713600 	0.10208793926666666
28717200 	0.12513889536666667
28720800 	0.0
28724400 	0.04416666666666667
28728000 	0.029444450333333337
28731600 	0.014722221633333334
28735200 	0.23555561326666663
28738800 	0.073611117
28742400 	0.5815277783666667
28746000 	0.8097224106666667
28749600 	0.4784722092666666
28753200 	0.5299999346333334
28756800 	0.02944444326666667
28760400 	0.0588888936
28764000 	0.0
28767600 	0.058888900666666674
28771200 	0.0
28774800 	0.0
28778400 	0.0
28782000 	0.0
28785600 	0.0
28789200 	0.7066666136666667
28792800 	1.2440277130000004
28796400 	1.0304221363
28800000 	0.6551388953666666
28803600 	0.11041667903333334
28807200 	0.029444450333333337
28810800 	0.0
28814400 	0.2502777766
28818000 	0.08833334393333334
28821600 	0.0
28825200 	0.5005556132666666
28828800 	0.26500001766666664
28832400 	0.2797222393
28836000 	0.5520833209666667
28839600 	0.6625000053
28843200 	0.22819445033333338
28846800 	0.05250424506666667
28850400 	0.058888900666666674
28854000 	0.0
28857600 	0.0
28861200 	0.0
28864800 	0.0
28868400 	0.0
28872000 	0.02944444326666667
28875600 	0.6624998816333335
28879200 	0.795
28882800 	1.1556945086333335
28886400 	0.5373611752999999
28890000 	0.058888900666666674
28893600 	0.0
28897200 	0.014722221633333334
28900800 	0.04416666666666667
28904400 	0.058888900666666674
28908000 	0.14722221633333332
28911600 	0.22083335629999998
28915200 	0.45638883
28918800 	0.23555555496666672
28922400 	0.4416666896333334
28926000 	0.5373611152333333
28929600 	0.6270656946000001
28933200 	0.02944444326666667
28936800 	0.058888900666666674
28940400 	0.0
28944000 	0.0
28947600 	0.0
28951200 	0.0
28954800 	0.058888900666666674
28958400 	0.0
28962000 	0.6919443266666666
28965600 	0.5079166666666667
28969200 	0.7949999470000001
28972800 	0.4399334854
28976400 	0.20611111699999995
28980000 	0.0
28983600 	0.2944445086333333
28987200 	0.17666666666666667
28990800 	0.22083339163333335
28994400 	0.2944443955666667
28998000 	0.2797222923
29001600 	1.0158334623
29005200 	0.3902022374333333
29008800 	0.2944443779
29012400 	0.11041667373333333
29016000 	0.4047167732666667
29019600 	0.1840277889666666
29023200 	0.058888900666666674
29026800 	0.0
29030400 	0.0
29034000 	0.0
29037600 	0.0
29041200 	0.02944444326666667
29044800 	0.0
29048400 	0.6477778013333333
29052000 	0.5152778295999999
29055600 	0.6551389006666666
29059200 	1.0056990673000001
29062800 	0.19875
29066400 	0.04416667196666667
29070000 	0.014722221633333334
29073600 	0.014722221633333334
29077200 	0.08833332626666666
29080800 	0.38277773066666665
29084400 	0.4563888335333333
29088000 	0.6625001113
29091600 	0.7361109933333333
29095200 	0.29444445033333333
29098800 	0.007361111700000001
29102400 	0.11777780133333335
29106000 	0.11777779426666667
29109600 	0.20611116999999998
29113200 	0.02944444326666667
29116800 	0.0
29120400 	0.0
29124000 	0.0
29127600 	0.029444450333333337
29131200 	0.08833334393333334
29134800 	0.33861112230000007
29138400 	1.1998611629333333
29142000 	1.3666062119333333
29145600 	0.4931943814333334
29149200 	0.6078994777333334
29152800 	0.287083351
29156400 	0.21347222693333337
29160000 	0.34597228699999993
29163600 	0.7508333333333334
29167200 	0.25763894660000003
29170800 	0.33124995230000004
29174400 	0.23555555496666672
29178000 	0.22083333863333338
29181600 	0.09569445033333335
29185200 	0.16194446623333336
29188800 	0.25027772360000006
29192400 	0.3403097882
29196000 	0.0
29199600 	0.0
29203200 	0.0
29206800 	0.0
29210400 	0.0
29214000 	0.0
29217600 	0.04416666666666667
29221200 	0.9569444503333334
29224800 	0.5373610534000001
29228400 	1.0231945086333336
29232000 	0.47847222693333324
29235600 	1.3544444892000003
29239200 	0.6072579109666667
29242800 	0.4343055655666666
29246400 	0.0670272291
29250000 	0.1398611223
29253600 	0.4416667249666666
29257200 	0.4858333916333333
29260800 	0.0588888936
29264400 	0.04416667196666667
29268000 	0.3091666772666667
29271600 	0.44166671790000006
29275200 	0.2944444432666667
29278800 	0.27978144736666666
29282400 	0.007361111700000001
29286000 	0.0
29289600 	0.0
29293200 	0.0
29296800 	0.0
29300400 	0.0
29304000 	0.0
29307600 	0.16194445033333332
29311200 	0.6602473887
29314800 	1.2881942083000002
29318400 	0.19875
29322000 	0.11041666666666665
29325600 	0.2208333333333333
29329200 	0.04416667196666667
29332800 	0.029444450333333337
29336400 	0.23555555496666672
29340000 	0.014722221633333334
29343600 	0.22083327326666674
29347200 	0.029444450333333337
29350800 	1.9874999399333335
29354400 	0.4122222287
29358000 	0.4122223046666666
29361600 	0.08805844176666665
29365200 	0.2944443849666667
29368800 	0.16194444326666665
29372400 	0.0
29376000 	0.029444450333333337
29379600 	0.0
29383200 	0.0
29386800 	0.014722221633333334
29390400 	0.0
29394000 	0.058888900666666674
29397600 	1.295555501966667
29401200 	0.8170834022333334
29404800 	0.7903811878000001
29408400 	0.35333333333333333
29412000 	0.0
29415600 	0.029444450333333337
29419200 	0.0
29422800 	0.1325000053
29426400 	0.17666666666666667
29430000 	0.10305557263333333
29433600 	0.4708281888666666
29437200 	0.9422223452999999
29440800 	0.3613620807333333
29444400 	0.5741666136666667
29448000 	0.30180555496666667
29451600 	0.2576388812333334
29455200 	0.0
29458800 	0.0
29462400 	0.0
29466000 	0.0
29469600 	0.0
29473200 	0.0
29476800 	0.10305556733333333
29480400 	0.22083328033333333
29484000 	0.3533333386333334
29487600 	1.1556946376000004
29491200 	0.4784722287
29494800 	0.3533333386333334
29498400 	0.0
29502000 	0.058888883
29505600 	0.25027778896666664
29509200 	0.04416667196666667
29512800 	0.058888900666666674
29516400 	0.5299999399333334
29520000 	0.42694452099999997
29523600 	0.7058795813333334
29527200 	0.7434722340000001
29530800 	0.19138888123333334
29534400 	0.25027777660000006
29538000 	0.2944444485666667
29541600 	0.014722221633333334
29545200 	0.0
29548800 	0.0
29552400 	0.0
29556000 	0.0
29559600 	0.0
29563200 	0.029444450333333337
29566800 	0.16194445563333335
29570400 	0.7581944379666666
29574000 	1.4869444909666667
29577600 	0.8150864576333333
29581200 	0.4195832679666667
29584800 	0.007361111700000001
29588400 	0.029444450333333337
29592000 	0.2355556203333333
29595600 	0.1325000053
29599200 	0.18586365596666668
29602800 	0.26500007066666664
29606400 	0.3974999982333333
29610000 	1.104166596
29613600 	0.2797222269333333
29617200 	0.11777778189999999
29620800 	0.331250053
29624400 	0.30916661190000005
29628000 	0.0
29631600 	0.0
29635200 	0.0
29638800 	0.02944444326666667
29642400 	0.02944444326666667
29646000 	0.0
29649600 	0.0
29653200 	0.42694450863333333
29656800 	0.6036111876666665
29660400 	1.8104744120333331
29664000 	0.7357146769999999
29667600 	0.02944444326666667
29671200 	0.014722221633333334
29674800 	0.058888900666666674
29678400 	0.014722221633333334
29682000 	0.4711112283
29685600 	0.029444450333333337
29689200 	0.3238888353
29692800 	0.08833333333333333
29696400 	0.6330554436666667
29700000 	0.30916667020000005
29703600 	0.7287499523000001
29707200 	0.5594444538666666
29710800 	0.07043793103333333
29714400 	0.0
29718000 	0.0
29721600 	0.0
29725200 	0.0
29728800 	0.0
29732400 	0.0
29736000 	0.20611111699999995
29739600 	0.37541660130000004
29743200 	0.7287501236666666
29746800 	1.0452777819000003
29750400 	1.1556943160666666
29754000 	0.3975000106
29757600 	0.6323492098333332
29761200 	0.06625001236666668
29764800 	0.338611117
29768400 	0.22819445033333333
29772000 	0.25027784196666664
29775600 	0.30459230733333337
29779200 	0.07361112229999998
29782800 	0.47111111699999997
29786400 	1.089444468
29790000 	0.3165277925
29793600 	0.2502777766
29797200 	0.4122221704
29800800 	0.0
29804400 	0.0
29808000 	0.0
29811600 	0.0
29815200 	0.0
29818800 	0.0
29822400 	0.0
29826000 	0.014722221633333334
29829600 	0.633055532
29833200 	1.6192720289666669
29836800 	0.3668965492000001
29840400 	0.36805557263333327
29844000 	0.6993057316333332
29847600 	0.21347221280000003
29851200 	0.05152778366666667
29854800 	0.7802778366666667
29858400 	0.5888889342333333
29862000 	0.0
29865600 	0.04416667196666667
29869200 	0.6772222799333332
29872800 	0.1840277766
29876400 	0.22196296296666665
29880000 	0.1758133013
29883600 	0.12513889359999997
29887200 	0.007361111700000001
29890800 	0.0
29894400 	0.0
29898000 	0.0
29901600 	0.0
29905200 	0.014722221633333334
29908800 	0.058888900666666674
29912400 	0.7066666719666667
29916000 	0.7581943902666667
29919600 	1.3102776794333333
29923200 	0.3950755379666666
29926800 	0.6183333386333334
29930400 	0.13250000529999997
29934000 	0.0441666649
29937600 	0.08097222693333332
29941200 	0.05888888653333334
29944800 	0.007361111700000001
29948400 	0.4343055090333334
29952000 	0.08890071599999999
29955600 	0.7361111152333334
29959200 	0.4932718197333333
29962800 	0.7802777818999999
29966400 	0.1472222269333333
29970000 	0.058888900666666674
29973600 	0.014722221633333334
29977200 	0.0
29980800 	0.0
29984400 	0.0
29988000 	0.0
29991600 	0.0
29995200 	0.14722221633333332
29998800 	0.9422222216333334
30002400 	0.7287500406333333
30006000 	0.4416666649
30009600 	0.8409816110333331
30013200 	0.3975000176666666
30016800 	0.3680554949
30020400 	0.264999947
30024000 	0.08833333863333334
30027600 	0.24291666136666665
30031200 	0.20611105163333338
30034800 	0.2650000106
30038400 	0.48583328563333333
30042000 	0.0588888936
30045600 	0.25027778896666664
30049200 	0.3533333969333334
30052800 	0.36069438496666667
30056400 	0.22083339163333335
30060000 	0.029444450333333337
30063600 	0.058888900666666674
30067200 	0.029444450333333337
30070800 	0.0
30074400 	0.0
30078000 	0.014722221633333334
30081600 	0.1913888883
30085200 	1.1041666543
30088800 	0.9422223576666668
30092400 	0.4637499929333333
30096000 	0.44166663133333334
30099600 	0.36805556556666663
30103200 	0.26500007066666664
30106800 	0.07361111523333333
30110400 	0.014722221633333334
30114000 	0.029444450333333337
30117600 	0.14722223929999997
30121200 	0.3975
30124800 	0.2563780430333334
30128400 	0.5300000582999999
30132000 	0.21347223399999998
30135600 	0.7287501289666667
30139200 	0.4269444556333333
30142800 	0.20611111699999995
30146400 	0.014722221633333334
30150000 	0.0
30153600 	0.0
30157200 	0.0
30160800 	0.0
30164400 	0.014722221633333334
30168000 	0.014722221633333334
30171600 	0.7581945033333335
30175200 	0.49319439733333337
30178800 	1.1466923243666665
30182400 	1.1975139943333333
30186000 	0.058888893600000006
30189600 	0.014722221633333334
30193200 	0.06625001236666668
30196800 	0.0
30200400 	0.23555556733333333
30204000 	0.07361112229999998
30207600 	0.48583328033333334
30211200 	0.5447221863
30214800 	0.3754166666666667
30218400 	0.3975000688999999
30222000 	0.7213887699333333
30225600 	0.40486110993333324
30229200 	0.014722221633333334
30232800 	0.06624999470000001
30236400 	0.058888900666666674
30240000 	0.0
30243600 	0.0
30247200 	0.0
30250800 	0.0
30254400 	0.014722221633333334
30258000 	0.7213888299999999
30261600 	0.6551389430666666
30265200 	0.7045566059333334
30268800 	0.610972234
30272400 	0.6625000759666666
30276000 	0.3680555726333333
30279600 	0.02944444326666667
30283200 	0.014722221633333334
30286800 	0.13250000529999997
30290400 	0.07361110463333333
30294000 	0.7213888299999999
30297600 	0.10305555496666664
30301200 	0.5888889413
30304800 	0.41884223963333345
30308400 	0.3975000865666666
30312000 	0.06625001236666668
30315600 	0.1913888883
30319200 	0.007213003200000001
30322800 	0.0
30326400 	0.0
30330000 	0.0
30333600 	0.0
30337200 	0.0
30340800 	0.0441666649
30344400 	0.6183332096666667
30348000 	1.2734721633333332
30351600 	0.9201389589666668
30355200 	0.7811759782
30358800 	0.7066666719666667
30362400 	0.06625
30366000 	0.6772221615666668
30369600 	0.5300000636
30373200 	0.4269443902666667
30376800 	0.23555554260000003
30380400 	0.3386111753
30384000 	0.48586212646666666
30387600 	0.07361111523333333
30391200 	0.11777778366666666
30394800 	0.17666667020000001
30398400 	0.39013895190000003
30402000 	0.029444450333333337
30405600 	0.02944444326666667
30409200 	0.0
30412800 	0.0
30416400 	0.0
30420000 	0.058888900666666674
30423600 	0.029444450333333337
30427200 	0.014722221633333334
30430800 	0.6330554313000001
30434400 	0.36069445563333324
30438000 	1.4206945616333335
30441600 	0.7158750704
30445200 	1.2513889766333333
30448800 	0.7061920057333332
30452400 	0.16930556556666668
30456000 	0.2502777836666667
30459600 	0.13250001060000002
30463200 	0.6330556256333333
30466800 	0.1913888883
30470400 	0.029444450333333337
30474000 	0.02944444326666667
30477600 	0.08833335100000002
30481200 	0.22083332626666663
30484800 	0.27972228699999996
30488400 	0.3238889059666667
30492000 	0.17666666666666667
30495600 	0.0
30499200 	0.0
30502800 	0.0
30506400 	0.058888900666666674
30510000 	0.0
30513600 	0.0588888883
30517200 	1.0231943973333335
30520800 	0.5023371782333333
30524400 	0.6036111117
30528000 	0.8686110569333333
30531600 	0.5152777306666667
30535200 	0.20611111699999995
30538800 	0.02944444326666667
30542400 	0.08833334393333334
30546000 	0.19138883
30549600 	0.27972216156666674
30553200 	0.6624999646666666
30556800 	0.05888888653333334
30560400 	0.17666666666666667
30564000 	0.7066666666666667
30567600 	0.5005555426
30571200 	0.18370777143333336
30574800 	0.6772223329333333
30578400 	0.0
30582000 	0.0
30585600 	0.058888900666666674
30589200 	0.0
30592800 	0.0
30596400 	0.0
30600000 	0.117777766
30603600 	0.6772221633333335
30607200 	0.7581944379666666
30610800 	0.8244444803666666
30614400 	0.6676811669333333
30618000 	0.07361112229999998
30621600 	0.04416667196666667
30625200 	0.014722221633333334
30628800 	0.02944444326666667
30632400 	0.28708333333333336
30636000 	0.11777778896666666
30639600 	0.05888889006666668
30643200 	0.3975
30646800 	0.5005556079666666
30650400 	0.6590422428999999
30654000 	0.3362518714666667
30657600 	0.3091667355666667
30661200 	0.014722221633333334
30664800 	0.10305555496666664
30668400 	0.0
30672000 	0.0
30675600 	0.0
30679200 	0.0
30682800 	0.058888900666666674
30686400 	0.13250000529999997
30690000 	0.7066667373333333
30693600 	1.05263883
30697200 	0.7802778066333332
30700800 	0.48583328033333334
30704400 	0.1104166649
30708000 	0.13250000529999997
30711600 	0.14722222163333332
30715200 	0.05152778366666667
30718800 	0.014722221633333334
30722400 	0.2571166333666666
30726000 	0.265
30729600 	0.07361112229999998
30733200 	0.9127777235999999
30736800 	0.287083404
30740400 	0.36069440263333336
30744000 	0.3827777836666667
30747600 	0.5594445086333333
30751200 	0.014722221633333334
30754800 	0.058888900666666674
30758400 	0.0
30762000 	0.0
30765600 	0.0
30769200 	0.0
30772800 	0.02944444326666667
30776400 	0.9127776652999999
30780000 	1.5451608516666666
30783600 	0.7508332856333334
30787200 	0.9638418279333335
30790800 	0.06625
30794400 	0.007361111700000001
30798000 	0.04416667196666667
30801600 	0.04416667196666667
30805200 	0.11777779426666668
30808800 	0.0441666649
30812400 	0.08833333333333333
30816000 	0.21347221633333335
30819600 	1.0158332874
30823200 	0.3018055620333333
30826800 	0.11777778896666666
30830400 	0.031246740066666667
30834000 	0.1766666596
30837600 	0.014722223400000001
30841200 	0.0
30844800 	0.0
30848400 	0.058888900666666674
30852000 	0.0
30855600 	0.0
30859200 	0.04416667196666667
30862800 	0.3238888936
30866400 	0.8759722339999999
30870000 	1.0084721986666667
30873600 	0.7434721562666666
30877200 	0.3238888229333334
30880800 	0.17666666666666667
30884400 	0.08833335100000002
30888000 	0.0
30891600 	0.029444450333333337
30895200 	0.30916666666666665
30898800 	0.9274999399333335
30902400 	0.30916666666666665
30906000 	0.2650000035333333
30909600 	1.0820833333333333
30913200 	0.14722222163333332
30916800 	0.1025404356
30920400 	0.07361110463333333
30924000 	0.058888900666666674
30927600 	0.0
30931200 	0.0
30934800 	0.0
30938400 	0.0
30942000 	0.058888900666666674
30945600 	0.073611117
30949200 	0.08833335100000002
30952800 	1.0673612053333332
30956400 	1.1115277359666669
30960000 	1.0379167603
30963600 	0.6538179869666667
30967200 	0.5226389006666667
30970800 	0.24291661366666667
30974400 	0.6036110463333334
30978000 	0.3125361257666666
30981600 	0.36805563799999996
30985200 	0.10074386279999999
30988800 	0.3680555602666667
30992400 	0.42694433196666665
30996000 	0.08833334393333334
30999600 	0.8833333510000001
31003200 	0.1619444574
31006800 	0.19875000706666668
31010400 	0.0
31014000 	0.0
31017600 	0.0
31021200 	0.0
31024800 	0.0
31028400 	0.014722221633333334
31032000 	0.14722221633333332
31035600 	0.544722287
31039200 	0.42694439733333334
31042800 	0.7140277836666667
31046400 	0.8833332273333334
31050000 	0.44166668963333333
31053600 	0.7275335793333333
31057200 	0.4711111823666666
31060800 	0.48583340399999997
31064400 	0.5005556132666665
31068000 	0.3386111752999999
31071600 	0.4563889589666666
31075200 	0.265
31078800 	0.38277784196666664
31082400 	0.5520832732666666
31086000 	0.13986111699999998
31089600 	0.08833335100000002
31093200 	0.3827777236
31096800 	0.04416666666666667
31100400 	0.0
31104000 	0.0
31107600 	0.0
31111200 	0.0
31114800 	0.0
31118400 	0.07361110463333333
31122000 	0.44902777659999993
31125600 	0.7647195577000001
31129200 	0.7287500635999999
31132800 	0.4416666896333334
31136400 	0.11777779603333333
31140000 	0.2355556203333333
31143600 	0.11777778366666666
31147200 	0.03680555496666666
31150800 	0.0588888883
31154400 	0.22083339163333335
31158000 	0.2944445033333333
31161600 	0.6183333863333332
31165200 	0.20611110993333334
31168800 	0.8054573946666668
31172400 	0.22083333863333338
31176000 	0.6919445033333332
31179600 	0.5309798516333334
31183200 	0.08833333863333334
31186800 	0.0
31190400 	0.0
31194000 	0.0
31197600 	0.0
31201200 	0.0
31204800 	0.08833333333333333
31208400 	0.22083328033333333
31212000 	1.4427776547000002
31215600 	1.030555585
31219200 	0.49240518140000006
31222800 	0.24291666666666664
31226400 	0.08833333686666667
31230000 	0.02944444326666667
31233600 	0.08833334393333334
31237200 	0.0588888936
31240800 	0.029444450333333337
31244400 	0.27972228699999996
31248000 	0.28686033406666667
31251600 	0.3680555072666667
31255200 	0.4122221686333333
31258800 	0.48583333863333333
31262400 	0.10305556203333331
31266000 	0.2723611099333334
31269600 	0.029444450333333337
31273200 	0.0
31276800 	0.0
31280400 	0.0
31284000 	0.0
31287600 	0.02944444326666667
31291200 	0.0
31294800 	1.3029166136666666
31298400 	0.9643055602666667
31302000 	0.9643055620333334
31305600 	0.3974999929333333
31309200 	0.08097222693333332
31312800 	0.2797222764
31316400 	0.08833332626666666
31320000 	0.05152778366666667
31323600 	0.058888900666666674
31327200 	0.36805562563333327
31330800 	0.29444445033333333
31334400 	0.06607708926666667
31338000 	0.07361111523333333
31341600 	0.4858333439333333
31345200 	1.3029167196666667
31348800 	0.1398611099333333
31352400 	0.058888900666666674
31356000 	0.0
31359600 	0.0
31363200 	0.014722221633333334
31366800 	0.0
31370400 	0.014722221633333334
31374000 	0.11777778366666666
31377600 	0.058888883
31381200 	0.7213888299999999
31384800 	1.1483331443
31388400 	0.949583404
31392000 	0.47847229229999994
31395600 	0.30916667196666664
31399200 	0.49319451393333336
31402800 	0.04416666666666667
31406400 	0.05152778366666667
31410000 	0.20611116999999998
31413600 	0.02944444503333334
31417200 	0.2797221686333333
31420800 	0.45638888829999996
31424400 	0.06567306143333333
31428000 	0.39750000529999996
31431600 	0.5815276582333334
31435200 	0.3606943920333333
31438800 	0.029444450333333337
31442400 	0.0
31446000 	0.0
31449600 	0.0
31453200 	0.0
31456800 	0.0
31460400 	0.0
31464000 	0.08833333333333333
31467600 	0.36805549666666665
31471200 	0.8097221456666668
31474800 	1.1041667956333334
31478400 	0.9348612106333332
31482000 	0.39013883
31485600 	0.17666666666666667
31489200 	0.08833335100000002
31492800 	0.30916673733333333
31496400 	0.0
31500000 	0.2870833333333333
31503600 	0.22950555019999996
31507200 	0.17666667196666666
31510800 	0.3827778419666667
31514400 	0.7066668009333332
31518000 	0.5152777889666668
31521600 	0.20611112230000003
31525200 	0.29444439026666663
31528800 	0.0
31532400 	0.0
